{"database_name":"test","table_name":"t2","columns":{"c2":{"histogram":{"ndv":1985,"buckets":[{"count":7,"lower_bound":"LTIxNDY2NzAyNjQ=","upper_bound":"LTIxMzc0MjM2NjM=","repeats":1},{"count":13,"lower_bound":"LTIxMzUyODU3NTg=","upper_bound":"LTIxMjM0MDQ4ODk=","repeats":1},{"count":19,"lower_bound":"LTIxMjEzMjQ0NjU=","upper_bound":"LTIxMTgxOTg4Njc=","repeats":1},{"count":25,"lower_bound":"LTIxMTQ4NjY3Njg=","upper_bound":"LTIxMTAzNDgwNDQ=","repeats":1},{"count":33,"lower_bound":"LTIxMTAwMDAyNTQ=","upper_bound":"LTIwOTk1NjY4NDg=","repeats":1},{"count":41,"lower_bound":"LTIwOTg1MTY4NzA=","upper_bound":"LTIwODUwOTAzOTU=","repeats":1},{"count":49,"lower_bound":"LTIwODM4NzU3MDc=","upper_bound":"LTIwNjkwNzg3NTY=","repeats":1},{"count":57,"lower_bound":"LTIwNjYzODk2NDg=","upper_bound":"LTIwNTE0NTY2NDM=","repeats":1},{"count":65,"lower_bound":"LTIwNDk2OTg2MDc=","upper_bound":"LTIwMjIwOTQ5NjA=","repeats":1},{"count":73,"lower_bound":"LTIwMTgzMjQxNjQ=","upper_bound":"LTE5OTI0OTc4NTc=","repeats":1},{"count":81,"lower_bound":"LTE5OTE5NjQyNzg=","upper_bound":"LTE5ODY0NDcxNzQ=","repeats":1},{"count":89,"lower_bound":"LTE5ODUyNTIwOTE=","upper_bound":"LTE5NjE4MTczMzE=","repeats":1},{"count":97,"lower_bound":"LTE5NjExNTA5NTM=","upper_bound":"LTE5NDYzMzM4MzI=","repeats":1},{"count":105,"lower_bound":"LTE5NDUwNDA5NzA=","upper_bound":"LTE5Mjg1NTQ3MDU=","repeats":1},{"count":113,"lower_bound":"LTE5MjUxMTQ4MjI=","upper_bound":"LTE5MDM1ODE3MTY=","repeats":1},{"count":121,"lower_bound":"LTE5MDM0OTQ1MjY=","upper_bound":"LTE5MDA4MjUwNzU=","repeats":1},{"count":129,"lower_bound":"LTE4OTgyNjk3OTQ=","upper_bound":"LTE4ODk0Njc3OTc=","repeats":1},{"count":136,"lower_bound":"LTE4ODgxODQ4NTY=","upper_bound":"LTE4NzE3MzMxNDk=","repeats":1},{"count":142,"lower_bound":"LTE4NjkyNDQyMDg=","upper_bound":"LTE4NjE2MTY2Njg=","repeats":1},{"count":148,"lower_bound":"LTE4NTc4OTAzMzE=","upper_bound":"LTE4NTAwNTc2NjM=","repeats":1},{"count":154,"lower_bound":"LTE4NDEzNzQ0ODM=","upper_bound":"LTE4MzEwMDA0NjU=","repeats":1},{"count":160,"lower_bound":"LTE4MzAwOTcyMDQ=","upper_bound":"LTE4MjIxNDEzMTg=","repeats":1},{"count":168,"lower_bound":"LTE4MTk4NTk2NTQ=","upper_bound":"LTE3ODIzMDY5MzY=","repeats":1},{"count":176,"lower_bound":"LTE3NzkyMjY0OTk=","upper_bound":"LTE3NTk4NTM0NTk=","repeats":1},{"count":184,"lower_bound":"LTE3NTk2NzI5NjY=","upper_bound":"LTE3NDI3MzU2NjE=","repeats":1},{"count":192,"lower_bound":"LTE3MzYyNzQ2NDc=","upper_bound":"LTE3MTkwMzQ3OTI=","repeats":1},{"count":200,"lower_bound":"LTE3MTcyNjY2Mzk=","upper_bound":"LTE3MDk1ODQ3NTI=","repeats":1},{"count":208,"lower_bound":"LTE2OTI4MzA4ODc=","upper_bound":"LTE2ODE1MjU5NjI=","repeats":1},{"count":216,"lower_bound":"LTE2Nzk3Nzg3MDM=","upper_bound":"LTE2NzAzOTY0NjM=","repeats":1},{"count":224,"lower_bound":"LTE2NjgwOTIzOTE=","upper_bound":"LTE2NDIxMjk4MjY=","repeats":1},{"count":232,"lower_bound":"LTE2Mjk4ODA3NDE=","upper_bound":"LTE2MjEwNjMwODM=","repeats":1},{"count":240,"lower_bound":"LTE2MTYzMTE5MzA=","upper_bound":"LTE2MTA5MjI0NDk=","repeats":1},{"count":248,"lower_bound":"LTE2MDg1OTQ3NDY=","upper_bound":"LTE2MDQ5MzY3MjI=","repeats":1},{"count":256,"lower_bound":"LTE2MDI5MDE4NDY=","upper_bound":"LTE1ODU4MDkzNzc=","repeats":1},{"count":264,"lower_bound":"LTE1ODMyOTg3NzE=","upper_bound":"LTE1NzAwNzkyNzk=","repeats":1},{"count":271,"lower_bound":"LTE1NjY1Njg3MTA=","upper_bound":"LTE1NjMxNDIzNzE=","repeats":1},{"count":277,"lower_bound":"LTE1NTMwODU5ODU=","upper_bound":"LTE1NDU3NzA0NTQ=","repeats":1},{"count":283,"lower_bound":"LTE1Mzk5MTM5MjI=","upper_bound":"LTE1MzU0MTQ2NTQ=","repeats":1},{"count":289,"lower_bound":"LTE1MTY3ODY1ODk=","upper_bound":"LTE0OTY4NDEwMTQ=","repeats":1},{"count":297,"lower_bound":"LTE0OTIyODQ5OTI=","upper_bound":"LTE0ODY3OTIzNjM=","repeats":1},{"count":305,"lower_bound":"LTE0ODYzMDM1MTQ=","upper_bound":"LTE0NzAwODA2NjY=","repeats":1},{"count":313,"lower_bound":"LTE0Njg3MDA3OTU=","upper_bound":"LTE0NjA4MzM1MTU=","repeats":1},{"count":321,"lower_bound":"LTE0NTgwNTE0OTI=","upper_bound":"LTE0NDc4NjU5NjE=","repeats":1},{"count":329,"lower_bound":"LTE0NDE2MDQ4ODY=","upper_bound":"LTE0Mzg0ODI1NzQ=","repeats":1},{"count":337,"lower_bound":"LTE0Mjk4MDIxODA=","upper_bound":"LTE0MTIzMTc2NTE=","repeats":1},{"count":345,"lower_bound":"LTE0MTExNzUwMjY=","upper_bound":"LTEzOTM1NjkwODY=","repeats":1},{"count":353,"lower_bound":"LTEzOTIxNjcxNTU=","upper_bound":"LTEzNzY1MzYxMTI=","repeats":1},{"count":361,"lower_bound":"LTEzNjEzODk1NjQ=","upper_bound":"LTEzMzQ2OTM1MDI=","repeats":1},{"count":369,"lower_bound":"LTEzMjk5NjQwOTI=","upper_bound":"LTEzMTc2MDgyMzI=","repeats":1},{"count":377,"lower_bound":"LTEzMTU1MDQxMjQ=","upper_bound":"LTEyOTYxNTkxMzI=","repeats":1},{"count":385,"lower_bound":"LTEyNzU4MDY0NTQ=","upper_bound":"LTEyNTg3NTg0NTQ=","repeats":1},{"count":393,"lower_bound":"LTEyNTc3MDEyMTg=","upper_bound":"LTEyNTAzMjU1NTg=","repeats":1},{"count":400,"lower_bound":"LTEyMzkxMDU2NzU=","upper_bound":"LTEyMjE0Mjg5NDU=","repeats":1},{"count":406,"lower_bound":"LTEyMTYxMjUyOTA=","upper_bound":"LTEyMDE0NDIwODI=","repeats":1},{"count":412,"lower_bound":"LTExOTYwNTc4NTk=","upper_bound":"LTExODc4NzUzODU=","repeats":1},{"count":418,"lower_bound":"LTExODczMTMxODE=","upper_bound":"LTExNjA4MDA0OTM=","repeats":1},{"count":424,"lower_bound":"LTExNDA4NDE1NTA=","upper_bound":"LTExMjgxMDI1MzE=","repeats":1},{"count":432,"lower_bound":"LTExMjY4MTUyMTU=","upper_bound":"LTExMjM4NDA4ODY=","repeats":1},{"count":440,"lower_bound":"LTExMTg2OTQ4MTM=","upper_bound":"LTEwOTA1MjQ1Mjk=","repeats":1},{"count":448,"lower_bound":"LTEwODg5OTA2NzU=","upper_bound":"LTEwNzQ0NDk5Mjg=","repeats":1},{"count":456,"lower_bound":"LTEwNDcyMzQwMzQ=","upper_bound":"LTEwNDQ4ODg2NDg=","repeats":1},{"count":464,"lower_bound":"LTEwNDQ3MDg5Nzc=","upper_bound":"LTEwMjc0MDQzMjc=","repeats":1},{"count":472,"lower_bound":"LTEwMjIwNjA5ODY=","upper_bound":"LTEwMTE5MzU5MTY=","repeats":1},{"count":480,"lower_bound":"LTEwMDkxNjQyNjE=","upper_bound":"LTk5NDU1MTQyMA==","repeats":1},{"count":488,"lower_bound":"LTk5MDc2MjA3MA==","upper_bound":"LTk4MjQ4MDk4NA==","repeats":1},{"count":496,"lower_bound":"LTk4MjQzNDM5MQ==","upper_bound":"LTk2MjA0MjAxNg==","repeats":1},{"count":504,"lower_bound":"LTk2MTUzNDA3Ng==","upper_bound":"LTk1Nzk0MjY3OA==","repeats":1},{"count":512,"lower_bound":"LTk1MDk1MTYxNg==","upper_bound":"LTk0MjM4MjU4NA==","repeats":1},{"count":520,"lower_bound":"LTkzNjYzODcwOQ==","upper_bound":"LTkxMDg2NzUyOQ==","repeats":1},{"count":528,"lower_bound":"LTkxMDI5NjY0OQ==","upper_bound":"LTg5NzIyNjk5MQ==","repeats":1},{"count":535,"lower_bound":"LTg5NjM2MjA5Nw==","upper_bound":"LTg3NDQzMzg3MQ==","repeats":1},{"count":541,"lower_bound":"LTg3MjU1OTk1Mg==","upper_bound":"LTg2NjMwMzkxNg==","repeats":1},{"count":547,"lower_bound":"LTg2MzgyNTA5Mg==","upper_bound":"LTg1NDA2NTIwMA==","repeats":1},{"count":553,"lower_bound":"LTg0OTMwNTI1NQ==","upper_bound":"LTgzNjc3MDcwMQ==","repeats":1},{"count":559,"lower_bound":"LTgzNDYxMTkyMg==","upper_bound":"LTgyMjMxNjQ0NQ==","repeats":1},{"count":567,"lower_bound":"LTgxNzc2MjMyMg==","upper_bound":"LTgwNDEyNjAzMg==","repeats":1},{"count":575,"lower_bound":"LTgwMDQ5ODA0MQ==","upper_bound":"LTc3NzUxMjg3OQ==","repeats":1},{"count":583,"lower_bound":"LTc3NjM5MTIyNQ==","upper_bound":"LTc2MzgwODU0OQ==","repeats":1},{"count":591,"lower_bound":"LTc2MjkxMzkzMA==","upper_bound":"LTc1MzM2OTM5MQ==","repeats":1},{"count":599,"lower_bound":"LTc1MjIwNDM3NA==","upper_bound":"LTc0NDUzNzk1Nw==","repeats":1},{"count":607,"lower_bound":"LTczOTgyODc3OQ==","upper_bound":"LTczMDExNDQ4Mg==","repeats":1},{"count":615,"lower_bound":"LTcyMjcwMzQ1OQ==","upper_bound":"LTcwMDA3NTc5OQ==","repeats":1},{"count":623,"lower_bound":"LTY5NDE2MzgyNQ==","upper_bound":"LTY4MDE1ODgwNw==","repeats":1},{"count":631,"lower_bound":"LTY1ODc2NTczMw==","upper_bound":"LTY1MTY1MTA0OQ==","repeats":1},{"count":639,"lower_bound":"LTYzOTc2OTMyOA==","upper_bound":"LTYzMzkzMzUyMQ==","repeats":1},{"count":647,"lower_bound":"LTYzMzIzODc1OQ==","upper_bound":"LTYwOTI2Nzc3MQ==","repeats":1},{"count":655,"lower_bound":"LTYwMjI5MDc1OA==","upper_bound":"LTU3MDEyMDI5Ng==","repeats":1},{"count":662,"lower_bound":"LTU2Mzk1Mzk1Nw==","upper_bound":"LTU1NDEyNzY2OQ==","repeats":1},{"count":668,"lower_bound":"LTU1NDA5NzMxMQ==","upper_bound":"LTU0NzI4ODU0Mg==","repeats":1},{"count":674,"lower_bound":"LTU0NTkxMDYyNA==","upper_bound":"LTU0MjU5ODU0Mw==","repeats":1},{"count":680,"lower_bound":"LTU0MDIyMTE4Nw==","upper_bound":"LTUyODgzMTE4MQ==","repeats":1},{"count":686,"lower_bound":"LTUyNzkwMTEzNw==","upper_bound":"LTUyMjI5OTM1Ng==","repeats":1},{"count":694,"lower_bound":"LTUyMTQyMjEzNA==","upper_bound":"LTUwMzgzMDY1NA==","repeats":1},{"count":702,"lower_bound":"LTUwMjc1MTc1MQ==","upper_bound":"LTQ4OTUxNzk1MA==","repeats":1},{"count":710,"lower_bound":"LTQ4NDkwMDYyNQ==","upper_bound":"LTQ2NTY1NjQxNQ==","repeats":1},{"count":718,"lower_bound":"LTQ2NDE4NjAyMQ==","upper_bound":"LTQ2MjM0NjgyMQ==","repeats":1},{"count":726,"lower_bound":"LTQ1MzgyNzA5Mw==","upper_bound":"LTQ0OTM5MTEwMg==","repeats":1},{"count":734,"lower_bound":"LTQ0NDM1NDcxMA==","upper_bound":"LTQzMjI3NjMyOA==","repeats":1},{"count":742,"lower_bound":"LTQwOTAwMDcwMg==","upper_bound":"LTQwNDg1NTI4MA==","repeats":1},{"count":750,"lower_bound":"LTQwNDEzMjIwOA==","upper_bound":"LTM5NTQ4MzczMw==","repeats":1},{"count":758,"lower_bound":"LTM4OTAyMjk0OQ==","upper_bound":"LTM4NTU3NTc4NQ==","repeats":1},{"count":766,"lower_bound":"LTM3OTM2NDY2MQ==","upper_bound":"LTM2MTAxNDU0OA==","repeats":1},{"count":774,"lower_bound":"LTM1OTU2ODA5Ng==","upper_bound":"LTM0NjAzNjc5OA==","repeats":1},{"count":782,"lower_bound":"LTM0NTU4MzU0Mw==","upper_bound":"LTMzODcwMDAyNA==","repeats":1},{"count":790,"lower_bound":"LTMzNjQ1NjY2Nw==","upper_bound":"LTMyMjQwNDg3Mw==","repeats":1},{"count":797,"lower_bound":"LTMyMjA4NDcwMg==","upper_bound":"LTMxNTg4NTE1OA==","repeats":1},{"count":803,"lower_bound":"LTMxMTQ2NTQwMg==","upper_bound":"LTMwNTM3NTI0NQ==","repeats":1},{"count":809,"lower_bound":"LTI5OTcwNzMwNw==","upper_bound":"LTI5ODc0NDYxMQ==","repeats":1},{"count":815,"lower_bound":"LTI5ODE3NDg5Ng==","upper_bound":"LTI5MDE0MzY2OQ==","repeats":1},{"count":821,"lower_bound":"LTI4MTExMjQwMw==","upper_bound":"LTI3NTY0MjI3Mw==","repeats":1},{"count":829,"lower_bound":"LTI3NDg4MzI2OQ==","upper_bound":"LTI1MjcyMTkwOQ==","repeats":1},{"count":837,"lower_bound":"LTI1MDgyNTI4Ng==","upper_bound":"LTI0MDM5MDQ1Ng==","repeats":1},{"count":845,"lower_bound":"LTIyOTM2NDY3NA==","upper_bound":"LTIyMDQ3ODkyOQ==","repeats":1},{"count":853,"lower_bound":"LTIyMDE1OTM1Mg==","upper_bound":"LTIwNDgyODY5Mg==","repeats":1},{"count":861,"lower_bound":"LTE5MDY4NjQxMA==","upper_bound":"LTE3MDcyMTc3Mw==","repeats":1},{"count":869,"lower_bound":"LTE1Mzc1NzU5OA==","upper_bound":"LTEzMTYxMjIyNA==","repeats":1},{"count":877,"lower_bound":"LTEyNjcxMjczMg==","upper_bound":"LTExNjUyNjY1Mg==","repeats":1},{"count":885,"lower_bound":"LTExMjIzNTY4OQ==","upper_bound":"LTEwNTcxMzU4Mw==","repeats":1},{"count":893,"lower_bound":"LTEwNDg2OTU5Nw==","upper_bound":"LTkxNTk3MDA3","repeats":1},{"count":901,"lower_bound":"LTkwNTI4ODg2","upper_bound":"LTgxODI5MTgz","repeats":1},{"count":909,"lower_bound":"LTc2MTk4MzUx","upper_bound":"LTU5ODQ2NzEw","repeats":1},{"count":917,"lower_bound":"LTU3NDM1NTA0","upper_bound":"LTQ1NTY3NDYx","repeats":1},{"count":925,"lower_bound":"LTQyNzA2MzE1","upper_bound":"LTIyNTAwNDM2","repeats":1},{"count":932,"lower_bound":"LTE4MzE4MTE1","upper_bound":"LTg2NzE5NzM=","repeats":1},{"count":938,"lower_bound":"LTEwMjU4Njg=","upper_bound":"MTUzMDQ1OTk=","repeats":1},{"count":944,"lower_bound":"MTczODI0ODY=","upper_bound":"MjIyMDI3OTc=","repeats":1},{"count":950,"lower_bound":"MjQ3MjA5MDU=","upper_bound":"Mjk5NjkwOTc=","repeats":1},{"count":956,"lower_bound":"MzU1NTk1NDg=","upper_bound":"Mzk0ODg1ODM=","repeats":1},{"count":964,"lower_bound":"NDI0NjkzMDc=","upper_bound":"NjQ5ODE1NDA=","repeats":1},{"count":972,"lower_bound":"NzcxNDc0MDY=","upper_bound":"ODY1NDg4NzU=","repeats":1},{"count":980,"lower_bound":"ODg5Njk4Mjk=","upper_bound":"MTA5Nzg5OTk4","repeats":1},{"count":988,"lower_bound":"MTE1ODc2OTIz","upper_bound":"MTI5MzEwODM3","repeats":1},{"count":996,"lower_bound":"MTI5ODM2MTk0","upper_bound":"MTM3NjcxMzgw","repeats":1},{"count":1004,"lower_bound":"MTQwMDAyMzY0","upper_bound":"MTUzNzUyMzg3","repeats":1},{"count":1012,"lower_bound":"MTU3NzM0NTkx","upper_bound":"MTY5Mjc0MTY4","repeats":1},{"count":1020,"lower_bound":"MTcxMjU0MjE3","upper_bound":"MTg0MzI0NDc4","repeats":1},{"count":1028,"lower_bound":"MTg4NzE3NzQ4","upper_bound":"MjAyODE1NDY5","repeats":1},{"count":1036,"lower_bound":"MjAzMzI2MTEy","upper_bound":"MjE3NTU2OTk1","repeats":1},{"count":1044,"lower_bound":"MjE3OTk0OTE4","upper_bound":"MjMxMjUxMDM4","repeats":1},{"count":1052,"lower_bound":"MjMzNTg5MTEy","upper_bound":"Mjc1MTA5MTk4","repeats":1},{"count":1059,"lower_bound":"Mjc5MDEzNjE2","upper_bound":"Mjk1NTM2ODk2","repeats":1},{"count":1065,"lower_bound":"MzAwMDQyMjc4","upper_bound":"MzA3ODk3MTYz","repeats":1},{"count":1071,"lower_bound":"MzEzNTc1OTM3","upper_bound":"MzE5MTkwNTI4","repeats":1},{"count":1077,"lower_bound":"MzIxMjE5ODA1","upper_bound":"MzIxNjE1ODk5","repeats":1},{"count":1083,"lower_bound":"MzI4NTczODM3","upper_bound":"MzM1ODUzOTMx","repeats":1},{"count":1091,"lower_bound":"MzM4ODAwNzYx","upper_bound":"MzQxNDEwODI1","repeats":1},{"count":1099,"lower_bound":"MzQ3NDM2MTMz","upper_bound":"MzUxNzM1MTgx","repeats":1},{"count":1107,"lower_bound":"MzU1NjEzMzc0","upper_bound":"MzY1NDAyODAx","repeats":1},{"count":1115,"lower_bound":"MzY4NzYzNjg5","upper_bound":"Mzc4MTI5NjM3","repeats":1},{"count":1123,"lower_bound":"Mzg5NzQxNDE0","upper_bound":"Mzk5MzI1Nzkx","repeats":1},{"count":1131,"lower_bound":"NDAzNDMzMTA4","upper_bound":"NDE1NjI1OTA2","repeats":1},{"count":1139,"lower_bound":"NDE4MDk0NzU3","upper_bound":"NDMwMTQ5OTgw","repeats":1},{"count":1147,"lower_bound":"NDMyNTYyMTA3","upper_bound":"NDM2MDkwOTc5","repeats":1},{"count":1155,"lower_bound":"NDM3NTk0MDM1","upper_bound":"NDQ3NDc4OTAz","repeats":1},{"count":1163,"lower_bound":"NDQ4NjE4MTc1","upper_bound":"NDc4NjE4MDg0","repeats":1},{"count":1171,"lower_bound":"NDg0NTYxMzc1","upper_bound":"NTA1MDAxMDgz","repeats":1},{"count":1179,"lower_bound":"NTExMjIxNDkw","upper_bound":"NTE1Nzc1MjY2","repeats":1},{"count":1187,"lower_bound":"NTIwMjgyODA1","upper_bound":"NTI3OTczMTU2","repeats":1},{"count":1194,"lower_bound":"NTMxMzkxNzI2","upper_bound":"NTQ0NDE0MzQ2","repeats":1},{"count":1200,"lower_bound":"NTU3Mzg5MTIy","upper_bound":"NTYwMzI2NTk4","repeats":1},{"count":1206,"lower_bound":"NTYyNjIyNTkw","upper_bound":"NTcyMzU1MTUz","repeats":1},{"count":1212,"lower_bound":"NTc2MDE2NzQ5","upper_bound":"NTk0MzUzOTI1","repeats":1},{"count":1218,"lower_bound":"NTk3MjU1OTQz","upper_bound":"NTk5MzcwMTIy","repeats":1},{"count":1226,"lower_bound":"NjAwMTgzNjc3","upper_bound":"NjIwODMwNjY3","repeats":1},{"count":1234,"lower_bound":"NjIxNzYyNDE4","upper_bound":"NjMyMjEyMDAw","repeats":1},{"count":1242,"lower_bound":"NjM5OTE2MjY4","upper_bound":"NjQ1NzI1NjQy","repeats":1},{"count":1250,"lower_bound":"NjUwNzQ4OTgy","upper_bound":"NjcyOTkzMTc4","repeats":1},{"count":1258,"lower_bound":"NjczMDQ3Njcx","upper_bound":"Njk4MzgxODIz","repeats":1},{"count":1266,"lower_bound":"Njk4OTIwOTE1","upper_bound":"NzA5NDQ1ODQw","repeats":1},{"count":1274,"lower_bound":"NzEzNzkxNjA0","upper_bound":"NzI1MzQzNDk4","repeats":1},{"count":1282,"lower_bound":"NzMyMDkyNDgw","upper_bound":"NzQyOTU0NTMx","repeats":1},{"count":1290,"lower_bound":"NzQ5NTE3NTg1","upper_bound":"NzYzNzM5MDUx","repeats":1},{"count":1298,"lower_bound":"NzY2OTAxNTI4","upper_bound":"Nzc2NjA5ODUy","repeats":1},{"count":1306,"lower_bound":"Nzg1MTA5MTk1","upper_bound":"Nzk1MDA4Njc3","repeats":1},{"count":1314,"lower_bound":"Nzk2Mzc5MjQ1","upper_bound":"ODEyODI0MzMz","repeats":1},{"count":1322,"lower_bound":"ODEzMDU4ODky","upper_bound":"ODI0NTc2Mzc5","repeats":1},{"count":1329,"lower_bound":"ODI5NjUyOTY5","upper_bound":"ODM4MjUyNzgy","repeats":1},{"count":1335,"lower_bound":"ODM5MTgwMjky","upper_bound":"ODQ5MDA0NDA3","repeats":1},{"count":1341,"lower_bound":"ODUxNzY0NzM4","upper_bound":"ODYwODM1MjY3","repeats":1},{"count":1347,"lower_bound":"ODYzMDQzMDUw","upper_bound":"ODY1MjM3ODEz","repeats":1},{"count":1353,"lower_bound":"ODcxNDE2MjEw","upper_bound":"ODc0MDI4Nzk4","repeats":1},{"count":1361,"lower_bound":"ODgzOTcxMjY4","upper_bound":"ODk2MTgyMzg1","repeats":1},{"count":1369,"lower_bound":"ODk4MzE4Nzk3","upper_bound":"OTEwNTU5Njkw","repeats":1},{"count":1377,"lower_bound":"OTE1NDMzNzM1","upper_bound":"OTI1NzE5NzUx","repeats":1},{"count":1385,"lower_bound":"OTI3MjA5NDM4","upper_bound":"OTQ1ODg1ODIx","repeats":1},{"count":1393,"lower_bound":"OTQ3MjYyNzM2","upper_bound":"OTcyOTY0NTM4","repeats":1},{"count":1401,"lower_bound":"OTc4Nzg1NTMw","upper_bound":"OTg0MDgzNzY4","repeats":1},{"count":1409,"lower_bound":"OTg1NzQ5OTY5","upper_bound":"OTk0NTM1NjQ1","repeats":1},{"count":1417,"lower_bound":"MTAwMTQwNjMyNA==","upper_bound":"MTAxMTY2MzAwMQ==","repeats":1},{"count":1425,"lower_bound":"MTAxMjUxMDE2Mw==","upper_bound":"MTAxNTg1ODI5Mw==","repeats":1},{"count":1433,"lower_bound":"MTAxNjUyMjExNA==","upper_bound":"MTAyODU1ODcxOA==","repeats":1},{"count":1441,"lower_bound":"MTAyOTY5MjI0Mw==","upper_bound":"MTAzMjY2NzQ1Mw==","repeats":1},{"count":1449,"lower_bound":"MTAzNzI2NDczNQ==","upper_bound":"MTA0MzkyMTg1OQ==","repeats":1},{"count":1456,"lower_bound":"MTA0NDAwNDYwNA==","upper_bound":"MTA2OTg5MjUwMw==","repeats":1},{"count":1462,"lower_bound":"MTA3MTgyNDE2OA==","upper_bound":"MTA3OTgwOTc1NA==","repeats":1},{"count":1468,"lower_bound":"MTA3OTkxNzI1Mw==","upper_bound":"MTA4MzA5NjM4OA==","repeats":1},{"count":1474,"lower_bound":"MTA4NTA3MzE1OQ==","upper_bound":"MTEwMjI1NTczNA==","repeats":1},{"count":1480,"lower_bound":"MTExNDkyMjM3NA==","upper_bound":"MTEyNjAwODgzMg==","repeats":1},{"count":1488,"lower_bound":"MTEyNjg5MDU2OA==","upper_bound":"MTEzNTg1NTQ3MA==","repeats":1},{"count":1496,"lower_bound":"MTEzNjgyOTEyMg==","upper_bound":"MTE0MTA2MzA4OA==","repeats":1},{"count":1504,"lower_bound":"MTE0MzQzMTI1Mg==","upper_bound":"MTE0NTgxODkyOQ==","repeats":1},{"count":1512,"lower_bound":"MTE0NjQ2NTAwOA==","upper_bound":"MTE3MjU0NTU3Mw==","repeats":1},{"count":1520,"lower_bound":"MTE4NjQ5MTkwNw==","upper_bound":"MTIxNjI4OTE5OQ==","repeats":1},{"count":1528,"lower_bound":"MTIxOTQ4MDQxMg==","upper_bound":"MTIyMzMwODQ1MQ==","repeats":1},{"count":1536,"lower_bound":"MTIyODc4NzQyNw==","upper_bound":"MTIzNDEyMDA4Ng==","repeats":1},{"count":1544,"lower_bound":"MTIzNzk4ODQ5MA==","upper_bound":"MTI0NjAwNDYyNw==","repeats":1},{"count":1552,"lower_bound":"MTI0ODczNTE3Ng==","upper_bound":"MTI2MjIxNTk5Ng==","repeats":1},{"count":1560,"lower_bound":"MTI2MzY0NTMwNg==","upper_bound":"MTI4MDk2OTE2OQ==","repeats":1},{"count":1568,"lower_bound":"MTI4Mjg2NjcwMQ==","upper_bound":"MTI4NDYxNjg1Mg==","repeats":1},{"count":1576,"lower_bound":"MTI5Mjc3OTg5OQ==","upper_bound":"MTI5NjQzMTU0Mg==","repeats":1},{"count":1584,"lower_bound":"MTI5NzU1MjI1OA==","upper_bound":"MTMwNjQxMTA2Nw==","repeats":1},{"count":1591,"lower_bound":"MTMwNzUxNTE1Mw==","upper_bound":"MTMyNDkzODgzNA==","repeats":1},{"count":1597,"lower_bound":"MTMyNjY5NDM0Ng==","upper_bound":"MTMyODU2NzQ1MA==","repeats":1},{"count":1603,"lower_bound":"MTMzMzA4MjA0Nw==","upper_bound":"MTM0MjkzMTEyMg==","repeats":1},{"count":1609,"lower_bound":"MTM0Mjk0ODgyMg==","upper_bound":"MTM1NTI0NzkwMA==","repeats":1},{"count":1615,"lower_bound":"MTM2Mzk4OTkwMA==","upper_bound":"MTM3ODU5MTIxMA==","repeats":1},{"count":1623,"lower_bound":"MTM3OTE1NzYwMQ==","upper_bound":"MTM4NzQwMDA2OQ==","repeats":1},{"count":1631,"lower_bound":"MTM5MDcwMzQxMw==","upper_bound":"MTM5OTQ3NDk3MA==","repeats":1},{"count":1639,"lower_bound":"MTQwMjI2MDYzOA==","upper_bound":"MTQxODQ4MDE1OA==","repeats":1},{"count":1647,"lower_bound":"MTQyMDcxMDkyOQ==","upper_bound":"MTQzMDIyMjczMQ==","repeats":1},{"count":1655,"lower_bound":"MTQzMzQ0NzQyMg==","upper_bound":"MTQ0NTc2Njc1Mw==","repeats":1},{"count":1663,"lower_bound":"MTQ1NTcwNTM0OQ==","upper_bound":"MTQ2NDg3OTgxNA==","repeats":1},{"count":1671,"lower_bound":"MTQ2NTMxNTc2MA==","upper_bound":"MTQ3Mzk3MTc3Nw==","repeats":1},{"count":1679,"lower_bound":"MTQ4NDMyODUzNg==","upper_bound":"MTQ5MzgxMjA2Nw==","repeats":1},{"count":1687,"lower_bound":"MTQ5NzIyOTQ5Mw==","upper_bound":"MTUwMzcxNDU3NA==","repeats":1},{"count":1695,"lower_bound":"MTUwNTc0Nzk1OQ==","upper_bound":"MTUxMzQ4NjExMQ==","repeats":1},{"count":1703,"lower_bound":"MTUxNTIzMTY1NA==","upper_bound":"MTUzMjE1MzAxNQ==","repeats":1},{"count":1711,"lower_bound":"MTUzNjY0OTAxNA==","upper_bound":"MTU2MTQzMDY1OA==","repeats":1},{"count":1719,"lower_bound":"MTU2NDY0Mjc3Mg==","upper_bound":"MTU3NDE5OTkwOA==","repeats":1},{"count":1726,"lower_bound":"MTU4MjkzMjMyMw==","upper_bound":"MTU5MDk5MTIwMw==","repeats":1},{"count":1732,"lower_bound":"MTU5MTY1Mjg2OQ==","upper_bound":"MTY0MDE4MDA4NQ==","repeats":1},{"count":1738,"lower_bound":"MTY0MDUzMDI4Mw==","upper_bound":"MTY1MjQ1NDEwOQ==","repeats":1},{"count":1744,"lower_bound":"MTY1MzYxODAzOQ==","upper_bound":"MTY2MzI0MDY2NQ==","repeats":1},{"count":1750,"lower_bound":"MTY2NjE4NjU5Nw==","upper_bound":"MTY3MTE3MTQxMw==","repeats":1},{"count":1758,"lower_bound":"MTY3ODgzMTM4NA==","upper_bound":"MTY4NjE3MTAzMA==","repeats":1},{"count":1766,"lower_bound":"MTY5NjEwNzYyMQ==","upper_bound":"MTY5ODY4ODgzNA==","repeats":1},{"count":1774,"lower_bound":"MTcwOTE0NzM2NQ==","upper_bound":"MTcyMjE0NDMwOA==","repeats":1},{"count":1782,"lower_bound":"MTcyNzU0NDE1Nw==","upper_bound":"MTczMDI1Mzc2MQ==","repeats":1},{"count":1790,"lower_bound":"MTczMTgwNzMzMA==","upper_bound":"MTczNjM4MzE4NA==","repeats":1},{"count":1798,"lower_bound":"MTc1MzgzNjM5MA==","upper_bound":"MTc2MjgwOTQ5NA==","repeats":1},{"count":1806,"lower_bound":"MTc2NDUxODA0MA==","upper_bound":"MTc2ODc3NTU1MA==","repeats":1},{"count":1814,"lower_bound":"MTc3NzMzNDI0OA==","upper_bound":"MTc4NjU1NDU2NA==","repeats":1},{"count":1822,"lower_bound":"MTc4NjY2MjgwNg==","upper_bound":"MTc5MDc0OTQwNw==","repeats":1},{"count":1830,"lower_bound":"MTc5MjA3MjU4NA==","upper_bound":"MTgwODQ0NjA0MQ==","repeats":1},{"count":1838,"lower_bound":"MTgxODU5MzU5MQ==","upper_bound":"MTgyNTk1NzY4Mw==","repeats":1},{"count":1846,"lower_bound":"MTgyOTI2NDcxNg==","upper_bound":"MTg0NDE1NjgxOQ==","repeats":1},{"count":1853,"lower_bound":"MTg0OTA2NTAyMw==","upper_bound":"MTg2Mzk3NTk5Mg==","repeats":1},{"count":1859,"lower_bound":"MTg3MzE0Mzc4Mg==","upper_bound":"MTg3OTg0NDQ1Ng==","repeats":1},{"count":1865,"lower_bound":"MTg4ODI0MjY0NQ==","upper_bound":"MTg5NTkyMzQyNQ==","repeats":1},{"count":1871,"lower_bound":"MTg5Njc0MDc2NQ==","upper_bound":"MTkxMDk1MjU1NA==","repeats":1},{"count":1877,"lower_bound":"MTkyMjIwMzA1OA==","upper_bound":"MTkyNzEzNTAyNg==","repeats":1},{"count":1885,"lower_bound":"MTkyODc5NDk1Nw==","upper_bound":"MTk0OTU4MTA2Nw==","repeats":1},{"count":1893,"lower_bound":"MTk1Mjc1MDA0OQ==","upper_bound":"MTk1NTE2OTcxNA==","repeats":1},{"count":1901,"lower_bound":"MTk1ODMxMTIyMg==","upper_bound":"MTk2NzQyMTE0MA==","repeats":1},{"count":1909,"lower_bound":"MTk3NTcxMjMwOQ==","upper_bound":"MTk5NjEwMzg5Ng==","repeats":1},{"count":1917,"lower_bound":"MTk5OTg0NzQ1OQ==","upper_bound":"MjAxNTgwNzUwNA==","repeats":1},{"count":1925,"lower_bound":"MjAxNzE5MjYxMA==","upper_bound":"MjAyMjQ4NDIyOQ==","repeats":1},{"count":1933,"lower_bound":"MjAyNjg2ODkzMA==","upper_bound":"MjA0MzYxNzYyNA==","repeats":1},{"count":1941,"lower_bound":"MjA0NTkwMTgzOQ==","upper_bound":"MjA2MjU5MTA5Ng==","repeats":1},{"count":1949,"lower_bound":"MjA2NDU0OTExOA==","upper_bound":"MjA3MTQxOTAxMQ==","repeats":1},{"count":1957,"lower_bound":"MjA3MjQwNjY1Ng==","upper_bound":"MjA3ODgxNTcwNw==","repeats":1},{"count":1965,"lower_bound":"MjA4MjYzMDA1OA==","upper_bound":"MjEwNzM4MDQwMg==","repeats":1},{"count":1973,"lower_bound":"MjExMDgwNjMwMg==","upper_bound":"MjExNzcxMDA3NA==","repeats":1},{"count":1981,"lower_bound":"MjExODAwMjk5MA==","upper_bound":"MjEzOTM2NzYwMQ==","repeats":1},{"count":1985,"lower_bound":"MjE0MjQxNzg1Mw==","upper_bound":"MjE0NjI4NTE4NA==","repeats":1}]},"cm_sketch":{"rows":[{"counters":[0,0,0,0,1,1,0,1,3,0,2,3,2,2,1,0,0,4,0,1,0,4,1,2,1,1,1,0,3,2,3,0,1,0,4,1,1,0,1,1,1,2,3,1,3,2,0,1,2,1,0,0,0,1,1,0,1,0,1,0,1,2,1,1,0,3,3,0,0,4,0,2,5,2,1,1,0,2,1,0,0,4,0,0,1,1,1,2,2,3,2,5,0,3,1,4,2,1,0,0,1,2,0,0,1,1,1,0,2,0,0,1,1,2,1,3,3,1,0,0,2,0,2,0,1,0,0,0,1,2,2,1,1,0,1,1,1,1,1,1,1,0,1,2,0,0,0,0,0,0,0,1,0,0,2,4,1,2,1,2,0,1,2,0,2,3,1,1,1,0,0,0,0,1,1,2,0,2,2,3,0,0,0,1,0,0,0,0,1,1,3,2,1,0,1,2,0,0,2,0,0,1,2,1,0,1,2,1,1,0,0,1,2,1,1,2,0,2,1,2,0,1,1,1,1,1,0,1,1,0,0,0,2,2,2,0,2,4,1,1,1,1,1,0,1,1,1,1,1,2,4,0,0,0,0,2,1,1,0,1,1,0,0,0,0,3,0,0,1,0,0,1,0,0,1,0,1,1,0,0,0,1,1,0,0,1,0,0,4,1,1,3,1,3,0,2,1,4,0,0,1,0,2,0,1,1,0,1,1,2,0,1,1,1,0,0,0,0,1,0,0,2,0,1,1,2,2,0,2,0,0,1,0,1,0,0,1,1,0,0,0,0,2,1,1,1,0,1,1,2,1,0,0,2,2,1,1,1,2,3,3,0,0,2,1,0,0,1,1,1,2,2,0,1,3,0,1,0,1,3,1,3,1,1,0,1,0,1,0,0,1,1,0,1,0,1,0,3,1,1,1,0,0,1,2,2,1,0,1,1,1,1,2,1,0,1,0,1,0,0,1,2,2,0,2,1,1,0,0,1,1,0,2,1,1,6,2,1,3,0,0,0,3,0,1,1,0,0,1,2,0,0,2,1,0,0,0,2,0,0,1,4,2,1,1,2,0,2,0,2,2,0,0,0,0,1,1,3,0,1,3,1,2,0,1,0,1,1,0,1,0,1,0,0,0,0,2,0,0,1,1,0,2,1,1,1,0,1,1,0,2,0,1,1,0,0,3,0,0,2,0,1,0,3,0,1,2,1,0,1,3,1,1,0,2,0,0,1,1,1,2,0,1,2,1,4,1,1,2,2,1,0,1,0,1,0,1,0,0,0,2,1,1,0,1,3,0,2,1,0,1,1,3,1,0,0,1,0,1,3,0,0,1,1,1,1,0,1,0,0,0,2,0,1,1,0,1,0,0,0,1,1,0,1,1,1,3,2,1,0,1,1,2,1,1,0,1,0,1,0,2,1,0,1,0,0,1,2,3,0,1,1,0,1,1,1,1,0,2,0,3,0,0,0,2,0,0,1,1,3,1,0,1,0,1,0,2,1,1,0,1,0,0,2,0,4,1,1,2,0,0,1,1,0,0,1,0,1,0,2,0,0,1,1,2,1,1,2,1,1,0,2,1,0,0,1,2,3,0,1,1,1,1,1,0,2,2,0,0,1,0,1,2,3,0,2,1,1,0,0,1,0,2,1,1,0,1,0,3,0,3,1,0,1,0,3,3,2,2,1,0,2,1,3,2,0,3,1,1,0,0,2,2,2,0,0,0,0,1,0,0,1,1,2,0,2,2,0,0,1,0,0,1,1,0,0,2,1,0,0,1,0,1,0,1,0,2,1,0,0,1,0,1,1,0,1,0,2,0,2,1,1,2,2,1,0,2,0,0,0,2,0,1,0,0,1,0,0,0,5,0,1,1,1,3,1,0,1,0,2,1,0,1,2,3,0,2,2,1,2,0,0,0,0,1,1,1,0,1,0,0,0,0,1,3,2,0,0,2,2,1,0,1,1,2,1,3,0,2,2,1,1,0,0,1,0,1,1,0,0,1,0,1,2,0,0,1,2,1,1,0,2,1,0,1,0,1,2,0,0,2,0,0,1,0,0,0,1,1,1,0,1,1,1,1,3,0,1,1,2,1,0,0,1,3,1,0,1,1,0,1,2,0,1,1,1,2,2,0,3,0,2,1,0,0,0,1,0,1,0,1,2,1,2,3,1,1,0,1,0,1,2,0,1,3,1,2,0,0,0,3,0,2,1,0,0,1,0,4,1,3,1,2,1,1,1,0,1,1,0,1,4,1,2,2,0,0,2,0,3,3,1,1,1,0,0,0,1,1,3,0,1,1,2,0,0,1,0,0,1,0,1,2,0,2,1,1,1,3,1,0,1,2,0,2,1,1,3,0,2,1,0,0,1,0,1,0,1,0,1,1,2,0,0,0,1,1,1,0,0,1,1,2,0,2,2,2,0,1,0,0,1,2,0,1,0,0,0,0,0,1,1,0,1,2,0,2,0,2,0,1,2,1,1,0,0,2,0,0,0,1,1,2,0,0,2,1,3,1,0,0,1,0,0,2,0,2,2,0,3,1,3,2,0,3,1,0,0,0,0,2,2,1,0,3,0,0,4,0,0,0,0,0,1,0,1,0,1,0,1,4,2,2,1,1,1,3,0,0,0,2,0,0,1,2,0,1,1,1,0,0,1,5,3,1,0,1,1,1,2,0,0,0,0,1,1,2,0,2,0,1,3,1,1,1,2,3,0,0,0,1,0,1,2,0,0,1,0,3,2,2,2,0,2,2,1,0,1,2,1,1,1,0,0,2,0,2,2,0,1,1,0,0,1,2,0,0,1,0,2,0,1,1,2,1,1,3,0,1,2,0,0,2,0,0,0,1,3,3,0,1,1,1,1,2,2,0,1,0,1,2,0,2,2,1,2,2,1,0,1,2,3,3,1,2,1,1,2,0,1,1,1,1,1,3,3,1,1,2,1,2,0,1,1,0,1,2,1,0,2,1,2,3,1,0,2,1,2,1,2,1,1,2,1,5,1,1,1,1,0,1,1,1,1,3,1,2,1,2,0,0,1,1,1,4,2,0,0,2,0,0,2,0,0,0,1,2,2,0,0,1,1,1,0,0,1,1,2,0,1,0,0,1,2,0,1,2,0,2,0,1,0,1,0,1,0,1,1,0,0,1,0,0,2,2,0,0,0,2,1,1,0,2,0,1,0,0,2,0,1,2,2,2,2,3,1,3,1,1,0,0,0,1,1,2,0,1,0,1,1,0,2,1,3,1,2,0,0,0,0,2,1,0,0,1,1,0,1,0,1,0,1,0,0,2,3,0,0,0,0,1,2,0,0,2,1,1,1,1,0,1,0,2,1,2,0,0,1,1,1,0,1,0,0,0,1,1,0,1,1,0,0,0,1,2,4,0,1,1,1,2,0,0,0,0,1,1,0,0,0,1,1,0,1,0,2,3,2,0,1,0,0,3,0,0,1,0,0,1,0,1,0,1,2,0,0,0,0,1,2,1,1,0,2,1,2,5,0,1,1,1,2,1,1,2,0,1,2,0,0,0,0,0,0,1,1,0,1,1,1,1,1,0,1,1,1,0,0,2,3,3,1,2,0,1,0,3,1,2,2,0,1,1,2,0,1,1,0,1,1,2,0,3,0,1,0,1,1,1,0,0,1,1,1,1,2,2,0,0,1,0,2,0,2,0,0,0,2,2,1,2,1,1,1,2,0,2,2,0,0,0,0,0,3,3,1,1,0,0,2,0,0,1,1,2,1,0,1,2,0,0,1,2,0,0,1,0,0,0,1,0,1,2,2,3,0,3,0,0,0,3,2,1,1,0,0,0,3,0,0,1,3,1,2,1,0,0,0,1,0,3,2,2,1,0,2,3,0,0,1,2,0,0,2,0,0,1,2,3,2,0,1,0,0,0,1,2,1,0,0,0,0,1,1,0,2,0,0,1,2,2,1,4,0,0,3,0,1,2,1,1,1,2,5,1,2,0,1,0,1,1,0,0,1,1,3,1,0,2,0,1,1,2,1,0,1,0,1,1,0,0,1,3,1,0,3,2,0,1,0,1,1,1,1,1,2,1,2,1,1,1,0,1,2,0,0,0,2,0,0,0,0,2,1,1,1,3,0,1,1,1,1,3,2,3,1,0,1,0,0,0,3,1,1,1,1,1,1,0,2,2,4,1,1,2,0,0,0,0,1,0,1,3,3,0,0,1,2,1,1,0,0,4,0,0,0,1,1,2,0,0,0,0,0,0,0,0,1,1,2,1,1,1,0,0,2,2,0,0,1,0,0,0,1,1,1,0,0,0,4,0,1,0,0,2,2,3,2,2,0,0,0,0,2,2,0,1,4,0,1,1,1,1,1,2,2,1,1,2,2,0,1,3,0,1,0,2,1,2,0,1,0,0,2,1,4,2,1,0,1,1,2,1,0,1,0,3,2,1,1,1,0,0,1,0,1,2,2,0,3,0,5,4,4,3,1,1,1,1,0,0,1,2,1,3,3,1,1,0,0,0,1,3,0,1,3,2,2,2,1,2,0,0,0,1,2,0,1,1,0,0,1,1,2,0,1,0,2,1,1,1,0,1,0,0,0,2,1,1,0,2,1,4,2,0,1,0,0,2,1,2,0,0,2,0,1,0,1]},{"counters":[0,0,2,2,2,0,2,2,2,1,0,1,2,1,0,1,0,1,1,0,0,1,2,2,0,1,1,1,0,0,2,0,1,2,1,1,1,0,1,1,2,0,3,0,0,3,1,1,0,2,1,0,1,0,3,0,2,1,3,2,0,2,0,1,0,0,0,3,2,0,1,2,1,2,0,1,3,1,0,0,1,0,2,0,0,2,2,1,1,2,0,0,0,2,0,0,0,1,1,2,0,1,0,0,1,1,0,0,1,2,1,0,3,2,0,0,1,0,1,1,0,0,1,1,1,1,1,0,1,1,1,1,1,0,1,1,2,1,1,1,1,1,0,0,1,4,2,3,2,0,2,0,0,1,1,1,3,2,1,2,1,2,2,2,0,1,3,1,0,0,0,3,1,0,3,0,0,1,2,1,1,1,0,0,1,0,0,3,1,0,0,1,0,3,3,2,2,1,1,1,1,1,0,1,1,2,1,0,0,0,0,1,2,0,3,0,0,1,0,1,0,0,0,0,2,2,1,3,0,0,0,1,2,3,0,0,0,0,0,1,1,2,2,2,0,1,0,2,1,1,1,1,4,0,1,2,0,1,1,0,0,1,2,0,4,1,0,2,3,0,2,1,0,1,1,0,1,1,0,0,2,1,1,0,0,2,0,0,0,1,1,1,2,1,3,3,0,0,0,0,0,2,0,1,2,1,0,0,0,0,0,1,2,5,0,1,0,3,1,0,2,1,1,1,2,0,0,2,0,0,3,2,1,3,1,1,1,0,1,0,0,1,0,2,0,6,0,0,2,1,0,0,0,0,5,2,1,0,0,0,1,0,1,1,0,2,1,0,2,0,0,1,0,1,0,0,0,1,3,0,3,0,0,1,1,1,1,0,1,0,1,1,2,2,2,1,3,2,0,3,1,1,1,2,2,0,1,0,1,3,2,3,1,2,1,1,0,1,0,1,0,2,2,1,1,1,2,1,0,0,1,2,1,2,0,1,1,1,0,1,2,2,0,0,0,1,1,1,2,1,0,0,0,1,1,3,0,1,0,2,0,0,1,0,3,2,0,1,0,0,0,2,1,0,0,0,0,0,1,0,2,3,0,1,1,1,1,1,0,1,3,0,2,1,0,0,0,0,0,2,0,0,1,0,1,0,0,1,3,1,1,1,0,1,0,2,1,1,0,1,0,0,1,2,0,0,0,3,0,1,0,3,0,0,0,1,1,2,0,2,1,0,0,2,0,1,1,0,1,2,1,1,0,0,0,2,2,1,0,2,1,1,1,0,2,1,0,2,0,3,2,2,2,4,1,1,1,1,0,1,1,1,2,3,1,4,2,0,0,2,3,0,0,1,3,0,1,1,0,2,0,3,0,0,2,2,1,0,0,0,1,2,0,4,0,1,0,1,0,0,0,0,3,1,3,0,1,0,0,1,1,2,1,3,0,0,0,0,2,0,1,1,0,1,0,0,0,0,0,1,0,0,0,1,0,2,0,0,0,1,0,1,3,1,1,1,2,0,1,0,1,0,1,1,1,1,2,0,2,0,0,2,1,1,0,0,0,2,1,1,2,1,1,0,1,0,1,1,2,3,2,2,0,1,1,0,0,2,2,1,1,0,0,3,1,0,1,1,0,1,0,0,1,1,0,2,0,0,1,1,1,3,0,0,2,1,2,0,0,1,1,2,2,3,0,1,1,1,0,1,0,1,2,0,1,1,1,1,2,0,0,0,2,1,1,0,0,2,0,2,0,3,1,2,1,2,0,1,0,3,0,1,2,1,0,2,0,1,0,4,1,0,1,1,4,1,1,1,2,0,5,0,0,0,2,0,1,0,2,0,0,1,1,0,2,0,1,1,0,1,0,1,0,0,1,0,1,0,2,1,1,0,0,1,2,0,1,0,1,0,0,1,1,1,0,1,1,0,1,2,1,0,0,3,4,0,0,3,3,1,0,3,2,0,3,0,1,0,2,0,2,1,3,1,0,0,1,2,0,2,1,1,0,3,1,3,0,3,2,1,0,1,1,1,0,0,1,1,1,0,1,0,1,0,3,1,3,0,2,3,1,0,1,0,0,3,1,1,0,2,1,1,1,2,0,0,0,0,3,3,1,0,3,0,1,1,1,2,0,1,0,1,2,3,0,0,1,0,0,1,0,2,3,1,1,0,0,1,2,1,0,1,0,0,1,2,0,1,0,1,0,1,1,0,2,0,1,2,0,0,2,0,1,0,0,4,2,0,2,2,0,0,1,1,1,0,2,3,0,1,1,2,0,2,0,0,1,0,0,0,1,2,2,1,0,0,0,0,0,1,4,2,3,1,1,0,0,0,1,0,3,0,1,2,1,1,0,0,0,1,1,1,0,3,2,0,1,1,1,2,1,2,2,1,3,1,1,0,1,1,0,2,1,1,1,0,0,0,3,0,4,3,0,2,2,1,2,3,1,1,0,2,0,0,1,0,2,1,2,0,1,0,1,2,3,4,0,2,0,2,1,1,2,0,1,2,1,0,2,1,0,1,1,0,1,1,0,2,1,1,2,1,1,2,2,2,1,1,1,1,3,1,0,0,0,1,1,0,0,3,0,2,0,2,1,3,0,2,0,1,0,1,2,0,1,3,5,1,0,1,0,0,1,1,0,1,0,1,0,0,1,2,0,2,1,0,1,0,0,0,2,1,1,0,1,1,2,1,1,2,1,0,1,4,2,2,2,2,0,0,0,1,1,1,0,0,1,1,1,0,1,2,0,1,2,0,0,1,0,4,1,0,4,0,0,3,1,0,0,3,2,0,1,0,2,0,0,2,0,3,1,0,2,1,1,0,0,1,0,2,0,0,1,1,0,1,2,0,1,1,1,1,1,0,1,0,1,1,1,0,1,0,0,1,1,1,1,1,1,1,1,2,0,1,0,2,1,3,2,1,0,1,0,0,1,1,0,0,2,0,2,2,0,1,0,0,2,4,2,1,0,1,0,0,2,0,0,2,1,1,0,1,1,1,2,1,2,0,0,0,0,1,2,1,1,2,1,1,1,0,0,0,0,0,0,1,1,2,0,0,4,2,1,0,2,0,0,1,1,0,0,3,1,2,2,0,2,1,2,3,0,1,1,1,2,1,0,2,1,1,1,0,1,2,2,1,4,3,1,2,1,2,0,3,1,0,1,1,2,2,0,1,1,3,0,1,1,1,1,1,1,1,2,1,0,1,1,0,2,0,0,0,0,1,1,0,2,1,0,1,3,0,1,0,0,1,1,0,2,0,2,1,0,1,0,2,1,5,3,0,1,0,2,2,4,2,2,0,1,0,2,1,1,0,2,2,1,2,1,1,0,1,0,0,1,1,0,1,0,2,0,1,1,0,2,0,0,1,0,0,1,2,1,0,0,0,1,1,1,1,1,1,0,0,0,1,0,6,2,1,0,0,2,0,3,0,2,1,2,0,1,2,0,1,0,0,1,1,1,2,0,0,0,0,2,0,1,0,0,3,0,1,2,2,2,0,1,2,1,0,0,1,0,1,0,1,0,1,0,1,2,1,1,0,2,0,0,1,1,3,2,1,1,2,3,1,1,1,0,1,2,1,2,2,1,0,0,2,1,1,1,3,1,1,0,1,0,1,1,0,1,0,1,1,1,0,0,1,3,2,0,2,1,2,1,0,0,0,2,1,0,0,2,1,1,0,1,2,2,2,1,0,1,2,1,0,0,2,1,3,1,0,0,0,0,1,1,1,0,1,1,0,0,0,0,5,1,2,0,1,0,1,0,0,0,0,1,1,1,0,1,1,0,1,4,1,2,1,2,0,1,0,1,0,0,2,2,0,1,1,2,3,0,0,0,2,2,0,1,2,0,1,3,2,1,1,0,1,1,1,1,0,1,2,0,0,1,0,2,1,0,2,0,1,0,4,1,0,0,0,2,0,1,3,0,1,2,0,1,1,1,0,2,0,2,1,0,0,0,0,1,1,1,0,0,1,0,0,2,1,1,0,0,1,2,1,0,0,1,1,0,0,0,3,2,1,1,1,1,2,0,3,1,0,2,0,1,0,0,4,1,1,0,0,1,2,2,1,0,2,0,1,1,2,1,0,2,0,0,0,0,1,1,1,0,2,2,0,0,0,1,0,2,2,0,1,0,2,0,1,1,1,2,0,0,0,1,1,0,2,0,1,0,1,0,2,0,0,0,1,0,1,0,0,1,0,0,0,1,2,2,0,0,1,1,1,1,0,1,4,0,1,0,4,2,2,0,2,0,0,1,2,1,3,2,1,2,0,0,2,0,2,1,2,1,3,0,0,1,0,0,0,1,0,0,1,2,1,1,0,0,0,0,0,1,2,0,2,0,2,1,0,1,0,0,1,3,0,1,0,1,0,3,0,0,2,0,1,3,0,3,0,2,2,1,1,2,1,2,2,1,0,0,1,1,1,1,0,1,2,1,0,0,1,0,0,1,4,1,1,3,0,1,1,1,4,1,0,1,1,2,0,2,0,1,1,0,1,3,3,0,0,1,1,1,2,0,0,0,1,1,0,0,0,0,0,1,0,2,1,1,1,1,0,3,1,0,2,2,0,2,3,0,1,3,0,1,2,0,0,2,2,2,2,1,4,0,1,3,1,3,1,1,0,0,2,2,1]},{"counters":[0,3,2,2,2,5,1,0,0,0,0,1,1,1,0,0,1,1,1,1,2,0,0,0,1,1,3,2,0,1,3,0,2,0,2,0,0,1,0,0,1,1,2,2,1,0,0,1,0,3,2,1,1,1,1,1,0,1,0,0,1,0,0,1,1,1,2,0,2,2,0,0,0,1,1,3,3,0,1,1,2,1,1,2,1,1,2,1,1,1,0,3,1,0,1,0,0,0,1,0,1,0,1,0,2,2,1,1,1,0,2,3,2,1,0,2,0,1,1,1,2,2,2,1,1,0,3,1,2,0,2,2,1,0,3,0,0,0,1,1,0,2,0,0,2,2,2,0,1,0,0,2,1,1,3,1,0,1,1,2,0,0,0,2,0,4,0,2,0,0,1,0,0,2,0,1,0,0,0,0,0,2,0,1,1,1,1,3,0,4,3,1,1,0,0,0,1,0,1,0,0,2,1,0,1,1,2,1,0,1,1,0,1,0,1,0,1,1,2,1,1,1,2,1,1,2,2,0,1,3,0,1,1,0,1,0,0,3,1,0,0,1,1,0,1,0,2,1,2,1,2,1,0,1,0,2,2,1,1,0,1,0,1,0,1,1,0,1,1,1,0,2,0,0,2,1,0,0,1,2,0,0,1,2,1,0,2,3,0,1,1,3,1,1,2,2,4,0,1,2,2,0,1,1,2,1,2,2,1,0,1,1,3,1,0,1,1,1,2,0,0,0,2,0,0,2,0,1,0,0,2,0,0,1,0,1,1,0,1,0,2,2,1,0,0,2,0,2,1,0,1,0,2,2,0,1,1,2,1,5,0,0,1,0,1,2,1,1,3,0,1,1,1,3,0,1,1,3,1,1,0,0,1,0,2,1,1,2,1,0,1,0,1,2,0,0,0,2,1,0,2,0,0,1,0,1,3,1,2,0,0,0,2,1,0,0,0,1,1,0,0,0,0,2,2,1,3,0,1,1,1,2,1,0,0,1,3,1,1,1,1,1,0,1,2,2,0,1,0,1,1,0,2,0,0,0,1,2,0,1,2,1,0,1,0,2,1,1,2,2,0,1,0,0,0,1,0,1,1,1,2,0,2,1,1,0,1,2,2,0,1,0,1,2,1,1,1,2,1,0,0,0,0,2,1,1,0,0,0,1,1,2,1,0,2,0,3,1,0,1,0,1,1,0,2,2,3,1,2,1,0,0,1,0,2,0,2,1,0,2,1,0,1,0,0,1,2,1,0,0,3,0,1,2,2,3,1,2,2,0,3,1,0,2,2,1,1,0,0,1,2,0,0,0,0,1,0,2,0,1,2,0,1,1,1,2,1,0,0,1,2,0,0,1,0,2,0,1,2,0,0,0,0,1,3,0,0,0,2,0,0,0,0,0,2,0,1,1,1,0,0,1,2,1,0,4,1,0,1,0,0,1,1,4,0,1,1,1,0,1,2,3,1,1,1,0,0,0,1,2,2,2,0,2,1,2,0,2,0,1,2,1,1,0,1,3,1,1,1,1,2,2,0,2,3,3,0,1,2,0,0,0,2,2,1,0,1,0,0,1,0,1,1,1,2,2,0,0,0,0,2,0,1,0,3,2,2,0,0,0,1,2,2,2,1,3,1,0,1,1,0,1,1,0,1,1,0,2,3,2,1,1,3,2,1,2,0,2,2,0,1,2,3,0,0,1,1,2,1,0,0,2,1,0,1,0,1,0,0,2,2,1,1,1,1,0,1,1,0,1,1,1,0,0,1,1,1,0,4,0,1,1,2,1,1,2,0,0,0,1,1,2,1,0,2,0,3,2,0,1,5,0,0,3,0,0,1,0,0,1,1,2,4,1,1,1,0,2,2,0,1,1,0,2,0,0,1,0,0,0,2,3,1,0,1,1,1,0,0,0,0,1,3,1,1,0,1,1,3,1,1,1,1,2,0,1,1,0,0,1,1,1,2,0,3,1,0,0,4,0,0,0,0,1,0,2,0,0,1,0,1,1,0,0,2,2,0,1,0,0,2,1,1,1,0,2,3,1,2,1,2,3,1,2,2,0,0,2,1,3,2,0,0,3,0,1,1,1,1,1,2,1,1,2,1,1,1,1,0,3,0,1,1,0,1,2,3,1,1,0,0,0,0,2,1,0,2,0,1,0,1,1,0,1,2,2,2,1,1,0,0,1,1,1,2,1,3,1,1,1,0,1,0,0,1,0,0,3,1,1,1,1,2,2,0,1,1,5,1,1,1,2,0,0,1,0,2,3,1,1,1,1,0,1,1,2,1,2,0,0,0,1,2,1,2,0,1,1,2,0,1,1,0,0,1,2,2,2,0,1,1,1,1,0,2,1,1,1,0,4,0,0,1,0,4,1,2,1,0,2,3,1,0,1,0,1,0,3,1,0,0,0,1,2,0,0,1,1,1,0,1,5,1,2,1,2,2,1,0,1,0,0,2,1,0,0,0,0,1,2,2,0,0,2,3,1,1,1,2,0,0,0,1,0,2,1,0,0,1,0,1,2,0,1,2,1,1,0,1,1,1,0,1,2,1,1,1,0,2,0,0,1,0,0,1,1,0,0,0,0,0,2,0,2,1,0,1,1,1,0,0,0,1,0,1,0,1,1,2,2,0,1,0,1,0,0,0,1,3,5,1,1,2,1,1,1,1,1,0,1,1,0,1,0,2,1,3,0,1,0,1,2,2,2,0,0,0,1,0,0,1,1,1,1,0,2,1,0,1,2,0,0,0,0,0,1,1,0,0,2,3,0,1,1,1,0,0,1,1,0,1,0,1,0,2,1,1,1,1,0,2,0,2,0,1,1,2,2,1,1,2,1,0,1,0,0,0,2,0,0,1,0,1,1,1,1,1,0,0,0,2,3,3,0,0,0,1,1,1,0,0,0,1,0,1,1,1,2,0,2,1,1,2,1,1,0,1,2,2,0,1,1,1,4,0,1,0,1,1,3,1,1,2,1,4,2,2,1,1,0,3,0,0,2,1,0,1,2,0,2,0,1,1,0,1,2,0,0,0,0,1,1,0,4,1,0,1,0,2,1,1,1,1,0,1,1,0,1,0,2,0,1,0,0,0,2,3,0,1,3,0,0,3,0,1,4,3,4,2,0,1,1,0,4,2,1,0,1,1,1,1,1,1,1,1,0,1,1,2,1,2,2,2,1,1,1,1,1,0,3,2,2,1,3,2,1,2,0,1,0,1,0,0,1,0,1,4,0,0,0,1,1,1,4,2,1,2,0,2,0,0,1,0,1,1,0,1,1,1,2,1,2,1,1,0,0,1,0,0,0,0,1,0,0,1,1,2,1,0,2,0,0,1,2,1,2,0,1,4,2,0,2,0,0,1,0,1,1,0,0,0,1,0,0,1,1,0,1,1,0,1,0,1,2,0,0,3,2,0,1,0,0,1,1,1,0,1,1,0,0,1,1,0,2,0,2,0,0,4,1,0,0,0,2,1,0,1,3,1,0,0,2,0,2,1,2,3,1,0,0,0,3,1,2,0,0,0,2,0,0,2,0,0,0,1,3,1,0,0,2,1,1,0,0,1,0,2,2,1,0,3,0,0,3,3,1,1,3,0,1,1,0,0,1,0,0,1,2,1,1,0,0,1,1,1,0,0,2,0,1,0,1,1,1,0,2,0,0,1,1,1,3,1,0,2,3,2,2,3,0,0,4,0,1,0,1,0,3,0,2,0,1,2,0,1,0,2,0,1,0,2,0,1,0,1,2,2,0,0,0,2,2,0,0,1,1,0,2,1,4,2,1,0,1,2,2,3,1,1,1,1,0,1,2,2,0,0,0,1,1,1,0,1,2,1,1,0,0,0,1,1,2,0,1,0,1,3,3,0,3,0,1,0,0,1,3,2,1,0,2,1,0,2,2,0,1,0,2,1,1,1,0,0,0,0,0,2,2,0,0,1,0,1,0,2,0,1,0,1,1,1,0,2,3,2,0,0,1,0,1,0,2,1,1,2,1,1,0,1,0,1,0,1,2,1,1,1,1,1,1,2,0,2,0,5,1,2,3,2,1,0,0,0,1,1,0,1,0,3,2,0,1,4,1,0,1,0,2,1,1,1,2,3,1,1,4,3,1,0,0,3,0,0,1,2,1,0,0,1,0,0,2,1,1,0,0,3,2,1,3,1,3,2,1,1,2,0,2,2,1,0,1,1,0,1,0,0,1,2,0,0,2,0,1,1,3,0,0,1,2,2,0,0,0,0,2,0,3,1,2,0,0,2,0,3,1,2,0,2,1,1,0,2,1,1,2,1,0,4,0,4,3,0,0,1,2,0,0,0,0,0,1,0,1,1,1,0,0,1,0,1,0,1,0,0,1,1,1,1,1,2,2,1,1,3,0,1,0,0,1,3,0,2,0,1,0,0,1,0,3,0,0,0,1,0,2,0,1,1,0,0,0,2,1,0,3,0,0,1,1,0,2,0,2,1,0,1,3,1,0,0,0,1,3,1,0,1,1,2,1,1,1,0,1,1,1,1,0,0,0,1,0,0,0,2,0,2,1,2,1,1,1,1,0,0,1,1,2,1,1,2,1,0,0,3,0,0,0,1,1,0,0,1,0,2,4,0,0,2,0,1,3,1,1,1,0,2,1]},{"counters":[1,0,0,0,1,1,0,1,5,0,1,0,0,0,1,3,1,0,3,0,1,1,1,2,0,1,2,0,2,0,0,1,0,0,2,0,0,0,1,0,0,0,1,0,0,2,1,2,1,0,0,1,0,2,1,1,2,0,3,2,0,1,2,0,0,1,0,1,1,0,0,1,0,4,1,1,1,1,1,1,0,2,0,1,1,0,1,1,2,0,2,0,3,0,2,1,2,1,0,1,1,1,1,1,0,1,1,1,1,1,0,1,2,1,0,0,0,0,2,0,2,1,0,1,0,1,0,1,2,2,2,1,3,2,1,2,3,1,0,1,0,0,1,1,3,0,0,2,1,1,1,1,4,2,0,0,1,1,1,2,1,1,1,0,0,2,0,0,1,1,1,0,0,1,2,1,0,2,1,0,0,0,0,3,3,3,2,2,1,0,2,0,0,1,0,1,0,1,1,0,0,2,1,0,0,0,1,0,0,0,1,0,1,2,0,2,1,0,3,0,0,4,1,3,1,2,0,1,0,1,1,4,0,0,2,1,0,1,0,0,0,0,1,2,4,1,1,0,0,0,2,1,0,3,2,3,1,1,0,2,0,1,2,0,1,0,2,2,1,2,1,0,0,1,0,2,1,2,2,1,1,1,1,1,0,1,1,0,2,1,1,0,0,0,1,1,0,0,1,1,1,0,1,2,1,1,0,0,0,0,1,0,0,0,1,2,0,3,1,0,2,1,2,1,1,1,0,1,1,0,2,0,1,0,1,1,2,1,4,1,0,1,0,1,1,1,3,0,2,1,0,2,0,0,3,1,1,0,1,2,1,1,1,0,0,2,1,2,2,1,1,0,1,1,2,1,0,0,1,2,0,1,0,1,1,1,0,1,1,4,0,1,0,1,2,3,2,0,2,2,2,1,0,2,1,1,2,1,2,1,1,1,1,1,2,2,2,0,0,0,0,0,0,2,1,1,3,1,1,1,1,1,1,0,1,0,1,1,0,2,0,1,3,1,1,4,0,1,0,0,3,1,1,2,0,2,2,0,2,0,0,3,0,0,1,2,1,3,1,0,0,1,0,0,2,3,0,0,1,1,1,2,3,0,0,1,1,0,1,1,0,0,0,1,1,0,2,2,1,0,0,0,1,3,0,1,0,4,0,1,1,3,2,2,2,3,0,2,1,0,0,0,2,3,1,2,3,0,1,1,0,1,0,3,1,0,1,1,2,5,2,0,1,1,0,0,0,0,1,2,1,1,3,1,2,1,0,3,1,2,0,3,0,0,0,2,1,0,1,1,2,0,1,1,0,1,0,2,1,1,2,0,0,1,0,1,1,3,1,0,0,2,1,1,2,2,0,4,1,0,1,1,1,1,0,3,2,1,3,2,1,1,0,1,2,3,2,1,1,0,2,1,1,1,1,1,1,0,1,1,0,1,0,1,0,1,0,1,0,1,2,0,1,1,0,0,3,0,1,0,0,2,2,1,3,2,2,2,1,0,0,2,1,1,0,0,0,0,1,1,1,0,1,1,3,0,1,0,1,2,4,3,1,0,2,1,1,1,0,2,1,3,0,2,2,1,2,0,2,0,0,1,2,0,1,0,0,1,1,1,0,0,0,2,2,2,0,0,1,2,1,0,1,2,0,3,3,1,3,0,0,0,0,5,1,1,0,0,1,3,0,0,1,2,2,1,0,0,0,1,0,1,3,1,1,0,2,1,2,1,0,0,1,2,1,0,1,0,2,0,1,0,1,2,1,1,1,1,2,0,1,1,0,2,1,1,0,2,0,0,1,3,0,0,0,3,0,1,0,1,0,1,1,2,0,3,1,1,2,1,1,1,0,0,2,0,2,0,0,0,1,4,1,1,1,1,2,2,2,2,1,1,1,2,5,0,1,2,3,2,0,1,2,6,1,1,1,0,3,2,0,3,0,0,1,3,2,0,0,3,0,1,0,2,0,1,1,0,0,0,0,2,1,2,1,1,1,2,0,0,2,0,0,0,0,0,0,0,0,0,1,1,1,2,3,0,0,1,0,1,0,4,2,2,1,3,1,1,2,0,0,0,1,1,1,1,0,0,1,1,2,0,2,1,0,0,0,1,1,1,1,3,1,3,3,3,1,0,1,0,2,2,1,1,2,0,1,1,0,1,2,0,1,1,0,1,3,0,0,0,2,1,2,0,2,1,1,2,0,0,1,1,3,3,0,1,3,1,0,0,2,0,1,0,0,1,1,2,0,1,0,1,0,0,2,2,0,2,1,1,0,3,1,0,0,0,1,3,3,2,0,1,3,0,1,2,0,3,0,0,1,1,0,0,0,0,0,2,0,2,0,0,0,0,2,3,0,2,0,1,0,0,3,1,2,2,2,1,0,1,0,2,1,0,2,3,0,0,1,1,1,1,0,0,1,1,1,2,0,1,0,4,1,2,1,5,1,0,1,0,2,2,1,0,2,1,1,2,2,1,1,0,0,2,1,1,0,0,3,1,1,1,1,2,1,0,0,0,0,2,0,0,2,1,1,2,1,1,1,1,0,0,2,2,2,0,0,0,0,2,0,2,2,2,3,1,1,1,0,1,3,3,2,0,2,1,0,2,0,1,3,0,0,1,2,0,1,0,0,0,1,0,2,2,1,3,0,1,2,0,2,2,0,0,1,2,0,0,2,0,0,1,1,1,1,1,3,0,1,3,2,0,2,2,0,1,1,2,0,1,1,0,0,1,2,1,2,3,0,0,0,1,0,0,0,1,0,0,0,2,2,1,0,0,1,0,3,1,1,0,1,0,0,1,1,1,3,1,1,0,0,2,1,1,2,1,0,0,0,3,0,1,1,1,1,0,1,1,2,0,1,2,0,0,1,1,2,1,1,1,0,4,0,0,1,2,2,2,0,0,0,3,0,1,3,0,2,1,1,0,1,1,0,0,1,2,1,0,1,0,0,4,1,1,1,0,0,1,1,2,1,1,1,1,1,1,0,1,1,0,0,1,1,1,0,3,1,2,0,3,1,1,0,2,1,0,1,1,0,2,1,0,0,1,1,1,1,1,1,1,0,0,0,1,1,0,2,1,1,0,1,2,0,1,3,1,1,1,0,0,1,0,2,2,2,2,0,2,0,0,0,2,1,2,0,0,1,0,1,1,0,1,2,0,0,1,0,3,0,2,0,2,3,1,1,3,1,1,2,0,0,1,0,0,0,0,0,0,0,0,1,1,1,1,0,0,2,2,2,0,3,0,2,1,1,1,0,3,1,1,0,0,1,0,2,0,2,1,1,3,1,2,0,3,1,2,1,1,0,2,1,1,1,1,2,1,1,0,1,4,2,1,0,0,1,2,3,0,2,0,0,1,0,0,3,0,0,0,0,0,1,0,1,1,1,2,2,0,1,1,1,1,1,3,0,3,0,1,0,1,1,0,2,1,1,2,2,2,2,0,1,0,0,0,0,1,0,3,0,1,1,1,1,0,0,2,0,2,2,0,4,3,0,1,2,0,0,1,0,0,1,0,0,0,0,1,2,2,3,0,0,2,0,4,2,0,0,2,1,0,1,0,1,0,0,2,1,1,2,0,0,1,3,0,1,0,0,0,1,0,0,1,1,1,0,0,0,0,1,0,0,0,1,1,1,3,2,1,0,1,0,0,1,1,1,0,1,0,0,2,0,1,0,0,0,2,4,3,1,1,0,2,1,2,3,0,0,3,2,0,2,1,1,0,1,1,0,1,2,2,0,4,1,0,0,2,0,3,1,1,1,1,1,0,0,1,1,0,2,1,0,2,3,2,3,1,1,1,1,1,3,0,1,1,1,2,1,2,0,0,1,0,1,1,0,0,2,0,2,2,0,1,1,1,2,1,2,0,2,0,2,1,0,0,1,0,0,0,1,0,1,0,1,1,0,3,1,2,1,1,3,2,0,2,2,0,1,1,1,2,0,1,0,1,1,0,1,1,2,0,0,1,0,1,1,0,1,1,0,1,1,0,2,0,4,2,1,0,0,0,1,1,1,0,1,1,0,1,1,0,1,1,1,0,0,2,0,2,1,1,0,1,0,1,1,0,0,1,1,0,2,0,2,0,0,4,0,1,1,5,1,1,1,1,0,2,0,1,2,0,0,0,0,2,1,0,0,3,0,1,0,1,1,0,1,1,1,1,0,1,1,1,1,0,0,1,2,0,3,0,1,0,0,0,2,0,2,0,1,1,1,1,0,1,2,1,0,1,2,0,0,3,2,2,0,1,2,2,2,0,0,0,1,3,1,0,1,0,0,0,1,2,3,0,1,1,0,0,0,2,0,3,2,0,0,0,1,1,2,0,0,1,1,0,1,1,2,0,0,1,0,1,1,4,1,0,2,1,0,1,1,0,1,0,1,0,2,0,1,4,3,3,0,0,2,1,1,0,2,0,0,1,1,2,1,0,0,1,1,2,1,0,3,0,0,1,1,3,1,0,0,2,0,0,1,0,0,0,0,0,0,1,0,1,1,0,0,0,2,0,0,1,0,0,0,0,1,0,0,0,0,1,1,0,1,1,2,0,0,0,1,1,0,1,2,2,0,1,1,0,0,0,0,0,0,1,0,0,0,0,0,2,1,1,0,1,0,2,1,0,0,3,1,0,2,1,0,1]},{"counters":[0,0,0,0,0,1,0,0,0,2,0,0,1,2,1,0,0,0,1,3,2,0,0,1,1,0,0,1,1,3,0,1,1,1,2,0,3,1,1,1,0,3,0,0,1,0,2,1,0,2,1,1,1,2,1,1,0,0,1,0,0,0,1,1,1,0,0,0,0,2,0,2,0,1,0,1,0,3,0,2,0,1,0,3,0,0,2,0,0,2,4,3,1,1,0,0,2,1,2,1,2,1,0,1,3,2,0,0,1,1,0,1,2,1,0,1,2,0,0,1,0,0,1,0,2,3,0,0,1,1,0,0,2,2,0,1,0,1,0,0,0,0,6,0,1,2,0,0,2,1,0,0,0,0,2,0,1,0,1,1,1,2,0,0,1,2,3,1,1,1,1,0,2,4,0,1,1,2,0,0,0,4,1,2,0,0,0,3,0,0,1,1,0,1,0,2,0,1,1,2,1,2,1,2,1,0,0,0,1,1,1,0,1,1,0,0,1,1,2,0,0,1,0,1,1,0,1,1,0,0,0,1,0,0,0,1,2,1,0,0,3,0,0,0,1,1,1,4,1,1,2,0,1,1,1,1,1,0,1,1,1,1,2,3,0,1,1,1,2,3,4,0,0,0,2,0,1,1,1,1,1,2,1,0,0,0,2,3,2,0,0,1,4,3,2,1,1,0,0,1,0,3,1,0,1,0,2,0,1,0,2,2,1,0,1,2,1,2,2,3,2,1,1,0,1,0,3,0,1,0,0,0,3,0,0,0,0,0,0,2,3,1,3,1,0,1,1,0,1,2,0,0,2,0,0,1,1,0,1,1,0,1,2,1,2,0,2,2,0,0,0,0,1,2,0,2,1,2,0,3,3,1,0,0,1,0,0,0,3,1,0,0,0,1,0,1,0,1,1,0,1,0,0,0,0,1,4,1,0,2,0,0,0,1,2,2,0,4,1,2,1,3,0,0,1,1,1,1,2,1,2,0,0,0,0,1,0,0,1,1,1,0,2,0,1,1,0,0,4,1,0,0,0,1,0,0,1,0,2,1,0,1,2,2,2,2,1,1,0,2,1,2,2,2,0,0,2,4,0,3,0,0,1,1,0,0,0,0,2,1,1,0,6,2,0,2,2,0,2,0,0,1,1,1,2,0,0,0,5,1,2,0,2,0,1,2,1,1,2,1,1,0,0,1,2,1,0,0,1,1,2,0,3,1,3,0,1,3,3,0,2,2,0,1,1,0,1,0,4,2,2,2,1,2,0,0,2,0,0,1,1,2,0,0,1,2,0,5,0,2,0,0,0,1,0,1,0,0,1,1,0,0,0,2,0,2,0,3,2,1,3,1,1,0,0,2,0,0,3,1,1,1,0,0,1,0,2,0,2,1,0,4,2,0,0,1,1,0,0,1,1,3,1,3,0,0,1,1,0,0,0,0,0,1,1,0,1,0,1,2,2,0,1,0,2,2,0,2,1,0,0,0,1,0,3,0,0,4,1,1,2,1,1,1,2,0,1,0,0,3,2,0,1,1,1,0,2,2,0,1,2,0,0,0,1,1,0,0,3,1,2,0,1,1,0,0,2,0,1,0,0,1,1,1,0,1,0,2,2,1,1,1,2,1,3,0,1,1,0,0,2,3,1,2,1,0,1,0,1,2,1,1,2,1,1,0,2,2,0,0,1,2,0,3,1,1,1,0,0,0,1,2,0,2,2,0,2,0,2,2,1,1,1,1,3,0,1,2,1,1,0,0,1,0,0,1,1,0,0,2,0,1,2,1,3,2,4,0,0,0,0,0,1,1,0,0,0,2,1,3,0,3,1,0,1,1,2,0,2,0,0,0,0,0,2,1,3,1,1,1,0,3,1,2,2,1,0,1,2,0,0,0,2,2,0,2,2,3,3,1,2,0,2,0,0,1,1,1,0,3,2,0,1,0,1,1,0,2,1,2,1,2,2,1,1,0,0,1,0,0,3,2,0,1,0,1,3,0,3,0,0,0,1,0,0,1,1,4,3,0,1,0,2,1,1,0,1,1,2,2,2,0,3,0,3,1,1,1,2,4,1,3,2,1,0,3,1,3,0,0,1,1,0,0,0,0,0,0,0,2,2,2,3,0,2,1,0,2,2,1,1,0,2,0,3,2,1,1,0,1,1,3,1,1,0,1,1,0,2,0,1,0,4,1,0,0,3,0,1,1,1,1,1,0,0,0,2,4,1,0,2,1,0,1,1,2,0,1,1,1,0,0,1,0,1,0,0,2,2,2,1,0,2,3,0,1,0,0,0,1,2,0,0,0,1,3,2,1,2,0,1,1,2,2,0,2,2,0,0,2,0,1,1,1,0,0,1,1,1,0,0,0,1,1,1,0,1,1,2,1,0,2,1,1,1,1,0,1,1,3,1,1,2,3,0,0,3,1,0,0,0,1,0,1,1,0,0,1,0,0,0,1,2,2,0,2,1,1,0,1,1,1,0,1,0,1,1,0,2,1,2,3,0,0,1,1,1,2,0,1,1,0,0,1,0,0,1,0,0,1,3,1,2,6,0,1,0,2,0,2,1,3,5,0,0,1,0,2,0,0,0,1,1,3,1,3,0,1,0,1,0,0,1,0,1,0,1,1,1,0,0,2,1,1,2,1,0,0,0,1,1,0,2,0,2,0,0,1,1,2,0,0,1,2,0,2,1,1,0,1,0,1,0,0,1,2,2,0,0,3,1,1,2,0,1,2,2,1,0,0,0,1,0,1,1,1,1,0,0,0,0,2,2,1,2,1,0,1,2,2,1,2,0,1,1,0,1,0,1,0,1,1,1,1,2,0,0,2,1,0,0,0,0,0,1,2,4,0,2,1,2,0,0,1,1,2,1,0,1,1,3,3,0,3,0,2,1,0,1,0,1,2,2,0,0,1,2,1,0,1,1,1,1,2,1,0,1,3,0,1,2,0,0,0,1,0,1,3,0,0,1,1,2,0,2,3,2,3,0,1,1,1,1,1,0,2,0,1,2,2,0,0,2,1,1,2,2,2,1,1,1,1,1,0,2,1,0,1,2,1,2,0,1,0,0,0,1,1,0,0,2,1,1,0,0,2,1,2,3,1,0,0,0,0,0,0,2,4,1,0,1,0,2,2,1,0,1,1,1,0,0,1,3,2,1,0,2,0,0,2,1,1,2,2,1,2,0,1,1,1,1,0,1,1,0,3,2,1,1,2,2,1,1,0,0,0,1,2,1,0,1,1,1,3,3,1,2,2,2,2,2,2,1,0,1,3,1,1,1,0,2,1,0,0,1,0,0,0,0,2,2,0,2,1,0,0,0,1,0,0,2,0,2,2,1,1,1,0,1,0,0,1,0,2,0,0,3,1,0,2,0,0,1,1,1,3,0,1,1,2,2,0,1,0,2,0,1,2,2,0,0,0,4,2,2,0,0,1,0,1,2,0,1,2,1,0,0,0,0,0,1,0,1,1,4,1,2,2,0,0,1,0,2,1,0,2,0,0,0,2,0,0,1,0,0,0,1,2,1,1,2,0,1,1,2,2,0,1,0,2,2,1,0,1,1,1,0,0,2,0,0,0,2,0,1,0,0,1,0,2,0,0,0,3,0,0,0,2,1,0,3,2,2,0,0,2,3,0,0,1,1,4,2,1,0,1,1,2,1,1,0,0,2,0,0,0,0,0,2,0,0,1,3,0,1,1,2,1,5,3,0,2,0,1,1,1,2,0,2,2,2,0,1,2,1,0,1,0,2,0,1,3,0,1,1,1,2,3,0,3,1,1,0,1,2,1,0,3,0,0,3,1,1,1,0,0,1,4,0,3,0,1,1,1,3,1,2,1,0,0,0,2,0,0,1,0,2,1,0,1,0,3,3,2,3,1,3,0,1,1,1,1,1,0,0,1,0,1,2,1,1,2,1,1,0,1,0,1,2,0,3,0,1,0,1,1,0,2,0,2,1,1,1,0,2,2,3,2,1,2,1,1,0,1,0,1,1,2,1,2,1,0,1,0,3,0,2,2,1,1,2,1,1,1,1,2,0,0,2,0,0,0,0,0,0,1,1,2,0,3,2,0,1,1,2,2,2,1,2,1,1,0,2,1,0,1,0,0,1,2,1,2,3,2,0,1,2,2,0,1,1,2,1,0,1,1,1,0,0,1,1,0,0,0,1,0,0,3,1,1,0,1,1,2,1,1,2,0,1,3,1,0,0,2,1,1,1,2,1,0,0,0,0,0,0,2,1,2,1,1,0,0,2,0,0,2,0,2,1,2,2,0,2,1,1,2,1,0,0,0,2,2,2,2,1,1,2,1,0,0,0,1,0,0,2,0,2,1,0,0,0,1,0,0,2,0,1,0,1,0,0,1,1,1,2,3,2,0,0,1,1,1,3,0,0,1,2,0,0,0,0,1,0,0,1,2,0,1,1,2,1,0,1,2,0,1,0,1,0,1,0,2,0,0,1,1,1,0,2,0,0,0,2,0,0,2,2,1,0,3,1,1,0,2,2,1,2,0,1,0,0,1,0,0,0,3,0,0,1,0,0,0,0,1,1,0,3,1,0,1,0,3,2,1,0,0,0,1,1,2,0,0,1,1,1,2,1,0,0,1,1,1,0,1,2,0,2,0]}]},"null_count":0,"last_update_version":397952054694772736}},"indices":{"c1":{"histogram":{"ndv":2000,"buckets":[{"count":8,"lower_bound":"A4AAAAAAAAAA","upper_bound":"A4AAAAAAAAAH","repeats":1},{"count":16,"lower_bound":"A4AAAAAAAAAI","upper_bound":"A4AAAAAAAAAP","repeats":1},{"count":24,"lower_bound":"A4AAAAAAAAAQ","upper_bound":"A4AAAAAAAAAX","repeats":1},{"count":32,"lower_bound":"A4AAAAAAAAAY","upper_bound":"A4AAAAAAAAAf","repeats":1},{"count":40,"lower_bound":"A4AAAAAAAAAg","upper_bound":"A4AAAAAAAAAn","repeats":1},{"count":48,"lower_bound":"A4AAAAAAAAAo","upper_bound":"A4AAAAAAAAAv","repeats":1},{"count":56,"lower_bound":"A4AAAAAAAAAw","upper_bound":"A4AAAAAAAAA3","repeats":1},{"count":64,"lower_bound":"A4AAAAAAAAA4","upper_bound":"A4AAAAAAAAA/","repeats":1},{"count":72,"lower_bound":"A4AAAAAAAABA","upper_bound":"A4AAAAAAAABH","repeats":1},{"count":80,"lower_bound":"A4AAAAAAAABI","upper_bound":"A4AAAAAAAABP","repeats":1},{"count":88,"lower_bound":"A4AAAAAAAABQ","upper_bound":"A4AAAAAAAABX","repeats":1},{"count":96,"lower_bound":"A4AAAAAAAABY","upper_bound":"A4AAAAAAAABf","repeats":1},{"count":104,"lower_bound":"A4AAAAAAAABg","upper_bound":"A4AAAAAAAABn","repeats":1},{"count":112,"lower_bound":"A4AAAAAAAABo","upper_bound":"A4AAAAAAAABv","repeats":1},{"count":120,"lower_bound":"A4AAAAAAAABw","upper_bound":"A4AAAAAAAAB3","repeats":1},{"count":128,"lower_bound":"A4AAAAAAAAB4","upper_bound":"A4AAAAAAAAB/","repeats":1},{"count":136,"lower_bound":"A4AAAAAAAACA","upper_bound":"A4AAAAAAAACH","repeats":1},{"count":144,"lower_bound":"A4AAAAAAAACI","upper_bound":"A4AAAAAAAACP","repeats":1},{"count":152,"lower_bound":"A4AAAAAAAACQ","upper_bound":"A4AAAAAAAACX","repeats":1},{"count":160,"lower_bound":"A4AAAAAAAACY","upper_bound":"A4AAAAAAAACf","repeats":1},{"count":168,"lower_bound":"A4AAAAAAAACg","upper_bound":"A4AAAAAAAACn","repeats":1},{"count":176,"lower_bound":"A4AAAAAAAACo","upper_bound":"A4AAAAAAAACv","repeats":1},{"count":184,"lower_bound":"A4AAAAAAAACw","upper_bound":"A4AAAAAAAAC3","repeats":1},{"count":192,"lower_bound":"A4AAAAAAAAC4","upper_bound":"A4AAAAAAAAC/","repeats":1},{"count":200,"lower_bound":"A4AAAAAAAADA","upper_bound":"A4AAAAAAAADH","repeats":1},{"count":208,"lower_bound":"A4AAAAAAAADI","upper_bound":"A4AAAAAAAADP","repeats":1},{"count":216,"lower_bound":"A4AAAAAAAADQ","upper_bound":"A4AAAAAAAADX","repeats":1},{"count":224,"lower_bound":"A4AAAAAAAADY","upper_bound":"A4AAAAAAAADf","repeats":1},{"count":232,"lower_bound":"A4AAAAAAAADg","upper_bound":"A4AAAAAAAADn","repeats":1},{"count":240,"lower_bound":"A4AAAAAAAADo","upper_bound":"A4AAAAAAAADv","repeats":1},{"count":248,"lower_bound":"A4AAAAAAAADw","upper_bound":"A4AAAAAAAAD3","repeats":1},{"count":256,"lower_bound":"A4AAAAAAAAD4","upper_bound":"A4AAAAAAAAD/","repeats":1},{"count":264,"lower_bound":"A4AAAAAAAAEA","upper_bound":"A4AAAAAAAAEH","repeats":1},{"count":272,"lower_bound":"A4AAAAAAAAEI","upper_bound":"A4AAAAAAAAEP","repeats":1},{"count":280,"lower_bound":"A4AAAAAAAAEQ","upper_bound":"A4AAAAAAAAEX","repeats":1},{"count":288,"lower_bound":"A4AAAAAAAAEY","upper_bound":"A4AAAAAAAAEf","repeats":1},{"count":296,"lower_bound":"A4AAAAAAAAEg","upper_bound":"A4AAAAAAAAEn","repeats":1},{"count":304,"lower_bound":"A4AAAAAAAAEo","upper_bound":"A4AAAAAAAAEv","repeats":1},{"count":312,"lower_bound":"A4AAAAAAAAEw","upper_bound":"A4AAAAAAAAE3","repeats":1},{"count":320,"lower_bound":"A4AAAAAAAAE4","upper_bound":"A4AAAAAAAAE/","repeats":1},{"count":328,"lower_bound":"A4AAAAAAAAFA","upper_bound":"A4AAAAAAAAFH","repeats":1},{"count":336,"lower_bound":"A4AAAAAAAAFI","upper_bound":"A4AAAAAAAAFP","repeats":1},{"count":344,"lower_bound":"A4AAAAAAAAFQ","upper_bound":"A4AAAAAAAAFX","repeats":1},{"count":352,"lower_bound":"A4AAAAAAAAFY","upper_bound":"A4AAAAAAAAFf","repeats":1},{"count":360,"lower_bound":"A4AAAAAAAAFg","upper_bound":"A4AAAAAAAAFn","repeats":1},{"count":368,"lower_bound":"A4AAAAAAAAFo","upper_bound":"A4AAAAAAAAFv","repeats":1},{"count":376,"lower_bound":"A4AAAAAAAAFw","upper_bound":"A4AAAAAAAAF3","repeats":1},{"count":384,"lower_bound":"A4AAAAAAAAF4","upper_bound":"A4AAAAAAAAF/","repeats":1},{"count":392,"lower_bound":"A4AAAAAAAAGA","upper_bound":"A4AAAAAAAAGH","repeats":1},{"count":400,"lower_bound":"A4AAAAAAAAGI","upper_bound":"A4AAAAAAAAGP","repeats":1},{"count":408,"lower_bound":"A4AAAAAAAAGQ","upper_bound":"A4AAAAAAAAGX","repeats":1},{"count":416,"lower_bound":"A4AAAAAAAAGY","upper_bound":"A4AAAAAAAAGf","repeats":1},{"count":424,"lower_bound":"A4AAAAAAAAGg","upper_bound":"A4AAAAAAAAGn","repeats":1},{"count":432,"lower_bound":"A4AAAAAAAAGo","upper_bound":"A4AAAAAAAAGv","repeats":1},{"count":440,"lower_bound":"A4AAAAAAAAGw","upper_bound":"A4AAAAAAAAG3","repeats":1},{"count":448,"lower_bound":"A4AAAAAAAAG4","upper_bound":"A4AAAAAAAAG/","repeats":1},{"count":456,"lower_bound":"A4AAAAAAAAHA","upper_bound":"A4AAAAAAAAHH","repeats":1},{"count":464,"lower_bound":"A4AAAAAAAAHI","upper_bound":"A4AAAAAAAAHP","repeats":1},{"count":472,"lower_bound":"A4AAAAAAAAHQ","upper_bound":"A4AAAAAAAAHX","repeats":1},{"count":480,"lower_bound":"A4AAAAAAAAHY","upper_bound":"A4AAAAAAAAHf","repeats":1},{"count":488,"lower_bound":"A4AAAAAAAAHg","upper_bound":"A4AAAAAAAAHn","repeats":1},{"count":496,"lower_bound":"A4AAAAAAAAHo","upper_bound":"A4AAAAAAAAHv","repeats":1},{"count":504,"lower_bound":"A4AAAAAAAAHw","upper_bound":"A4AAAAAAAAH3","repeats":1},{"count":512,"lower_bound":"A4AAAAAAAAH4","upper_bound":"A4AAAAAAAAH/","repeats":1},{"count":520,"lower_bound":"A4AAAAAAAAIA","upper_bound":"A4AAAAAAAAIH","repeats":1},{"count":528,"lower_bound":"A4AAAAAAAAII","upper_bound":"A4AAAAAAAAIP","repeats":1},{"count":536,"lower_bound":"A4AAAAAAAAIQ","upper_bound":"A4AAAAAAAAIX","repeats":1},{"count":544,"lower_bound":"A4AAAAAAAAIY","upper_bound":"A4AAAAAAAAIf","repeats":1},{"count":552,"lower_bound":"A4AAAAAAAAIg","upper_bound":"A4AAAAAAAAIn","repeats":1},{"count":560,"lower_bound":"A4AAAAAAAAIo","upper_bound":"A4AAAAAAAAIv","repeats":1},{"count":568,"lower_bound":"A4AAAAAAAAIw","upper_bound":"A4AAAAAAAAI3","repeats":1},{"count":576,"lower_bound":"A4AAAAAAAAI4","upper_bound":"A4AAAAAAAAI/","repeats":1},{"count":584,"lower_bound":"A4AAAAAAAAJA","upper_bound":"A4AAAAAAAAJH","repeats":1},{"count":592,"lower_bound":"A4AAAAAAAAJI","upper_bound":"A4AAAAAAAAJP","repeats":1},{"count":600,"lower_bound":"A4AAAAAAAAJQ","upper_bound":"A4AAAAAAAAJX","repeats":1},{"count":608,"lower_bound":"A4AAAAAAAAJY","upper_bound":"A4AAAAAAAAJf","repeats":1},{"count":616,"lower_bound":"A4AAAAAAAAJg","upper_bound":"A4AAAAAAAAJn","repeats":1},{"count":624,"lower_bound":"A4AAAAAAAAJo","upper_bound":"A4AAAAAAAAJv","repeats":1},{"count":632,"lower_bound":"A4AAAAAAAAJw","upper_bound":"A4AAAAAAAAJ3","repeats":1},{"count":640,"lower_bound":"A4AAAAAAAAJ4","upper_bound":"A4AAAAAAAAJ/","repeats":1},{"count":648,"lower_bound":"A4AAAAAAAAKA","upper_bound":"A4AAAAAAAAKH","repeats":1},{"count":656,"lower_bound":"A4AAAAAAAAKI","upper_bound":"A4AAAAAAAAKP","repeats":1},{"count":664,"lower_bound":"A4AAAAAAAAKQ","upper_bound":"A4AAAAAAAAKX","repeats":1},{"count":672,"lower_bound":"A4AAAAAAAAKY","upper_bound":"A4AAAAAAAAKf","repeats":1},{"count":680,"lower_bound":"A4AAAAAAAAKg","upper_bound":"A4AAAAAAAAKn","repeats":1},{"count":688,"lower_bound":"A4AAAAAAAAKo","upper_bound":"A4AAAAAAAAKv","repeats":1},{"count":696,"lower_bound":"A4AAAAAAAAKw","upper_bound":"A4AAAAAAAAK3","repeats":1},{"count":704,"lower_bound":"A4AAAAAAAAK4","upper_bound":"A4AAAAAAAAK/","repeats":1},{"count":712,"lower_bound":"A4AAAAAAAALA","upper_bound":"A4AAAAAAAALH","repeats":1},{"count":720,"lower_bound":"A4AAAAAAAALI","upper_bound":"A4AAAAAAAALP","repeats":1},{"count":728,"lower_bound":"A4AAAAAAAALQ","upper_bound":"A4AAAAAAAALX","repeats":1},{"count":736,"lower_bound":"A4AAAAAAAALY","upper_bound":"A4AAAAAAAALf","repeats":1},{"count":744,"lower_bound":"A4AAAAAAAALg","upper_bound":"A4AAAAAAAALn","repeats":1},{"count":752,"lower_bound":"A4AAAAAAAALo","upper_bound":"A4AAAAAAAALv","repeats":1},{"count":760,"lower_bound":"A4AAAAAAAALw","upper_bound":"A4AAAAAAAAL3","repeats":1},{"count":768,"lower_bound":"A4AAAAAAAAL4","upper_bound":"A4AAAAAAAAL/","repeats":1},{"count":776,"lower_bound":"A4AAAAAAAAMA","upper_bound":"A4AAAAAAAAMH","repeats":1},{"count":784,"lower_bound":"A4AAAAAAAAMI","upper_bound":"A4AAAAAAAAMP","repeats":1},{"count":792,"lower_bound":"A4AAAAAAAAMQ","upper_bound":"A4AAAAAAAAMX","repeats":1},{"count":800,"lower_bound":"A4AAAAAAAAMY","upper_bound":"A4AAAAAAAAMf","repeats":1},{"count":808,"lower_bound":"A4AAAAAAAAMg","upper_bound":"A4AAAAAAAAMn","repeats":1},{"count":816,"lower_bound":"A4AAAAAAAAMo","upper_bound":"A4AAAAAAAAMv","repeats":1},{"count":824,"lower_bound":"A4AAAAAAAAMw","upper_bound":"A4AAAAAAAAM3","repeats":1},{"count":832,"lower_bound":"A4AAAAAAAAM4","upper_bound":"A4AAAAAAAAM/","repeats":1},{"count":840,"lower_bound":"A4AAAAAAAANA","upper_bound":"A4AAAAAAAANH","repeats":1},{"count":848,"lower_bound":"A4AAAAAAAANI","upper_bound":"A4AAAAAAAANP","repeats":1},{"count":856,"lower_bound":"A4AAAAAAAANQ","upper_bound":"A4AAAAAAAANX","repeats":1},{"count":864,"lower_bound":"A4AAAAAAAANY","upper_bound":"A4AAAAAAAANf","repeats":1},{"count":872,"lower_bound":"A4AAAAAAAANg","upper_bound":"A4AAAAAAAANn","repeats":1},{"count":880,"lower_bound":"A4AAAAAAAANo","upper_bound":"A4AAAAAAAANv","repeats":1},{"count":888,"lower_bound":"A4AAAAAAAANw","upper_bound":"A4AAAAAAAAN3","repeats":1},{"count":896,"lower_bound":"A4AAAAAAAAN4","upper_bound":"A4AAAAAAAAN/","repeats":1},{"count":904,"lower_bound":"A4AAAAAAAAOA","upper_bound":"A4AAAAAAAAOH","repeats":1},{"count":912,"lower_bound":"A4AAAAAAAAOI","upper_bound":"A4AAAAAAAAOP","repeats":1},{"count":920,"lower_bound":"A4AAAAAAAAOQ","upper_bound":"A4AAAAAAAAOX","repeats":1},{"count":928,"lower_bound":"A4AAAAAAAAOY","upper_bound":"A4AAAAAAAAOf","repeats":1},{"count":936,"lower_bound":"A4AAAAAAAAOg","upper_bound":"A4AAAAAAAAOn","repeats":1},{"count":944,"lower_bound":"A4AAAAAAAAOo","upper_bound":"A4AAAAAAAAOv","repeats":1},{"count":952,"lower_bound":"A4AAAAAAAAOw","upper_bound":"A4AAAAAAAAO3","repeats":1},{"count":960,"lower_bound":"A4AAAAAAAAO4","upper_bound":"A4AAAAAAAAO/","repeats":1},{"count":968,"lower_bound":"A4AAAAAAAAPA","upper_bound":"A4AAAAAAAAPH","repeats":1},{"count":976,"lower_bound":"A4AAAAAAAAPI","upper_bound":"A4AAAAAAAAPP","repeats":1},{"count":984,"lower_bound":"A4AAAAAAAAPQ","upper_bound":"A4AAAAAAAAPX","repeats":1},{"count":992,"lower_bound":"A4AAAAAAAAPY","upper_bound":"A4AAAAAAAAPf","repeats":1},{"count":1000,"lower_bound":"A4AAAAAAAAPg","upper_bound":"A4AAAAAAAAPn","repeats":1},{"count":1008,"lower_bound":"A4AAAAAAAAPo","upper_bound":"A4AAAAAAAAPv","repeats":1},{"count":1016,"lower_bound":"A4AAAAAAAAPw","upper_bound":"A4AAAAAAAAP3","repeats":1},{"count":1024,"lower_bound":"A4AAAAAAAAP4","upper_bound":"A4AAAAAAAAP/","repeats":1},{"count":1032,"lower_bound":"A4AAAAAAAAQA","upper_bound":"A4AAAAAAAAQH","repeats":1},{"count":1040,"lower_bound":"A4AAAAAAAAQI","upper_bound":"A4AAAAAAAAQP","repeats":1},{"count":1048,"lower_bound":"A4AAAAAAAAQQ","upper_bound":"A4AAAAAAAAQX","repeats":1},{"count":1056,"lower_bound":"A4AAAAAAAAQY","upper_bound":"A4AAAAAAAAQf","repeats":1},{"count":1064,"lower_bound":"A4AAAAAAAAQg","upper_bound":"A4AAAAAAAAQn","repeats":1},{"count":1072,"lower_bound":"A4AAAAAAAAQo","upper_bound":"A4AAAAAAAAQv","repeats":1},{"count":1080,"lower_bound":"A4AAAAAAAAQw","upper_bound":"A4AAAAAAAAQ3","repeats":1},{"count":1088,"lower_bound":"A4AAAAAAAAQ4","upper_bound":"A4AAAAAAAAQ/","repeats":1},{"count":1096,"lower_bound":"A4AAAAAAAARA","upper_bound":"A4AAAAAAAARH","repeats":1},{"count":1104,"lower_bound":"A4AAAAAAAARI","upper_bound":"A4AAAAAAAARP","repeats":1},{"count":1112,"lower_bound":"A4AAAAAAAARQ","upper_bound":"A4AAAAAAAARX","repeats":1},{"count":1120,"lower_bound":"A4AAAAAAAARY","upper_bound":"A4AAAAAAAARf","repeats":1},{"count":1128,"lower_bound":"A4AAAAAAAARg","upper_bound":"A4AAAAAAAARn","repeats":1},{"count":1136,"lower_bound":"A4AAAAAAAARo","upper_bound":"A4AAAAAAAARv","repeats":1},{"count":1144,"lower_bound":"A4AAAAAAAARw","upper_bound":"A4AAAAAAAAR3","repeats":1},{"count":1152,"lower_bound":"A4AAAAAAAAR4","upper_bound":"A4AAAAAAAAR/","repeats":1},{"count":1160,"lower_bound":"A4AAAAAAAASA","upper_bound":"A4AAAAAAAASH","repeats":1},{"count":1168,"lower_bound":"A4AAAAAAAASI","upper_bound":"A4AAAAAAAASP","repeats":1},{"count":1176,"lower_bound":"A4AAAAAAAASQ","upper_bound":"A4AAAAAAAASX","repeats":1},{"count":1184,"lower_bound":"A4AAAAAAAASY","upper_bound":"A4AAAAAAAASf","repeats":1},{"count":1192,"lower_bound":"A4AAAAAAAASg","upper_bound":"A4AAAAAAAASn","repeats":1},{"count":1200,"lower_bound":"A4AAAAAAAASo","upper_bound":"A4AAAAAAAASv","repeats":1},{"count":1208,"lower_bound":"A4AAAAAAAASw","upper_bound":"A4AAAAAAAAS3","repeats":1},{"count":1216,"lower_bound":"A4AAAAAAAAS4","upper_bound":"A4AAAAAAAAS/","repeats":1},{"count":1224,"lower_bound":"A4AAAAAAAATA","upper_bound":"A4AAAAAAAATH","repeats":1},{"count":1232,"lower_bound":"A4AAAAAAAATI","upper_bound":"A4AAAAAAAATP","repeats":1},{"count":1240,"lower_bound":"A4AAAAAAAATQ","upper_bound":"A4AAAAAAAATX","repeats":1},{"count":1248,"lower_bound":"A4AAAAAAAATY","upper_bound":"A4AAAAAAAATf","repeats":1},{"count":1256,"lower_bound":"A4AAAAAAAATg","upper_bound":"A4AAAAAAAATn","repeats":1},{"count":1264,"lower_bound":"A4AAAAAAAATo","upper_bound":"A4AAAAAAAATv","repeats":1},{"count":1272,"lower_bound":"A4AAAAAAAATw","upper_bound":"A4AAAAAAAAT3","repeats":1},{"count":1280,"lower_bound":"A4AAAAAAAAT4","upper_bound":"A4AAAAAAAAT/","repeats":1},{"count":1288,"lower_bound":"A4AAAAAAAAUA","upper_bound":"A4AAAAAAAAUH","repeats":1},{"count":1296,"lower_bound":"A4AAAAAAAAUI","upper_bound":"A4AAAAAAAAUP","repeats":1},{"count":1304,"lower_bound":"A4AAAAAAAAUQ","upper_bound":"A4AAAAAAAAUX","repeats":1},{"count":1312,"lower_bound":"A4AAAAAAAAUY","upper_bound":"A4AAAAAAAAUf","repeats":1},{"count":1320,"lower_bound":"A4AAAAAAAAUg","upper_bound":"A4AAAAAAAAUn","repeats":1},{"count":1328,"lower_bound":"A4AAAAAAAAUo","upper_bound":"A4AAAAAAAAUv","repeats":1},{"count":1336,"lower_bound":"A4AAAAAAAAUw","upper_bound":"A4AAAAAAAAU3","repeats":1},{"count":1344,"lower_bound":"A4AAAAAAAAU4","upper_bound":"A4AAAAAAAAU/","repeats":1},{"count":1352,"lower_bound":"A4AAAAAAAAVA","upper_bound":"A4AAAAAAAAVH","repeats":1},{"count":1360,"lower_bound":"A4AAAAAAAAVI","upper_bound":"A4AAAAAAAAVP","repeats":1},{"count":1368,"lower_bound":"A4AAAAAAAAVQ","upper_bound":"A4AAAAAAAAVX","repeats":1},{"count":1376,"lower_bound":"A4AAAAAAAAVY","upper_bound":"A4AAAAAAAAVf","repeats":1},{"count":1384,"lower_bound":"A4AAAAAAAAVg","upper_bound":"A4AAAAAAAAVn","repeats":1},{"count":1392,"lower_bound":"A4AAAAAAAAVo","upper_bound":"A4AAAAAAAAVv","repeats":1},{"count":1400,"lower_bound":"A4AAAAAAAAVw","upper_bound":"A4AAAAAAAAV3","repeats":1},{"count":1408,"lower_bound":"A4AAAAAAAAV4","upper_bound":"A4AAAAAAAAV/","repeats":1},{"count":1416,"lower_bound":"A4AAAAAAAAWA","upper_bound":"A4AAAAAAAAWH","repeats":1},{"count":1424,"lower_bound":"A4AAAAAAAAWI","upper_bound":"A4AAAAAAAAWP","repeats":1},{"count":1432,"lower_bound":"A4AAAAAAAAWQ","upper_bound":"A4AAAAAAAAWX","repeats":1},{"count":1440,"lower_bound":"A4AAAAAAAAWY","upper_bound":"A4AAAAAAAAWf","repeats":1},{"count":1448,"lower_bound":"A4AAAAAAAAWg","upper_bound":"A4AAAAAAAAWn","repeats":1},{"count":1456,"lower_bound":"A4AAAAAAAAWo","upper_bound":"A4AAAAAAAAWv","repeats":1},{"count":1464,"lower_bound":"A4AAAAAAAAWw","upper_bound":"A4AAAAAAAAW3","repeats":1},{"count":1472,"lower_bound":"A4AAAAAAAAW4","upper_bound":"A4AAAAAAAAW/","repeats":1},{"count":1480,"lower_bound":"A4AAAAAAAAXA","upper_bound":"A4AAAAAAAAXH","repeats":1},{"count":1488,"lower_bound":"A4AAAAAAAAXI","upper_bound":"A4AAAAAAAAXP","repeats":1},{"count":1496,"lower_bound":"A4AAAAAAAAXQ","upper_bound":"A4AAAAAAAAXX","repeats":1},{"count":1504,"lower_bound":"A4AAAAAAAAXY","upper_bound":"A4AAAAAAAAXf","repeats":1},{"count":1512,"lower_bound":"A4AAAAAAAAXg","upper_bound":"A4AAAAAAAAXn","repeats":1},{"count":1520,"lower_bound":"A4AAAAAAAAXo","upper_bound":"A4AAAAAAAAXv","repeats":1},{"count":1528,"lower_bound":"A4AAAAAAAAXw","upper_bound":"A4AAAAAAAAX3","repeats":1},{"count":1536,"lower_bound":"A4AAAAAAAAX4","upper_bound":"A4AAAAAAAAX/","repeats":1},{"count":1544,"lower_bound":"A4AAAAAAAAYA","upper_bound":"A4AAAAAAAAYH","repeats":1},{"count":1552,"lower_bound":"A4AAAAAAAAYI","upper_bound":"A4AAAAAAAAYP","repeats":1},{"count":1560,"lower_bound":"A4AAAAAAAAYQ","upper_bound":"A4AAAAAAAAYX","repeats":1},{"count":1568,"lower_bound":"A4AAAAAAAAYY","upper_bound":"A4AAAAAAAAYf","repeats":1},{"count":1576,"lower_bound":"A4AAAAAAAAYg","upper_bound":"A4AAAAAAAAYn","repeats":1},{"count":1584,"lower_bound":"A4AAAAAAAAYo","upper_bound":"A4AAAAAAAAYv","repeats":1},{"count":1592,"lower_bound":"A4AAAAAAAAYw","upper_bound":"A4AAAAAAAAY3","repeats":1},{"count":1600,"lower_bound":"A4AAAAAAAAY4","upper_bound":"A4AAAAAAAAY/","repeats":1},{"count":1608,"lower_bound":"A4AAAAAAAAZA","upper_bound":"A4AAAAAAAAZH","repeats":1},{"count":1616,"lower_bound":"A4AAAAAAAAZI","upper_bound":"A4AAAAAAAAZP","repeats":1},{"count":1624,"lower_bound":"A4AAAAAAAAZQ","upper_bound":"A4AAAAAAAAZX","repeats":1},{"count":1632,"lower_bound":"A4AAAAAAAAZY","upper_bound":"A4AAAAAAAAZf","repeats":1},{"count":1640,"lower_bound":"A4AAAAAAAAZg","upper_bound":"A4AAAAAAAAZn","repeats":1},{"count":1648,"lower_bound":"A4AAAAAAAAZo","upper_bound":"A4AAAAAAAAZv","repeats":1},{"count":1656,"lower_bound":"A4AAAAAAAAZw","upper_bound":"A4AAAAAAAAZ3","repeats":1},{"count":1664,"lower_bound":"A4AAAAAAAAZ4","upper_bound":"A4AAAAAAAAZ/","repeats":1},{"count":1672,"lower_bound":"A4AAAAAAAAaA","upper_bound":"A4AAAAAAAAaH","repeats":1},{"count":1680,"lower_bound":"A4AAAAAAAAaI","upper_bound":"A4AAAAAAAAaP","repeats":1},{"count":1688,"lower_bound":"A4AAAAAAAAaQ","upper_bound":"A4AAAAAAAAaX","repeats":1},{"count":1696,"lower_bound":"A4AAAAAAAAaY","upper_bound":"A4AAAAAAAAaf","repeats":1},{"count":1704,"lower_bound":"A4AAAAAAAAag","upper_bound":"A4AAAAAAAAan","repeats":1},{"count":1712,"lower_bound":"A4AAAAAAAAao","upper_bound":"A4AAAAAAAAav","repeats":1},{"count":1720,"lower_bound":"A4AAAAAAAAaw","upper_bound":"A4AAAAAAAAa3","repeats":1},{"count":1728,"lower_bound":"A4AAAAAAAAa4","upper_bound":"A4AAAAAAAAa/","repeats":1},{"count":1736,"lower_bound":"A4AAAAAAAAbA","upper_bound":"A4AAAAAAAAbH","repeats":1},{"count":1744,"lower_bound":"A4AAAAAAAAbI","upper_bound":"A4AAAAAAAAbP","repeats":1},{"count":1752,"lower_bound":"A4AAAAAAAAbQ","upper_bound":"A4AAAAAAAAbX","repeats":1},{"count":1760,"lower_bound":"A4AAAAAAAAbY","upper_bound":"A4AAAAAAAAbf","repeats":1},{"count":1768,"lower_bound":"A4AAAAAAAAbg","upper_bound":"A4AAAAAAAAbn","repeats":1},{"count":1776,"lower_bound":"A4AAAAAAAAbo","upper_bound":"A4AAAAAAAAbv","repeats":1},{"count":1784,"lower_bound":"A4AAAAAAAAbw","upper_bound":"A4AAAAAAAAb3","repeats":1},{"count":1792,"lower_bound":"A4AAAAAAAAb4","upper_bound":"A4AAAAAAAAb/","repeats":1},{"count":1800,"lower_bound":"A4AAAAAAAAcA","upper_bound":"A4AAAAAAAAcH","repeats":1},{"count":1808,"lower_bound":"A4AAAAAAAAcI","upper_bound":"A4AAAAAAAAcP","repeats":1},{"count":1816,"lower_bound":"A4AAAAAAAAcQ","upper_bound":"A4AAAAAAAAcX","repeats":1},{"count":1824,"lower_bound":"A4AAAAAAAAcY","upper_bound":"A4AAAAAAAAcf","repeats":1},{"count":1832,"lower_bound":"A4AAAAAAAAcg","upper_bound":"A4AAAAAAAAcn","repeats":1},{"count":1840,"lower_bound":"A4AAAAAAAAco","upper_bound":"A4AAAAAAAAcv","repeats":1},{"count":1848,"lower_bound":"A4AAAAAAAAcw","upper_bound":"A4AAAAAAAAc3","repeats":1},{"count":1856,"lower_bound":"A4AAAAAAAAc4","upper_bound":"A4AAAAAAAAc/","repeats":1},{"count":1864,"lower_bound":"A4AAAAAAAAdA","upper_bound":"A4AAAAAAAAdH","repeats":1},{"count":1872,"lower_bound":"A4AAAAAAAAdI","upper_bound":"A4AAAAAAAAdP","repeats":1},{"count":1880,"lower_bound":"A4AAAAAAAAdQ","upper_bound":"A4AAAAAAAAdX","repeats":1},{"count":1888,"lower_bound":"A4AAAAAAAAdY","upper_bound":"A4AAAAAAAAdf","repeats":1},{"count":1896,"lower_bound":"A4AAAAAAAAdg","upper_bound":"A4AAAAAAAAdn","repeats":1},{"count":1904,"lower_bound":"A4AAAAAAAAdo","upper_bound":"A4AAAAAAAAdv","repeats":1},{"count":1912,"lower_bound":"A4AAAAAAAAdw","upper_bound":"A4AAAAAAAAd3","repeats":1},{"count":1920,"lower_bound":"A4AAAAAAAAd4","upper_bound":"A4AAAAAAAAd/","repeats":1},{"count":1928,"lower_bound":"A4AAAAAAAAeA","upper_bound":"A4AAAAAAAAeH","repeats":1},{"count":1936,"lower_bound":"A4AAAAAAAAeI","upper_bound":"A4AAAAAAAAeP","repeats":1},{"count":1944,"lower_bound":"A4AAAAAAAAeQ","upper_bound":"A4AAAAAAAAeX","repeats":1},{"count":1952,"lower_bound":"A4AAAAAAAAeY","upper_bound":"A4AAAAAAAAef","repeats":1},{"count":1960,"lower_bound":"A4AAAAAAAAeg","upper_bound":"A4AAAAAAAAen","repeats":1},{"count":1968,"lower_bound":"A4AAAAAAAAeo","upper_bound":"A4AAAAAAAAev","repeats":1},{"count":1976,"lower_bound":"A4AAAAAAAAew","upper_bound":"A4AAAAAAAAe3","repeats":1},{"count":1984,"lower_bound":"A4AAAAAAAAe4","upper_bound":"A4AAAAAAAAe/","repeats":1},{"count":1992,"lower_bound":"A4AAAAAAAAfA","upper_bound":"A4AAAAAAAAfH","repeats":1},{"count":2000,"lower_bound":"A4AAAAAAAAfI","upper_bound":"A4AAAAAAAAfP","repeats":1}]},"cm_sketch":null,"null_count":0,"last_update_version":397952054633693184}},"count":1985,"modify_count":0,"version":0}