{"database_name":"test","table_name":"tbl_006","columns":{"a":{"histogram":{"ndv":2000,"buckets":[{"count":8,"lower_bound":"LTIxNDI0NTk0NjM=","upper_bound":"LTIxMzMxNDY2NjY=","repeats":1},{"count":16,"lower_bound":"LTIxMzI0MDk4MzU=","upper_bound":"LTIxMTMwMDY4NzU=","repeats":1},{"count":24,"lower_bound":"LTIxMDc3ODI4OTI=","upper_bound":"LTIwOTI2NTY2OTA=","repeats":1},{"count":32,"lower_bound":"LTIwODk2NDA3MDc=","upper_bound":"LTIwNzgwMjk1NjM=","repeats":1},{"count":40,"lower_bound":"LTIwNTYzODU0NDM=","upper_bound":"LTIwNDI3MzQxNjE=","repeats":1},{"count":48,"lower_bound":"LTIwMzk4MDA5NDg=","upper_bound":"LTIwMjE0ODI1MjQ=","repeats":1},{"count":56,"lower_bound":"LTIwMTQzODc0MTk=","upper_bound":"LTIwMDEzNzAwMzY=","repeats":1},{"count":64,"lower_bound":"LTE5OTg1OTM4NDY=","upper_bound":"LTE5Nzg1NjY2Mzc=","repeats":1},{"count":72,"lower_bound":"LTE5NzUwMDgxNTg=","upper_bound":"LTE5NjI4NDQzMTY=","repeats":1},{"count":80,"lower_bound":"LTE5NTA0MjEzMzk=","upper_bound":"LTE5NDM3ODM1Nzk=","repeats":1},{"count":88,"lower_bound":"LTE5NDMzODk0MjA=","upper_bound":"LTE5MjM4ODczMDU=","repeats":1},{"count":96,"lower_bound":"LTE5MjE0NzcyODc=","upper_bound":"LTE5MDY3MzgwODI=","repeats":1},{"count":104,"lower_bound":"LTE5MDMwNTQyODM=","upper_bound":"LTE4OTg0ODgxODQ=","repeats":1},{"count":112,"lower_bound":"LTE4OTYyMDMzOTA=","upper_bound":"LTE4ODc2OTY1MzY=","repeats":1},{"count":120,"lower_bound":"LTE4ODY0Njk5MjQ=","upper_bound":"LTE4NzMwMTE2MzU=","repeats":1},{"count":128,"lower_bound":"LTE4NzIxNTY3NjQ=","upper_bound":"LTE4NTc3ODg3NDA=","repeats":1},{"count":136,"lower_bound":"LTE4NDU5MDA4NDU=","upper_bound":"LTE4NDMwMDAwNDQ=","repeats":1},{"count":144,"lower_bound":"LTE4MzgyODk2ODg=","upper_bound":"LTE4Mjc5OTM2NTg=","repeats":1},{"count":152,"lower_bound":"LTE4MjAwMzQ1MDQ=","upper_bound":"LTE4MDQ5MDE5NTE=","repeats":1},{"count":160,"lower_bound":"LTE4MDE4MDM2Mzg=","upper_bound":"LTE3Nzg4MTU3NzE=","repeats":1},{"count":168,"lower_bound":"LTE3Njk1NTkyMzk=","upper_bound":"LTE3NDM3NTkwMDI=","repeats":1},{"count":176,"lower_bound":"LTE3NDI4ODgzMDc=","upper_bound":"LTE3MzYwMTcwOTE=","repeats":1},{"count":184,"lower_bound":"LTE3MzQzMzI1NTk=","upper_bound":"LTE3Mjc4MTQ5NTg=","repeats":1},{"count":192,"lower_bound":"LTE3MjU3NDUzNTM=","upper_bound":"LTE3MDg5Mzg4NTk=","repeats":1},{"count":200,"lower_bound":"LTE3MDcyODMwOTM=","upper_bound":"LTE2OTQ5NjQ1MjM=","repeats":1},{"count":208,"lower_bound":"LTE2OTA3OTc2ODk=","upper_bound":"LTE2ODYxNDU1NDg=","repeats":1},{"count":216,"lower_bound":"LTE2ODQxMjUyNjM=","upper_bound":"LTE2NTUwNDU2NjQ=","repeats":1},{"count":224,"lower_bound":"LTE2NTAzNTE1NjI=","upper_bound":"LTE2Mzg1NjYyNjM=","repeats":1},{"count":232,"lower_bound":"LTE2MzYzNjk4NTE=","upper_bound":"LTE2MjI3Mzg3NTE=","repeats":1},{"count":240,"lower_bound":"LTE2MTU0Njc4NDA=","upper_bound":"LTE2MDE3NDgwNzY=","repeats":1},{"count":248,"lower_bound":"LTE1OTcwMzYxMjM=","upper_bound":"LTE1NjM4Mzk5NTU=","repeats":1},{"count":256,"lower_bound":"LTE1NjIxMTQwMTY=","upper_bound":"LTE1NTU5MDQwNjQ=","repeats":1},{"count":264,"lower_bound":"LTE1NDQ5MjEzNTI=","upper_bound":"LTE1NDA3OTkxMTU=","repeats":1},{"count":272,"lower_bound":"LTE1Mzk1OTk1OTU=","upper_bound":"LTE0OTUxNzQxOTI=","repeats":1},{"count":280,"lower_bound":"LTE0OTI0NDQyMzA=","upper_bound":"LTE0NzQxNTIxMDc=","repeats":1},{"count":288,"lower_bound":"LTE0Njk4MjgzNjc=","upper_bound":"LTE0NjQ2MjIxMDc=","repeats":1},{"count":296,"lower_bound":"LTE0NjI5MDMzNjM=","upper_bound":"LTE0NTU4OTkwNTE=","repeats":1},{"count":304,"lower_bound":"LTE0NTQzMzc0MjI=","upper_bound":"LTE0MzQ4NjE5NDU=","repeats":1},{"count":312,"lower_bound":"LTE0Mjg3NTk1OTU=","upper_bound":"LTE0MjE1MzAzMzk=","repeats":1},{"count":320,"lower_bound":"LTE0MDUwNDk0NDI=","upper_bound":"LTE0MDA2MzYwMDk=","repeats":1},{"count":328,"lower_bound":"LTEzOTQ5NzAxNDQ=","upper_bound":"LTEzODMyNzE2NzI=","repeats":1},{"count":336,"lower_bound":"LTEzODI4ODUxMDM=","upper_bound":"LTEzNjg3OTY1ODE=","repeats":1},{"count":344,"lower_bound":"LTEzNjMyNzM0NjQ=","upper_bound":"LTEzNDc1OTg3MjM=","repeats":1},{"count":352,"lower_bound":"LTEzMzExODMzNDM=","upper_bound":"LTEzMjc5MDI1Mzk=","repeats":1},{"count":360,"lower_bound":"LTEzMjY1MzQ3NDI=","upper_bound":"LTEzMjA4MjA4Njc=","repeats":1},{"count":368,"lower_bound":"LTEzMTk1MDg3MzU=","upper_bound":"LTEzMTI3ODU2OTA=","repeats":1},{"count":376,"lower_bound":"LTEzMDkzNzUwMjQ=","upper_bound":"LTEyOTkwMTA1MjU=","repeats":1},{"count":384,"lower_bound":"LTEyOTU3Mzk4MDY=","upper_bound":"LTEyODg1Mjg5NTE=","repeats":1},{"count":392,"lower_bound":"LTEyODI5NjAwNjI=","upper_bound":"LTEyNzA2MDQ0NTY=","repeats":1},{"count":400,"lower_bound":"LTEyNjk1MTM5MDg=","upper_bound":"LTEyNjEzOTg0OTk=","repeats":1},{"count":408,"lower_bound":"LTEyNTE2NjQwMzc=","upper_bound":"LTEyNDUxNDM4Mjg=","repeats":1},{"count":416,"lower_bound":"LTEyMzg4MDg5NzA=","upper_bound":"LTEyMTk5MzE4NDM=","repeats":1},{"count":424,"lower_bound":"LTExOTc0NzYxNzA=","upper_bound":"LTExODM0MTA1OTU=","repeats":1},{"count":432,"lower_bound":"LTExODE3OTA1MTg=","upper_bound":"LTExNzA5NzIxMjI=","repeats":1},{"count":440,"lower_bound":"LTExNjc4NTE4ODI=","upper_bound":"LTExNTI2MzkxNjI=","repeats":1},{"count":448,"lower_bound":"LTExNDgxMzg3MDU=","upper_bound":"LTExMzk2MTA2MTE=","repeats":1},{"count":456,"lower_bound":"LTExMzU3ODcwNDM=","upper_bound":"LTExMTI5MDc3OTQ=","repeats":1},{"count":464,"lower_bound":"LTExMDg4NDUzOTk=","upper_bound":"LTEwOTQzNTM3NTQ=","repeats":1},{"count":472,"lower_bound":"LTEwOTMwNDM1ODA=","upper_bound":"LTEwNzQ3OTc1NTk=","repeats":1},{"count":480,"lower_bound":"LTEwNzI0NTg3MzI=","upper_bound":"LTEwMzkwMTY2MDA=","repeats":1},{"count":488,"lower_bound":"LTEwMzc4NjczMjM=","upper_bound":"LTEwMjE5Njg3NDk=","repeats":1},{"count":496,"lower_bound":"LTEwMTM3NDU4NjA=","upper_bound":"LTk4NzA1NjMxMg==","repeats":1},{"count":504,"lower_bound":"LTk4NjkxOTE2Nw==","upper_bound":"LTk3NTQzMTI5NA==","repeats":1},{"count":512,"lower_bound":"LTk3NTM5NTY0NQ==","upper_bound":"LTk1NDgwMTA5OA==","repeats":1},{"count":520,"lower_bound":"LTk1MjQ4NTcxMg==","upper_bound":"LTk0NDQ5Mjg0NQ==","repeats":1},{"count":528,"lower_bound":"LTkzNDg4MzU0MQ==","upper_bound":"LTkxNzUyNDcxNQ==","repeats":1},{"count":536,"lower_bound":"LTkxNzAzODIzMw==","upper_bound":"LTkwMDM5MDkxMA==","repeats":1},{"count":544,"lower_bound":"LTg5OTU0Mzc0NQ==","upper_bound":"LTg5NTM1NTcxMw==","repeats":1},{"count":552,"lower_bound":"LTg4Njg3MzE3MA==","upper_bound":"LTg3ODY5ODk5NQ==","repeats":1},{"count":560,"lower_bound":"LTg3ODE2OTA1NA==","upper_bound":"LTg3MDg1ODk0NQ==","repeats":1},{"count":568,"lower_bound":"LTg2OTIxMTM3MA==","upper_bound":"LTg1NTc3NDUwNQ==","repeats":1},{"count":576,"lower_bound":"LTg1NDU0MTQzMQ==","upper_bound":"LTgzNzMwOTY0Nw==","repeats":1},{"count":584,"lower_bound":"LTgzNTI1NjU1Nw==","upper_bound":"LTgxOTQ4ODM1Mg==","repeats":1},{"count":592,"lower_bound":"LTgxNjAyNzM5Ng==","upper_bound":"LTgwMjYxNTE0OA==","repeats":1},{"count":600,"lower_bound":"LTgwMjM2MTg4Nw==","upper_bound":"LTc5ODU0NzcwNw==","repeats":1},{"count":608,"lower_bound":"LTc5MzMzMTI1MQ==","upper_bound":"LTc3NTUzMTE4NA==","repeats":1},{"count":616,"lower_bound":"LTc3MzQ3ODYwNg==","upper_bound":"LTc2NjQ5NDk1MQ==","repeats":1},{"count":624,"lower_bound":"LTc2NTQ2MzAwMw==","upper_bound":"LTc1NDE0Mjc5MQ==","repeats":1},{"count":632,"lower_bound":"LTc1MzIzODM2NA==","upper_bound":"LTc0ODg2ODIwMA==","repeats":1},{"count":640,"lower_bound":"LTc0NTkwOTMwOQ==","upper_bound":"LTczNTg3MTA3MQ==","repeats":1},{"count":648,"lower_bound":"LTcyNTIxODgxNw==","upper_bound":"LTcxNTY5NTU2Nw==","repeats":1},{"count":656,"lower_bound":"LTcwODY1MjE0MQ==","upper_bound":"LTcwNTgyMjE0NQ==","repeats":1},{"count":664,"lower_bound":"LTcwNTEwOTA3OQ==","upper_bound":"LTY3OTEyMzE4Mw==","repeats":1},{"count":672,"lower_bound":"LTY3NzYyNzcxMQ==","upper_bound":"LTY2MTE4NTI2MA==","repeats":1},{"count":680,"lower_bound":"LTY1NTg5MzQwNQ==","upper_bound":"LTYzNTU1MTY1NA==","repeats":1},{"count":688,"lower_bound":"LTYzNTM1MzA3Nw==","upper_bound":"LTYyMDgzODcyOA==","repeats":1},{"count":696,"lower_bound":"LTYwNzQwNDU0OQ==","upper_bound":"LTU3NzM3NTAxMw==","repeats":1},{"count":704,"lower_bound":"LTU3NDY3MjU3OQ==","upper_bound":"LTU2NzM5Mzc2OQ==","repeats":1},{"count":712,"lower_bound":"LTU2NzIxMzQ4NQ==","upper_bound":"LTU2MDkzODMzNQ==","repeats":1},{"count":720,"lower_bound":"LTU0OTg1MTk2Nw==","upper_bound":"LTU0NTg4NjE0NA==","repeats":1},{"count":728,"lower_bound":"LTU0NDA0MDQzNQ==","upper_bound":"LTUyODgyNzQxOQ==","repeats":1},{"count":736,"lower_bound":"LTUxOTc5MTYwNg==","upper_bound":"LTQ5MDE2NTE4OA==","repeats":1},{"count":744,"lower_bound":"LTQ4MzExMTQ5MQ==","upper_bound":"LTQ2MzE2ODk5NQ==","repeats":1},{"count":752,"lower_bound":"LTQ2MTk5MzUzNA==","upper_bound":"LTQ1NTcwNDc5OQ==","repeats":1},{"count":760,"lower_bound":"LTQ1NTA1OTAwNg==","upper_bound":"LTQ0NDczMTA4OA==","repeats":1},{"count":768,"lower_bound":"LTQ0NDQzMjc4MA==","upper_bound":"LTQzNTk2OTk0NA==","repeats":1},{"count":776,"lower_bound":"LTQzNDU5OTAwNA==","upper_bound":"LTQyMzI5OTQ4Nw==","repeats":1},{"count":784,"lower_bound":"LTQxNjU5NTYyMg==","upper_bound":"LTQwNzc0NTEwMQ==","repeats":1},{"count":792,"lower_bound":"LTQwNTQ1NDkyNQ==","upper_bound":"LTM5Mzg1NDQ5OA==","repeats":1},{"count":800,"lower_bound":"LTM3ODk2NzIxMQ==","upper_bound":"LTM2NTQ0Mzk2Mw==","repeats":1},{"count":808,"lower_bound":"LTM2MzY1MTkzNg==","upper_bound":"LTM1NzYzMDUwOA==","repeats":1},{"count":816,"lower_bound":"LTM0ODYzNDgwOQ==","upper_bound":"LTM0MDQ4OTk5Nw==","repeats":1},{"count":824,"lower_bound":"LTM0MDQ1MTI0NQ==","upper_bound":"LTMzNzUyOTU0NA==","repeats":1},{"count":832,"lower_bound":"LTMzNTYxMzgxMQ==","upper_bound":"LTMyOTA4ODcwNg==","repeats":1},{"count":840,"lower_bound":"LTMyNzE2ODg2Nw==","upper_bound":"LTMwOTM2MjYxNg==","repeats":1},{"count":848,"lower_bound":"LTMwMDA4Njc4MA==","upper_bound":"LTI5MTY3MjIyNg==","repeats":1},{"count":856,"lower_bound":"LTI4ODY1MTY0OA==","upper_bound":"LTI4MDIyNzk2Ng==","repeats":1},{"count":864,"lower_bound":"LTI3OTY4OTEwMA==","upper_bound":"LTI2OTUzMTkxNQ==","repeats":1},{"count":872,"lower_bound":"LTI2NjYxNTk0NQ==","upper_bound":"LTI1MjYwMzYyNw==","repeats":1},{"count":880,"lower_bound":"LTI0ODU5NTEzNw==","upper_bound":"LTI0MjExNTgwMw==","repeats":1},{"count":888,"lower_bound":"LTIyOTU4NzEwNg==","upper_bound":"LTIyMjQxNzI1MA==","repeats":1},{"count":896,"lower_bound":"LTIxNzQ1Mjc2NQ==","upper_bound":"LTIwODgzMTQ3Ng==","repeats":1},{"count":904,"lower_bound":"LTIwNzY0NDU1NA==","upper_bound":"LTE5MTc1MzQzMQ==","repeats":1},{"count":912,"lower_bound":"LTE4ODc2MzQ4OQ==","upper_bound":"LTE3MjI4ODY4Mw==","repeats":1},{"count":920,"lower_bound":"LTE3MjA5MzAzNg==","upper_bound":"LTE2NjcxMDkzMA==","repeats":1},{"count":928,"lower_bound":"LTE1NTg2Njg3NQ==","upper_bound":"LTE1MDk0NTkwOQ==","repeats":1},{"count":936,"lower_bound":"LTE0OTQ0ODc0Mg==","upper_bound":"LTE0NTQ1NzU3Mw==","repeats":1},{"count":944,"lower_bound":"LTE0NDExMjk2OQ==","upper_bound":"LTEzNzEzNDg1OA==","repeats":1},{"count":952,"lower_bound":"LTEzNjkwNzc2NA==","upper_bound":"LTEyNDQ1MjQ1Mw==","repeats":1},{"count":960,"lower_bound":"LTEyMzI0NjgzMw==","upper_bound":"LTk4MDA5NjQz","repeats":1},{"count":968,"lower_bound":"LTk2MDE2MTU5","upper_bound":"LTg4NjM2MjIz","repeats":1},{"count":976,"lower_bound":"LTg4MzQ1MDA1","upper_bound":"LTgwODQ0OTI5","repeats":1},{"count":984,"lower_bound":"LTc2OTE3MzAw","upper_bound":"LTcyMDE0Njk4","repeats":1},{"count":992,"lower_bound":"LTcxNTEwMDI5","upper_bound":"LTUyNzYyNDIz","repeats":1},{"count":1000,"lower_bound":"LTUxNDQ0NTQ3","upper_bound":"LTM4MDQ1MTE4","repeats":1},{"count":1008,"lower_bound":"LTIzMTYyOTg3","upper_bound":"LTYzNzk2NTM=","repeats":1},{"count":1016,"lower_bound":"LTExNDkwMA==","upper_bound":"OTM0NTM2MQ==","repeats":1},{"count":1024,"lower_bound":"MTIwNTcwNzM=","upper_bound":"MjM3OTczODA=","repeats":1},{"count":1032,"lower_bound":"MjUzNTcwMzI=","upper_bound":"NDY4MTYxNTM=","repeats":1},{"count":1040,"lower_bound":"NTEzODQxNTg=","upper_bound":"NjMyODY1ODk=","repeats":1},{"count":1048,"lower_bound":"Njk0Mjk1ODI=","upper_bound":"ODc4MDgwMTc=","repeats":1},{"count":1056,"lower_bound":"OTEzNTYyMjM=","upper_bound":"MTEzMTg4NjAx","repeats":1},{"count":1064,"lower_bound":"MTE2MTM5OTUz","upper_bound":"MTI0NTc5Mzg3","repeats":1},{"count":1072,"lower_bound":"MTI1ODYyODEw","upper_bound":"MTMwMzA0MjEw","repeats":1},{"count":1080,"lower_bound":"MTMzMjgwNjE1","upper_bound":"MTM4NjM2MjIx","repeats":1},{"count":1088,"lower_bound":"MTQzODQyNzcy","upper_bound":"MTYwMzk2ODA3","repeats":1},{"count":1096,"lower_bound":"MTYwNDM3OTM1","upper_bound":"MTY4MTc1NzU4","repeats":1},{"count":1104,"lower_bound":"MTcxMzY5MDAx","upper_bound":"MTc4MTg3NzMw","repeats":1},{"count":1112,"lower_bound":"MTc5ODg2ODMz","upper_bound":"MTkwNzY2NTU2","repeats":1},{"count":1120,"lower_bound":"MTkxNTcwNDg4","upper_bound":"MTk0OTMzMTYx","repeats":1},{"count":1128,"lower_bound":"MTk1ODYzMzUx","upper_bound":"MjAyMzM2NzM2","repeats":1},{"count":1136,"lower_bound":"MjAzNjMwNjAw","upper_bound":"MjI1NjQ1Nzg1","repeats":1},{"count":1144,"lower_bound":"MjM0NDk4Nzk2","upper_bound":"MjUzNDI5MjI5","repeats":1},{"count":1152,"lower_bound":"MjY4MzY2MzEy","upper_bound":"MjcyODI4MDc2","repeats":1},{"count":1160,"lower_bound":"Mjc0MDUyODY0","upper_bound":"MjkzNzcwNjI0","repeats":1},{"count":1168,"lower_bound":"Mjk4ODE3NjU5","upper_bound":"MzA3MDE0ODkw","repeats":1},{"count":1176,"lower_bound":"MzA3ODA2NzQx","upper_bound":"MzE2MTUzMjIx","repeats":1},{"count":1184,"lower_bound":"MzI1MjIwNDUz","upper_bound":"MzQ4NTU4MzQx","repeats":1},{"count":1192,"lower_bound":"MzQ5MjEwMDQy","upper_bound":"MzYyMjA2OTY1","repeats":1},{"count":1200,"lower_bound":"MzY0OTU2MDM3","upper_bound":"MzgzOTExMDQ4","repeats":1},{"count":1208,"lower_bound":"Mzg0MTY3MDg1","upper_bound":"NDA0MDgyNzAw","repeats":1},{"count":1216,"lower_bound":"NDExMTI1NTQ5","upper_bound":"NDI1MjI0NzI3","repeats":1},{"count":1224,"lower_bound":"NDM1Njk1OTEx","upper_bound":"NDUyNTE0OTk5","repeats":1},{"count":1232,"lower_bound":"NDU1ODUzMzIz","upper_bound":"NDg1ODY2NTk5","repeats":1},{"count":1240,"lower_bound":"NDkwODM3MzQ0","upper_bound":"NDk4Njg3MTIy","repeats":1},{"count":1248,"lower_bound":"NTA0NTMyMzYz","upper_bound":"NTE0NTMyNjk2","repeats":1},{"count":1256,"lower_bound":"NTIyMzY3OTgx","upper_bound":"NTMyMTIyMDY3","repeats":1},{"count":1264,"lower_bound":"NTQwMjUxMDIw","upper_bound":"NTQzMTY5NzE1","repeats":1},{"count":1272,"lower_bound":"NTQ0NTQ5MTI2","upper_bound":"NTU5OTkwOTUw","repeats":1},{"count":1280,"lower_bound":"NTY1OTk2MTk4","upper_bound":"NTgxOTU2MzA1","repeats":1},{"count":1288,"lower_bound":"NTgzMTk2MzI5","upper_bound":"NjA0MjIwODcz","repeats":1},{"count":1296,"lower_bound":"NjA5MjgwNDgw","upper_bound":"NjE1ODEwODEx","repeats":1},{"count":1304,"lower_bound":"NjE3MTU3Mjgw","upper_bound":"NjI4ODczNDI0","repeats":1},{"count":1312,"lower_bound":"NjM0MTM5NDIy","upper_bound":"NjU1MjY5MTc0","repeats":1},{"count":1320,"lower_bound":"NjU2MzA4MDU1","upper_bound":"NjY3Njc4NzUz","repeats":1},{"count":1328,"lower_bound":"NjY4Mzc1MjQ2","upper_bound":"Njk4MDA4MjMy","repeats":1},{"count":1336,"lower_bound":"NzAwOTc2NzM1","upper_bound":"NzA2MzUyNDAy","repeats":1},{"count":1344,"lower_bound":"NzA2NTI0MTc3","upper_bound":"NzExMTEzNTU1","repeats":1},{"count":1352,"lower_bound":"NzExMjk0NzQx","upper_bound":"NzM3NDIzMzM0","repeats":1},{"count":1360,"lower_bound":"NzM3ODI2NzEy","upper_bound":"NzUwMTI1NDcw","repeats":1},{"count":1368,"lower_bound":"NzcwOTYzNDc2","upper_bound":"Nzg4NDgwNjgz","repeats":1},{"count":1376,"lower_bound":"NzkzNjE0MzI5","upper_bound":"Nzk3MDk0OTk1","repeats":1},{"count":1384,"lower_bound":"ODAyODAzOTUx","upper_bound":"ODA4MDU5MjYx","repeats":1},{"count":1392,"lower_bound":"ODA4MDYxMzAx","upper_bound":"ODIzNjA5ODI1","repeats":1},{"count":1400,"lower_bound":"ODI5NDcwNjgw","upper_bound":"ODM3NjE0OTY4","repeats":1},{"count":1408,"lower_bound":"ODQyMzI0OTEz","upper_bound":"ODQ4NTEyMTQ5","repeats":1},{"count":1416,"lower_bound":"ODUyODY0NDM1","upper_bound":"ODYzNDEzMTI0","repeats":1},{"count":1424,"lower_bound":"ODcxMTQxNjc0","upper_bound":"ODc1NDcwODAw","repeats":1},{"count":1432,"lower_bound":"ODc4MzYwNDMx","upper_bound":"ODg0NzIyNDA3","repeats":1},{"count":1440,"lower_bound":"ODg1Mzg2ODg2","upper_bound":"ODk5MzgwNzgw","repeats":1},{"count":1448,"lower_bound":"OTEwNjE3NDEy","upper_bound":"OTE3ODcxNTM2","repeats":1},{"count":1456,"lower_bound":"OTIzMjM0MzE0","upper_bound":"OTM5MTk3Mzgy","repeats":1},{"count":1464,"lower_bound":"OTQzMDE5MDc2","upper_bound":"OTUzNjI3Mzc0","repeats":1},{"count":1472,"lower_bound":"OTY2MDQ3MTU3","upper_bound":"OTkwNjc5Nzg1","repeats":1},{"count":1480,"lower_bound":"MTAwNDgwNDk4OA==","upper_bound":"MTAzMDA3NzY5MA==","repeats":1},{"count":1488,"lower_bound":"MTAzMzk1MzMwNA==","upper_bound":"MTA0NjQ4OTUxNw==","repeats":1},{"count":1496,"lower_bound":"MTA0Njg1Njg3OA==","upper_bound":"MTA1Mzc1NTM3NA==","repeats":1},{"count":1504,"lower_bound":"MTA1NDU4MTkyNw==","upper_bound":"MTA3MzQxNzgwMA==","repeats":1},{"count":1512,"lower_bound":"MTA3NDkxMDk3Mw==","upper_bound":"MTA4OTA3OTU0OA==","repeats":1},{"count":1520,"lower_bound":"MTA5MzQxMjg5Mg==","upper_bound":"MTEwNDAwMzY1Ng==","repeats":1},{"count":1528,"lower_bound":"MTEwNTMyMDQyNw==","upper_bound":"MTExNjkzMzIxMQ==","repeats":1},{"count":1536,"lower_bound":"MTEyMzc5OTI0Mw==","upper_bound":"MTE1MzA2NzgyMg==","repeats":1},{"count":1544,"lower_bound":"MTE1MzYzMjYxNw==","upper_bound":"MTE2MDk4ODY2NA==","repeats":1},{"count":1552,"lower_bound":"MTE2NDYxNzg5MQ==","upper_bound":"MTE3OTM5ODY1OQ==","repeats":1},{"count":1560,"lower_bound":"MTE4NjQ4MDUwNw==","upper_bound":"MTIwNDQ1NDU1Nw==","repeats":1},{"count":1568,"lower_bound":"MTIwNTc3NDE2Mw==","upper_bound":"MTIzNzAxODQ0Mg==","repeats":1},{"count":1576,"lower_bound":"MTIzODAxMzkzNw==","upper_bound":"MTI0NTU4NzYyNQ==","repeats":1},{"count":1584,"lower_bound":"MTI1MTg0MTM0Mg==","upper_bound":"MTI2NzY2OTYzOA==","repeats":1},{"count":1592,"lower_bound":"MTI3MzMwNjg0OA==","upper_bound":"MTI3NTE5ODI0MA==","repeats":1},{"count":1600,"lower_bound":"MTI5MTcxMjgzMw==","upper_bound":"MTMwMjk4NjM2OQ==","repeats":1},{"count":1608,"lower_bound":"MTMwMzE0NTEyNg==","upper_bound":"MTMxMDA2MjQyOQ==","repeats":1},{"count":1616,"lower_bound":"MTMxNDc1ODgyMQ==","upper_bound":"MTMyNDcxMjUxMQ==","repeats":1},{"count":1624,"lower_bound":"MTMyNjc0MzA4OA==","upper_bound":"MTM0NjQ4MjE2Ng==","repeats":1},{"count":1632,"lower_bound":"MTM1MDc1NjYwNQ==","upper_bound":"MTM2MjE4ODEzMg==","repeats":1},{"count":1640,"lower_bound":"MTM2MjMxNTgzNQ==","upper_bound":"MTM2ODg1NDQ2MQ==","repeats":1},{"count":1648,"lower_bound":"MTM3MTg3MDQ2MA==","upper_bound":"MTM4NTQwOTU5Nw==","repeats":1},{"count":1656,"lower_bound":"MTM5NDAzODgxNA==","upper_bound":"MTQwOTg5OTY0NQ==","repeats":1},{"count":1664,"lower_bound":"MTQxMDYwOTU0MA==","upper_bound":"MTQyNzk5MDE4Ng==","repeats":1},{"count":1672,"lower_bound":"MTQzMDE1NTU0Mw==","upper_bound":"MTQzNzE4MTY0OA==","repeats":1},{"count":1680,"lower_bound":"MTQzODI5NzU2Nw==","upper_bound":"MTQ2MTM2MTYzNw==","repeats":1},{"count":1688,"lower_bound":"MTQ2Mzc3NzgyMw==","upper_bound":"MTQ3OTQyMjU2Nw==","repeats":1},{"count":1696,"lower_bound":"MTQ4MDcxNTgwNQ==","upper_bound":"MTUxNjE3NjI2MA==","repeats":1},{"count":1704,"lower_bound":"MTUxNjQ2NzA2OA==","upper_bound":"MTU1MDMzNTk1Nw==","repeats":1},{"count":1712,"lower_bound":"MTU1MzMxMjU5Mg==","upper_bound":"MTU3OTQxMTg3Mw==","repeats":1},{"count":1720,"lower_bound":"MTU4Mjc4MDAyMg==","upper_bound":"MTYwNDk2ODUwOA==","repeats":1},{"count":1728,"lower_bound":"MTYwNTMxMTI0OA==","upper_bound":"MTYxOTAyMzEzNQ==","repeats":1},{"count":1736,"lower_bound":"MTYxOTQxMTAxNw==","upper_bound":"MTYyMjcwNjE1MQ==","repeats":1},{"count":1744,"lower_bound":"MTYyMzM0NjA1OA==","upper_bound":"MTY0NjIzMDQ0OA==","repeats":1},{"count":1752,"lower_bound":"MTY0NjQwMzc1NA==","upper_bound":"MTY1NTI0NTEwNw==","repeats":1},{"count":1760,"lower_bound":"MTY1NTcyMjgzMg==","upper_bound":"MTY3MTA3NjM5Ng==","repeats":1},{"count":1768,"lower_bound":"MTY3NTQ5ODk1Ng==","upper_bound":"MTY4OTQyNTkyNA==","repeats":1},{"count":1776,"lower_bound":"MTY5NTUyOTczOQ==","upper_bound":"MTcwNTc5MTM2OQ==","repeats":1},{"count":1784,"lower_bound":"MTcwODg5NDM3OA==","upper_bound":"MTcyMDU3ODg3Mw==","repeats":1},{"count":1792,"lower_bound":"MTcyMDYzNTg5NQ==","upper_bound":"MTczMjgxMDA5OQ==","repeats":1},{"count":1800,"lower_bound":"MTc0NDE5NjA3Ng==","upper_bound":"MTc0Njk5Nzk0Mw==","repeats":1},{"count":1808,"lower_bound":"MTc0OTE4NTg4NQ==","upper_bound":"MTc1NTQ3NjU5Ng==","repeats":1},{"count":1816,"lower_bound":"MTc2MDkwNzkxMw==","upper_bound":"MTc3ODM4NTgxOA==","repeats":1},{"count":1824,"lower_bound":"MTc4MjA2ODE4Mw==","upper_bound":"MTc5MjU5NTI3MQ==","repeats":1},{"count":1832,"lower_bound":"MTc5NTc0Nzc1NA==","upper_bound":"MTgxMDE1NzI3NA==","repeats":1},{"count":1840,"lower_bound":"MTgxMTQ5OTg0NA==","upper_bound":"MTgyOTk4ODA1MQ==","repeats":1},{"count":1848,"lower_bound":"MTgzMDY1Njc1Ng==","upper_bound":"MTgzODIzMDU1NA==","repeats":1},{"count":1856,"lower_bound":"MTg0MjUyMjcxOQ==","upper_bound":"MTg1ODUxNzI4Ng==","repeats":1},{"count":1864,"lower_bound":"MTg1ODU5NTQ3NQ==","upper_bound":"MTg2NzA2MTAxNg==","repeats":1},{"count":1872,"lower_bound":"MTg3MTIzOTg4Ng==","upper_bound":"MTg4MTc1NzI0NA==","repeats":1},{"count":1880,"lower_bound":"MTg5MDM5OTI4NA==","upper_bound":"MTg5NDE3MTU4OA==","repeats":1},{"count":1888,"lower_bound":"MTkwNDU2MTg0NA==","upper_bound":"MTkwOTE3ODUyOQ==","repeats":1},{"count":1896,"lower_bound":"MTkyMTcxMTIyNQ==","upper_bound":"MTkyNDE0NTk1Ng==","repeats":1},{"count":1904,"lower_bound":"MTkyNDE1MzIyOA==","upper_bound":"MTkzMDY2NDc5MQ==","repeats":1},{"count":1912,"lower_bound":"MTkzMzYyNzc5MA==","upper_bound":"MTk0OTc5MzM1NA==","repeats":1},{"count":1920,"lower_bound":"MTk2MTkzNjQzNw==","upper_bound":"MTk5Mzc5NDUyNQ==","repeats":1},{"count":1928,"lower_bound":"MTk5NDcxMTU1NQ==","upper_bound":"MjAwNzAwOTIyMQ==","repeats":1},{"count":1936,"lower_bound":"MjAwNzY3MDA0OA==","upper_bound":"MjAzMjc0MjY1Nw==","repeats":1},{"count":1944,"lower_bound":"MjAzNTE4MzI0MQ==","upper_bound":"MjA1MDQ0NDU0Mw==","repeats":1},{"count":1952,"lower_bound":"MjA1MzcwNzEyMw==","upper_bound":"MjA2NDQ0MTMxOA==","repeats":1},{"count":1960,"lower_bound":"MjA3MDU5Njg2Mg==","upper_bound":"MjA3NTcwNjE3Ng==","repeats":1},{"count":1968,"lower_bound":"MjA3NjQzNjI5Ng==","upper_bound":"MjA4MzczNzA1MA==","repeats":1},{"count":1976,"lower_bound":"MjA4NDM1NDc4Mg==","upper_bound":"MjExMzI0MDYwNA==","repeats":1},{"count":1984,"lower_bound":"MjExNDg2NjYzMg==","upper_bound":"MjEyMzIyOTIxMQ==","repeats":1},{"count":1992,"lower_bound":"MjEyNzA1MDM1NQ==","upper_bound":"MjE0MjQ3MjEyMA==","repeats":1},{"count":2000,"lower_bound":"MjE0Mjc0NjYwNQ==","upper_bound":"MjE0NjM0Nzc2NA==","repeats":1}]},"cm_sketch":{"rows":[{"counters":[5,0,3,0,0,1,1,0,1,0,0,2,2,0,2,1,1,0,1,1,0,2,2,0,0,2,3,1,1,0,0,0,2,2,1,1,2,2,0,0,2,0,1,1,1,0,1,1,2,3,0,0,2,0,0,1,2,1,1,4,1,0,1,1,0,3,1,3,0,1,0,1,0,1,0,2,0,2,0,1,1,4,0,0,1,0,1,0,2,1,1,2,2,2,0,0,1,0,1,1,3,0,1,1,2,2,1,1,0,2,1,1,1,2,0,1,1,1,1,1,0,0,0,0,2,0,1,1,1,1,1,1,2,1,1,2,3,0,0,1,2,0,0,1,1,2,4,0,0,2,0,3,4,0,0,0,1,0,1,2,0,1,0,4,0,2,1,2,2,1,1,1,1,1,0,0,1,1,1,0,1,4,1,2,1,1,0,0,1,0,2,1,1,1,1,0,3,0,1,1,2,2,1,1,0,0,3,1,0,1,0,1,1,1,0,3,0,1,0,0,4,1,1,2,0,0,0,0,1,0,0,1,0,1,1,0,1,1,2,0,1,3,1,2,1,0,2,1,1,1,2,1,1,2,2,2,0,0,3,0,0,0,0,2,0,2,1,3,0,2,1,2,0,0,2,3,1,1,0,0,2,1,0,4,2,0,2,1,1,0,1,2,1,1,2,0,0,1,3,1,0,2,1,0,0,1,0,6,1,1,0,2,1,0,1,0,0,1,1,3,0,1,0,1,1,1,0,0,0,0,0,0,2,2,1,2,1,0,0,1,0,1,2,1,1,0,0,1,2,1,1,0,2,0,1,0,2,1,0,0,0,1,1,1,1,1,0,0,1,1,0,0,2,0,0,0,1,0,0,0,2,1,0,0,1,0,0,2,0,1,0,2,2,0,2,2,0,0,4,1,1,2,0,1,0,0,1,5,1,0,0,2,0,2,3,0,0,0,1,2,1,2,2,0,1,1,1,1,0,2,1,2,1,1,0,0,0,0,4,0,1,1,0,3,0,1,2,1,0,0,2,1,1,0,0,3,1,1,1,3,1,1,1,1,1,0,1,3,1,2,1,1,1,1,1,1,1,0,0,1,0,2,0,0,0,4,2,0,1,3,2,3,1,2,2,3,1,1,3,0,1,2,0,2,2,0,2,0,3,0,1,0,2,0,1,3,2,2,0,2,3,0,1,3,2,1,3,1,1,0,0,0,2,0,3,1,1,0,0,1,1,0,2,2,1,1,2,1,4,2,2,1,0,1,1,2,3,2,0,0,0,1,2,3,0,0,0,2,2,3,0,0,2,0,2,2,1,0,1,2,0,1,2,0,1,1,3,1,1,1,3,0,0,2,0,1,2,1,4,1,2,1,0,1,1,1,1,0,0,0,0,1,0,0,2,0,0,1,0,1,0,0,2,2,3,0,1,1,3,0,2,1,0,1,0,2,1,0,1,0,2,1,0,1,1,1,4,0,0,1,1,1,1,0,2,2,0,2,0,0,1,1,2,1,2,0,1,0,0,1,0,0,2,2,1,4,1,2,2,1,0,1,2,0,1,1,2,0,1,0,2,0,1,2,1,0,2,1,1,1,2,0,2,2,1,1,0,2,2,1,2,0,1,2,1,0,1,0,1,3,1,1,1,2,2,0,0,2,0,0,2,0,0,1,1,1,0,1,2,0,3,3,1,1,0,0,0,0,1,0,2,0,0,2,0,1,2,0,1,1,1,2,4,1,1,1,2,2,0,0,0,0,0,2,1,1,0,2,2,1,1,1,0,1,1,0,2,1,0,0,0,1,0,0,2,2,2,0,2,1,1,1,1,1,0,0,0,0,3,1,1,0,1,0,1,0,0,1,2,1,1,2,0,1,1,1,1,3,0,0,1,0,3,0,1,1,1,0,2,0,0,0,1,1,1,1,1,0,0,1,0,2,1,0,1,1,0,1,1,3,2,0,0,0,0,1,1,0,1,0,1,0,1,0,0,0,1,3,1,1,0,1,1,0,1,1,2,1,0,0,0,2,0,0,2,0,0,2,1,4,0,3,1,3,1,1,1,1,2,5,0,1,0,0,4,2,1,1,0,5,1,2,1,1,1,1,2,2,2,1,1,0,0,0,0,0,0,2,2,1,0,1,2,0,0,0,1,0,1,1,0,0,3,2,1,0,1,1,0,0,0,1,0,1,1,1,2,1,0,2,1,1,0,1,0,4,0,0,1,1,4,2,1,2,1,1,0,1,0,1,1,1,0,2,1,2,2,0,0,2,1,0,1,0,0,1,0,0,0,1,2,0,0,0,3,2,0,0,0,3,0,5,1,1,1,2,2,0,3,2,1,1,0,1,1,0,0,1,1,2,0,0,2,1,2,0,1,0,2,1,0,2,0,0,1,1,1,1,1,0,1,3,0,1,0,1,0,1,1,1,1,0,2,2,2,0,1,1,1,2,0,1,0,1,0,0,0,0,0,3,1,1,1,2,0,1,1,0,0,2,3,0,0,1,1,1,1,0,2,1,3,2,0,1,0,1,3,2,0,1,1,0,2,0,0,0,1,0,0,2,4,0,1,0,2,1,2,4,7,3,3,1,1,0,1,3,2,1,2,1,0,2,1,2,1,0,0,2,0,2,1,1,0,0,2,1,0,1,0,2,0,1,1,0,0,0,3,1,0,2,1,1,1,0,2,2,1,1,1,0,2,1,2,0,0,1,0,0,1,0,2,1,0,1,0,1,2,0,2,1,2,1,1,1,2,0,2,0,0,1,1,1,1,2,2,2,1,1,0,0,1,1,0,0,0,3,2,1,1,0,2,2,0,1,1,1,2,1,0,0,0,1,0,0,1,2,1,1,0,0,1,2,0,0,1,0,2,0,0,0,0,1,0,2,1,1,3,1,0,2,0,2,0,1,1,1,0,1,1,2,1,5,1,0,0,2,2,0,2,1,3,0,1,4,2,0,1,0,1,0,0,1,3,1,2,1,1,0,0,1,2,2,1,0,2,1,0,0,0,1,0,0,2,1,2,1,2,1,3,3,1,2,0,1,2,0,2,1,3,1,0,0,0,0,1,0,0,3,1,1,2,1,0,1,0,0,0,0,0,1,1,1,2,0,1,1,0,1,0,0,0,2,1,0,1,2,0,0,1,2,0,0,0,3,1,2,1,0,1,1,1,1,0,2,1,0,1,1,2,1,1,3,0,1,0,1,0,1,2,0,1,1,2,1,0,2,2,1,1,1,1,0,1,2,0,1,0,1,3,2,0,0,1,1,2,1,0,1,2,1,2,2,1,0,0,1,1,1,0,0,3,2,1,0,0,1,0,2,2,2,2,0,0,1,0,0,4,0,0,0,0,0,1,0,0,0,2,1,1,3,4,1,1,2,0,0,1,0,3,3,0,2,2,0,1,2,0,0,1,1,0,1,2,0,0,0,1,0,2,2,2,0,0,0,2,1,0,1,0,0,1,0,2,1,0,0,0,0,0,0,0,0,1,1,0,1,1,1,0,2,1,0,1,3,0,1,2,0,0,1,1,1,1,3,1,3,3,0,0,1,0,0,0,0,1,0,2,1,0,0,2,2,1,0,0,0,0,0,0,0,0,0,1,1,2,1,1,0,0,1,0,1,2,1,2,1,0,1,0,1,1,0,1,0,0,1,1,1,2,2,0,1,1,3,0,1,0,2,2,1,2,1,0,0,0,1,3,0,0,0,2,1,1,1,0,0,0,2,0,1,0,1,2,2,2,1,0,2,0,0,0,1,0,2,0,1,1,4,2,0,0,1,0,2,0,0,1,0,4,3,1,1,1,2,0,1,1,1,2,1,0,4,2,1,1,1,1,0,1,2,1,1,1,0,0,3,0,0,0,1,0,1,2,2,0,0,0,1,1,0,3,3,0,1,1,1,0,3,1,0,0,2,2,1,2,2,0,0,2,0,0,0,0,0,1,2,0,1,0,1,2,2,1,0,0,2,1,1,0,2,0,3,1,0,1,0,1,2,0,1,0,1,0,1,2,0,2,1,3,2,2,1,0,1,2,0,0,2,1,0,2,2,2,1,0,1,2,2,0,1,1,0,0,1,1,0,0,0,2,0,0,0,2,0,1,3,0,1,1,0,1,2,1,1,1,0,1,0,2,1,1,2,1,2,2,0,0,1,2,1,1,1,0,0,0,0,1,2,1,1,1,1,1,2,0,2,0,0,3,1,2,0,1,1,0,2,3,1,1,1,0,1,1,0,2,1,0,0,1,0,1,0,0,1,0,0,2,0,3,1,1,0,1,1,0,3,1,1,0,2,1,0,1,1,2,2,0,1,1,1,1,2,3,1,3,1,0,0,0,1,1,1,1,0,0,1,1,3,1,0,0,2,0,0,1,0,0,1,0,1,1,2,2,0,0,1,1,0,2,1,2,2,0,1,2,1,2,2,0,2,1,0,0,1,1,2,1,0,0,0,1,1,2,0,0,3,1,0,2,1,1,2,0,0,0,1,1,1,0,1,1,1,0,1,3,0,1,4,0,1,2,2,0,0,0,2,2,0,0,1,0,0,0,0,2,0,0,0,1,0,0,3,1,0,0,2,2,0,0,2,1,1,2,0,0,1,1,2,0,1,1,0,1,1,0,1,1,1]},{"counters":[0,3,0,1,4,0,2,0,0,0,0,0,0,1,0,1,2,0,1,3,0,1,2,4,0,0,0,5,1,1,0,2,2,1,0,0,3,5,0,0,1,2,2,2,1,0,1,1,0,0,2,1,0,1,2,1,0,0,0,0,1,0,0,2,1,0,2,2,1,0,1,2,1,1,3,0,1,0,1,0,2,0,3,1,1,2,1,0,0,0,0,2,1,1,0,0,1,0,0,0,1,1,0,0,1,1,2,1,1,0,2,0,0,2,2,3,3,1,1,0,0,1,2,1,0,1,1,0,1,1,0,1,1,0,1,0,2,0,1,0,0,0,2,0,1,1,1,1,2,0,1,0,1,1,0,1,1,1,2,1,1,1,1,0,0,1,0,2,0,0,0,0,0,1,0,0,2,0,0,1,2,1,1,2,0,0,1,0,1,2,1,0,1,2,3,0,0,1,3,1,0,1,1,0,3,1,0,0,0,4,1,1,2,3,5,0,1,1,0,1,0,0,0,0,0,1,2,1,0,1,1,2,1,0,1,1,1,1,0,1,0,0,0,1,1,0,0,2,0,0,0,2,2,1,1,0,1,0,2,0,0,1,0,2,1,2,1,0,1,1,1,2,1,1,1,1,1,1,1,2,1,1,0,0,1,1,0,2,0,1,1,1,2,2,0,0,0,1,4,2,4,1,0,0,1,2,1,0,2,2,1,4,0,0,1,0,1,2,1,1,1,1,0,1,2,1,1,1,0,2,4,2,1,0,1,2,0,0,0,3,0,1,0,0,0,1,1,0,3,2,0,1,0,0,1,0,0,1,0,1,1,1,4,4,0,1,0,1,2,1,0,0,2,1,2,2,1,0,0,1,1,1,0,2,2,0,1,0,2,4,1,4,4,0,2,0,1,3,1,0,4,0,0,1,1,1,1,1,1,1,0,0,2,1,1,1,1,2,1,0,0,1,1,3,1,0,1,0,0,0,0,1,0,0,4,1,0,2,0,0,1,0,2,1,0,1,1,0,4,1,0,0,1,0,2,2,2,0,2,2,2,1,1,0,1,0,2,0,0,1,3,0,1,0,0,1,1,1,1,2,1,2,0,2,1,0,0,1,0,2,2,2,1,1,3,0,1,0,1,0,4,2,1,1,2,2,0,1,3,0,4,1,0,1,1,1,1,3,1,3,1,0,1,0,0,0,1,0,2,1,1,0,1,0,0,3,0,1,0,0,0,2,2,1,1,2,1,0,1,0,0,2,0,1,1,0,0,0,1,0,1,0,2,1,0,0,0,0,2,2,0,2,1,3,0,3,1,0,1,2,2,3,0,1,3,2,0,1,1,1,3,0,2,0,1,1,0,0,2,3,2,1,3,1,2,1,1,2,0,2,0,1,0,0,1,0,1,0,1,2,1,1,0,0,1,1,2,0,0,1,1,1,0,1,0,1,0,1,0,1,2,0,0,1,0,0,2,1,2,0,0,0,1,1,2,2,0,2,0,0,1,2,3,0,1,1,1,2,1,1,1,1,1,1,1,2,2,2,1,2,1,0,0,1,1,0,0,0,0,2,0,2,0,2,1,1,0,0,1,2,0,0,1,0,2,1,2,1,1,2,0,1,0,1,0,2,1,2,0,3,0,0,1,0,2,0,1,1,1,4,0,0,3,2,1,3,1,1,2,0,1,0,1,0,2,0,2,2,2,1,1,1,2,1,0,0,1,0,2,3,0,3,0,0,0,1,1,0,1,1,0,0,1,1,2,0,0,0,0,1,3,1,0,2,0,0,0,0,0,2,1,1,1,0,1,2,0,0,2,2,1,0,0,4,0,1,1,1,2,1,0,1,0,0,0,2,3,1,1,0,0,1,3,4,0,1,1,1,3,1,0,1,1,0,1,0,1,0,1,1,2,1,1,2,2,0,3,0,1,2,2,1,0,0,0,1,3,1,1,3,2,0,1,2,1,3,1,1,2,1,2,1,1,1,2,1,1,0,1,1,0,0,1,1,0,0,1,1,0,1,1,1,1,1,2,0,1,1,0,1,1,0,1,2,0,2,0,0,2,2,1,0,2,1,1,1,0,3,0,1,0,0,2,0,0,0,2,2,1,0,1,0,1,1,0,2,0,2,3,1,0,1,0,1,1,3,0,0,1,1,1,0,2,2,0,1,0,3,1,1,0,0,3,2,0,0,0,0,0,0,0,1,0,1,1,1,1,1,1,2,0,1,0,1,0,1,0,0,3,0,1,1,1,1,1,1,0,2,1,0,1,1,0,1,1,0,1,0,0,3,2,1,2,0,2,1,3,0,1,1,0,1,1,0,1,0,1,1,1,3,0,2,2,0,1,0,1,1,0,3,1,0,1,2,1,1,2,1,0,1,0,2,0,0,2,0,0,1,0,2,0,1,2,3,2,1,0,1,1,1,4,1,1,0,2,1,3,2,2,1,1,1,2,1,1,3,0,1,0,1,1,1,2,2,1,2,2,1,0,3,2,1,0,2,1,1,1,1,2,1,1,0,0,0,2,1,2,0,2,1,1,1,2,1,1,3,2,0,1,2,1,3,0,1,1,1,2,0,0,2,1,0,0,2,2,2,1,1,1,0,2,2,1,0,1,3,0,2,3,0,2,1,2,1,1,1,0,1,1,1,2,0,1,1,0,1,1,1,0,2,0,0,2,0,1,0,0,1,1,1,3,1,2,0,1,2,0,2,1,1,0,0,1,1,1,1,0,0,1,2,2,0,1,2,0,2,1,0,0,1,4,1,3,1,1,0,0,0,1,2,0,1,1,2,1,1,0,1,0,0,2,0,0,0,0,2,3,1,0,3,2,0,0,3,4,0,0,1,0,1,3,1,0,1,1,0,1,2,1,0,1,0,0,0,0,1,0,2,1,0,1,1,1,0,1,0,1,1,0,2,1,0,1,1,0,0,1,1,0,1,1,0,0,0,0,1,1,3,1,3,2,1,0,1,0,1,0,2,0,2,2,0,2,0,1,0,2,1,1,2,0,3,1,1,0,1,1,0,0,0,1,1,1,1,2,5,0,0,0,0,2,0,2,2,0,2,0,1,1,0,2,0,1,1,4,3,1,1,2,0,1,2,2,0,1,0,1,3,2,0,1,2,0,0,1,0,1,0,3,2,1,0,1,1,2,1,1,1,0,0,2,3,0,0,0,1,0,3,0,0,0,2,2,1,0,0,0,2,1,0,2,2,0,0,1,3,0,2,1,1,1,0,1,1,0,0,1,1,1,2,0,0,0,0,2,0,1,0,0,2,2,1,1,2,0,1,0,2,1,1,0,0,3,3,2,1,2,3,1,0,1,0,1,0,1,1,0,2,2,0,4,0,2,1,1,2,0,4,1,1,1,1,2,1,1,1,0,0,1,1,0,4,0,2,0,0,1,2,1,0,2,0,1,0,0,5,1,2,2,2,0,0,1,2,1,0,1,0,2,0,1,0,0,1,0,0,1,3,0,0,1,1,1,2,2,0,1,1,0,1,0,0,0,2,1,2,2,0,2,0,1,0,2,1,3,0,0,1,0,1,3,4,0,0,0,1,1,1,0,0,0,2,0,2,2,0,2,0,3,0,2,1,0,0,2,0,5,1,1,0,2,0,1,1,0,2,1,0,0,0,0,0,4,1,2,1,0,1,0,2,1,0,1,0,0,0,1,3,1,1,1,0,0,0,3,1,0,1,2,1,2,1,0,0,0,1,1,1,0,1,2,0,0,2,3,1,0,0,0,0,3,0,1,0,0,1,1,1,4,1,0,1,1,1,0,0,0,1,0,0,0,1,3,0,3,1,1,3,1,0,2,4,2,0,1,0,0,1,1,0,1,1,1,1,1,1,1,0,1,0,0,0,0,1,2,0,1,0,3,0,0,1,0,0,1,3,0,3,0,2,2,1,4,2,1,2,0,0,3,1,1,1,1,1,2,1,0,2,0,0,2,2,1,2,4,0,0,1,0,2,1,1,1,0,0,1,3,1,0,2,0,0,2,1,1,2,0,0,1,2,1,1,2,0,3,1,0,0,1,2,0,0,1,2,1,0,2,0,0,1,1,1,0,0,1,4,2,0,0,2,1,0,1,1,0,0,1,0,0,1,1,1,3,1,1,1,1,1,0,0,0,2,1,0,2,0,1,1,2,0,0,1,3,0,4,0,1,1,1,2,1,0,0,0,2,2,0,3,3,3,1,0,1,1,1,2,0,1,1,0,4,0,0,1,1,1,0,0,1,0,2,0,0,1,0,0,2,1,1,2,3,0,1,2,2,0,1,2,0,2,1,0,0,1,3,1,2,1,2,0,1,3,1,0,3,1,1,0,1,0,0,1,1,2,2,1,1,2,2,0,1,2,1,2,0,1,0,0,0,0,0,0,1,0,2,0,0,0,1,0,3,0,1,0,0,0,0,1,2,1,4,0,1,3,2,1,0,1,0,0,0,0,1,0,1,0,0,2,0,1,2,0,1,1,1,1,1,0,0,1,0,1,2,0,2,1,1,0,1,0,1,0,2,1,2,1,1,1,0,1,3,0,0,0,3,2,0,1,1,1,0,0,3,0,3,1,1,0,3,0,2,2,1,1,0,2,0,1,0,1,1,0,2,0,0,2,0,1]},{"counters":[0,2,2,1,2,2,2,0,1,0,0,0,0,0,0,1,0,0,0,1,1,2,2,1,1,0,1,0,1,1,0,0,1,1,0,2,0,3,2,0,1,1,1,2,2,1,0,1,0,0,0,2,1,1,1,0,1,0,0,0,3,1,0,1,1,0,2,1,0,0,1,0,1,2,1,1,3,2,0,0,2,1,1,0,1,2,2,1,0,0,0,0,0,0,2,6,1,0,3,0,0,1,0,2,0,0,2,0,0,3,1,1,1,0,0,1,0,0,2,2,0,0,0,2,1,0,1,1,1,1,0,3,1,1,2,0,0,1,2,1,3,2,2,0,1,3,2,1,1,1,1,3,0,0,1,0,1,2,1,0,1,1,1,2,0,0,2,1,4,1,0,1,2,1,0,0,2,2,1,0,2,0,0,0,0,2,0,1,1,2,0,0,0,1,1,1,0,1,2,2,1,0,0,1,3,1,3,1,0,0,0,0,1,1,0,0,2,2,3,0,0,1,1,2,1,0,4,1,1,0,0,0,0,1,3,0,2,2,3,1,0,2,0,1,1,1,1,0,1,2,2,0,1,1,0,0,1,1,2,2,0,2,0,0,1,0,2,1,1,2,0,2,1,0,2,1,1,0,1,2,3,1,0,0,0,3,0,0,0,0,1,1,1,1,2,0,2,0,0,0,0,1,0,2,1,0,1,2,2,1,0,1,0,0,1,1,0,1,1,1,0,1,1,1,0,1,2,3,1,1,1,1,1,0,0,1,0,0,1,0,0,0,1,1,1,3,2,0,1,1,0,1,0,0,1,2,2,1,5,1,0,2,0,1,1,0,0,1,3,0,0,3,0,0,2,0,0,1,2,1,0,0,2,0,1,0,0,2,1,2,2,0,0,1,0,1,2,0,0,2,0,0,1,0,0,2,1,0,1,0,1,0,1,3,1,0,1,0,0,0,0,1,0,2,2,0,0,0,2,2,1,1,0,2,0,2,3,1,1,1,1,0,0,3,1,1,0,2,2,0,3,1,1,2,1,1,0,2,1,0,2,0,0,1,1,0,4,1,2,1,2,0,2,1,0,2,0,2,0,0,1,0,2,0,1,0,1,0,0,1,0,0,2,4,1,0,2,1,1,2,1,0,2,0,1,2,2,1,2,1,2,2,1,1,0,2,0,1,2,0,3,4,1,0,1,3,0,1,1,0,2,2,1,0,1,1,1,0,0,1,0,2,1,0,2,1,2,1,0,1,2,1,2,0,2,1,3,2,0,0,0,1,2,0,0,1,2,0,1,1,0,1,1,1,0,1,2,0,0,2,2,1,1,0,0,2,0,1,0,1,0,1,0,1,1,2,3,0,0,0,1,0,1,1,0,1,1,5,0,1,0,0,3,0,1,1,4,0,2,0,0,0,3,0,1,0,1,0,2,2,0,0,1,0,1,1,2,0,1,1,0,3,3,1,1,0,2,0,0,1,0,1,1,0,2,1,0,2,0,0,1,3,0,1,1,0,2,1,0,2,0,0,2,1,1,0,1,2,0,0,2,1,0,1,1,1,2,3,0,1,5,3,1,2,2,0,0,0,1,0,1,1,1,1,0,0,4,1,1,0,1,0,0,0,0,1,0,0,2,2,0,1,1,1,0,0,1,3,0,3,1,1,0,2,0,1,1,0,1,1,2,1,0,0,0,5,0,0,2,2,0,1,0,1,0,2,0,1,1,1,2,2,0,0,1,0,0,1,4,1,1,0,3,3,1,0,2,2,0,1,1,0,0,1,1,0,0,0,0,1,1,1,1,2,0,1,1,1,0,0,1,1,0,0,1,1,3,0,1,1,1,0,3,2,1,2,2,0,0,1,2,1,0,1,4,1,1,0,0,1,0,2,1,0,2,1,2,1,0,1,0,1,2,0,1,1,0,2,5,0,1,1,2,1,2,1,0,3,2,4,1,0,0,0,4,1,2,1,1,2,2,1,2,1,3,0,1,0,1,0,0,1,0,0,2,2,0,0,1,2,1,0,2,0,1,0,0,2,0,0,1,3,1,1,0,1,1,0,0,0,0,0,2,0,3,1,1,2,1,0,2,0,0,1,1,0,0,2,0,0,1,1,1,1,1,0,0,1,1,1,0,3,1,0,1,2,0,3,0,3,1,1,2,1,0,2,2,0,0,0,1,2,2,2,1,2,0,0,1,1,1,2,4,1,0,1,0,1,0,0,2,0,1,0,3,1,1,2,0,1,1,2,2,1,1,0,0,1,1,0,0,3,0,0,0,0,2,1,2,1,1,0,1,0,1,1,1,0,3,1,1,0,1,1,2,0,0,3,1,1,2,2,1,2,2,1,3,1,1,0,1,0,0,1,0,2,0,1,3,2,0,1,0,0,1,0,2,1,0,1,1,1,0,1,1,3,0,1,1,0,0,1,1,1,1,0,2,2,0,1,1,0,1,5,0,0,1,1,1,0,1,1,2,1,2,1,0,2,0,2,1,0,1,1,1,1,2,0,4,1,0,0,0,2,2,1,0,0,2,0,1,0,1,2,2,1,3,1,0,4,0,2,0,0,0,1,2,1,0,1,0,1,1,2,3,2,0,0,2,1,2,1,0,1,0,0,0,2,3,0,1,1,0,1,0,0,1,0,0,4,2,0,1,0,1,1,1,1,2,1,0,2,2,1,1,0,3,0,1,0,1,1,1,1,1,2,0,0,2,1,0,1,2,1,0,2,2,1,0,0,0,0,0,1,1,1,0,1,2,2,2,0,0,2,3,3,1,1,0,2,1,2,2,2,0,1,2,2,2,0,1,0,1,1,1,1,0,2,2,2,1,2,1,2,0,0,1,1,1,0,1,1,2,0,1,1,2,1,1,0,0,0,0,1,0,1,2,2,0,0,3,2,1,1,2,0,0,1,0,1,3,2,1,0,2,1,0,2,2,0,0,2,1,1,1,0,1,3,1,2,0,0,0,2,1,0,0,0,3,2,1,2,0,1,2,1,1,0,0,0,1,2,1,0,0,3,2,0,1,2,2,0,1,0,1,1,2,0,1,0,1,2,1,0,1,1,1,2,0,0,2,3,5,3,2,4,1,3,1,3,3,1,2,0,1,2,1,2,1,2,1,1,0,1,1,0,2,1,0,0,2,2,0,0,1,0,0,3,0,1,1,3,1,0,2,0,2,2,0,1,1,0,2,0,1,1,1,1,0,1,3,0,1,1,0,0,0,1,0,0,2,1,1,0,3,0,1,0,0,0,2,0,0,3,3,2,0,1,1,3,0,0,0,0,1,0,0,1,2,2,0,2,4,0,1,1,0,0,0,0,0,0,1,1,2,1,2,0,1,0,0,0,0,0,2,0,2,1,2,2,0,2,1,2,1,1,4,1,0,0,0,0,2,0,1,2,0,1,0,1,2,2,1,3,1,0,0,1,2,0,0,2,0,0,0,0,1,2,0,0,2,1,1,2,1,2,1,1,1,0,2,2,1,0,0,1,0,2,1,1,0,1,1,2,0,1,1,0,0,1,1,0,0,1,0,0,0,1,0,2,0,3,1,1,3,0,1,1,2,1,0,0,1,1,1,1,0,0,0,0,0,0,2,0,2,1,0,2,3,2,1,2,0,2,0,2,0,1,0,0,1,2,0,2,1,1,1,1,2,2,1,2,0,1,0,0,0,0,0,2,1,0,2,1,2,1,0,5,0,2,1,2,5,1,0,1,0,0,1,0,0,0,2,0,0,1,1,1,2,0,0,2,0,1,0,3,1,1,1,0,0,0,3,1,0,0,0,2,1,1,1,2,0,0,1,0,1,1,0,1,2,1,1,1,0,0,1,0,1,0,1,2,0,3,3,1,2,1,1,1,0,1,0,0,1,0,2,0,1,0,1,1,1,0,1,1,1,1,0,0,0,1,1,1,0,1,0,1,1,1,1,1,1,1,2,2,0,1,0,0,0,2,0,2,1,1,0,2,1,1,0,1,1,1,0,1,0,0,2,1,1,1,1,1,2,0,0,1,1,2,1,4,0,1,0,0,0,0,0,0,0,1,2,2,2,1,2,2,1,0,0,0,1,0,2,1,0,2,0,1,0,1,2,1,1,0,1,1,1,0,0,1,0,3,1,0,0,2,1,2,1,1,1,2,0,2,0,2,1,2,1,1,1,0,1,0,3,1,0,2,1,0,0,0,1,0,0,2,2,0,2,1,1,1,3,3,0,0,1,0,0,1,1,2,0,3,3,0,1,1,1,2,0,1,1,0,1,0,0,0,0,3,3,2,0,1,1,2,1,1,1,2,0,0,0,0,0,3,1,1,0,0,2,2,0,1,0,1,1,2,0,1,2,2,1,3,1,5,0,2,1,2,1,1,2,0,2,2,1,2,0,1,1,0,1,2,1,0,2,1,5,1,0,0,1,2,1,0,0,2,0,1,0,1,2,0,1,1,1,2,2,1,0,3,0,1,0,2,1,1,1,1,1,2,0,0,2,2,2,1,2,3,3,1,0,0,0,0,1,2,0,0,2,1,1,2,2,3,1,2,2,0,0,2,1,2,1,1,5,1,1,2,0,2,1,1,0,2,0,0,2,0,0,0,0,2,0,3,1,2,0,1,0,1,2,1,0,1]},{"counters":[2,2,3,2,0,2,0,0,0,3,1,2,1,3,2,2,2,1,0,0,0,0,0,1,0,0,1,1,0,0,1,3,1,0,2,0,0,1,2,2,0,1,2,1,1,2,0,0,0,6,0,1,1,0,0,1,1,2,0,3,4,1,1,1,1,0,0,0,0,1,2,1,1,0,1,2,1,0,0,0,2,0,2,0,2,2,0,2,1,1,0,0,1,1,2,1,0,1,1,1,0,0,0,0,2,2,1,0,0,0,1,1,2,1,0,1,0,1,1,1,0,0,2,0,2,5,1,1,0,0,0,3,4,0,6,1,3,1,0,0,0,0,1,2,0,3,1,1,0,1,1,0,1,0,1,0,1,1,2,2,0,3,1,2,3,1,1,1,0,3,0,0,1,1,0,2,1,1,1,0,3,1,2,3,2,0,4,3,1,0,3,0,2,0,2,1,2,0,1,2,1,3,0,1,1,0,3,0,0,0,2,3,2,2,0,2,1,1,0,0,0,0,2,1,0,1,0,0,0,4,1,1,3,2,6,1,0,0,0,1,0,0,2,0,0,0,1,1,0,1,1,0,0,1,0,1,1,2,0,2,0,0,1,2,0,1,0,0,0,0,1,3,0,3,0,1,2,5,2,2,1,2,1,0,1,0,0,0,1,0,2,0,1,0,1,3,0,2,0,1,1,0,2,1,3,1,0,1,1,1,1,1,2,0,1,0,1,0,1,4,1,2,2,0,1,0,3,2,0,0,2,0,0,0,0,1,1,1,0,1,0,0,1,1,1,0,3,0,0,1,2,2,1,0,0,0,0,1,1,0,0,1,1,1,2,1,1,0,1,0,1,1,1,0,1,0,0,1,0,1,0,0,1,0,2,0,0,1,1,0,0,1,1,0,0,0,0,1,0,0,0,0,1,0,2,2,0,0,1,0,0,1,1,0,1,0,0,2,1,0,0,2,2,0,2,0,1,1,0,1,1,0,1,0,2,1,1,1,0,1,0,2,1,1,2,0,0,3,3,1,1,1,1,0,1,1,4,1,2,2,0,0,3,0,1,1,1,1,2,0,0,0,0,2,1,1,0,0,0,1,1,1,2,1,2,0,1,0,0,1,1,2,1,4,0,1,1,1,1,2,4,0,1,0,0,0,1,0,0,1,1,1,0,0,1,0,0,1,0,2,2,0,1,2,2,1,2,0,2,1,0,0,1,1,0,1,2,0,1,2,0,0,2,0,2,0,3,2,2,2,0,1,0,0,0,1,2,1,0,3,0,1,1,1,2,2,1,0,1,4,2,0,0,1,2,0,2,3,0,2,1,1,0,1,0,0,2,1,0,1,2,1,2,0,3,0,0,2,4,2,4,0,1,1,1,0,0,1,0,1,0,1,0,0,0,1,0,1,3,0,2,0,1,0,1,0,2,2,2,3,1,0,2,2,1,1,2,0,1,3,0,0,2,1,1,0,1,1,0,1,1,0,1,0,0,0,1,1,0,2,1,0,0,1,1,1,0,2,1,0,1,0,2,1,2,0,0,0,1,1,1,0,1,3,1,1,0,0,0,2,2,1,1,0,0,0,2,0,1,0,2,1,0,0,1,1,0,2,2,1,3,0,1,2,0,3,1,1,3,0,0,0,0,1,0,1,0,2,2,0,0,2,1,2,0,0,1,1,1,1,2,1,0,0,0,0,2,0,0,0,1,2,1,1,5,2,1,3,0,2,0,0,0,0,1,0,0,1,0,1,3,1,1,0,0,2,2,0,1,1,1,0,2,1,1,2,0,4,4,1,1,2,0,1,1,2,1,1,1,2,2,1,1,0,0,2,1,0,0,1,0,1,0,1,3,1,1,1,1,2,3,2,1,0,3,4,2,1,0,0,1,0,0,0,1,0,1,3,1,1,0,1,0,1,1,1,0,3,1,0,0,0,1,0,0,2,0,1,0,5,1,1,3,1,0,1,2,0,0,3,0,1,0,0,0,2,1,0,1,1,0,0,2,0,0,0,0,3,2,2,3,0,1,4,0,1,1,1,2,2,1,1,2,0,2,0,1,0,3,0,0,1,0,2,1,4,3,1,2,2,0,4,1,2,2,2,1,1,0,1,2,1,1,2,2,2,3,1,0,0,2,0,0,1,2,1,1,1,2,0,1,1,2,1,2,0,0,0,1,0,2,0,2,0,1,0,1,2,1,1,2,2,1,1,2,2,3,0,1,0,0,1,0,1,2,0,1,0,1,0,2,0,2,1,5,1,1,1,0,0,0,0,0,1,0,1,1,1,0,1,3,0,0,1,1,2,1,1,3,0,1,3,0,0,0,2,1,0,2,0,0,1,1,1,0,1,2,1,0,0,2,1,2,0,2,2,0,0,0,1,2,0,2,1,2,1,1,0,1,2,0,0,3,3,1,1,0,0,0,1,1,0,2,0,1,0,1,2,0,2,0,0,0,1,1,1,0,1,1,1,2,0,0,0,0,3,2,2,0,0,1,1,1,0,1,0,0,3,1,2,0,1,0,2,2,0,0,0,0,0,1,0,1,1,0,0,4,1,2,2,0,1,0,0,1,2,1,0,1,0,1,0,0,0,0,2,3,2,0,1,1,0,0,1,0,0,2,0,1,0,1,2,1,3,1,0,0,0,1,1,0,0,0,0,0,2,0,1,1,0,1,1,2,1,1,2,0,1,1,1,2,1,0,0,0,2,1,0,1,1,2,2,1,0,1,1,0,0,1,0,1,1,0,0,1,0,0,0,1,0,2,0,0,5,0,1,0,3,0,0,0,1,1,1,1,2,2,0,2,0,2,0,2,1,3,1,1,1,1,0,2,1,0,0,2,0,2,3,2,2,3,0,1,1,0,4,1,0,1,1,0,0,2,1,1,1,0,3,1,4,1,0,2,0,1,1,1,2,2,1,0,0,2,1,2,1,0,1,0,2,2,1,2,2,0,1,2,1,0,0,1,0,0,1,0,1,1,0,4,1,0,0,1,0,2,2,1,1,1,1,0,1,0,2,0,1,0,1,0,0,2,0,0,1,0,0,2,0,0,0,1,0,1,0,1,1,0,0,0,0,0,0,1,0,0,2,2,1,2,2,0,2,0,2,0,2,2,1,0,1,0,0,0,1,1,4,0,2,1,1,0,2,0,0,1,0,2,1,3,1,0,1,2,2,0,0,3,1,1,0,2,1,1,1,2,2,0,1,2,0,1,0,0,2,1,0,1,1,0,0,3,1,0,0,1,2,2,3,1,2,1,0,2,0,2,1,1,1,2,0,0,2,2,0,2,0,2,2,0,0,0,2,0,2,0,2,1,1,1,0,2,2,2,0,1,1,0,0,0,1,0,0,2,1,3,1,3,0,2,0,1,2,0,2,2,3,0,0,0,4,2,4,0,1,2,0,1,2,0,2,1,1,2,0,0,3,0,0,1,3,1,0,0,0,0,2,0,1,2,3,1,0,2,0,2,0,0,3,1,0,1,0,1,0,3,1,0,0,1,2,0,0,1,2,1,0,2,2,0,1,1,1,0,1,1,1,1,4,1,0,2,1,1,1,0,2,2,0,1,0,1,3,3,1,0,0,1,0,3,1,1,3,0,0,0,0,0,1,2,0,1,1,3,0,1,1,2,2,2,2,0,0,0,1,1,3,1,0,1,0,0,1,3,1,2,1,0,0,1,0,0,1,0,2,3,3,0,0,0,1,4,3,1,0,0,2,1,0,0,0,0,1,0,1,1,0,3,0,2,0,0,2,0,1,2,3,0,2,1,1,2,2,0,3,0,2,2,1,0,1,1,2,0,3,1,0,1,1,0,1,2,3,3,1,4,1,1,1,1,0,0,2,2,2,1,0,1,2,1,0,2,0,0,1,2,1,1,0,0,1,1,0,2,1,0,2,1,0,2,0,1,1,0,0,1,0,0,1,1,1,5,2,4,1,0,0,1,0,2,2,3,0,0,3,0,1,1,1,1,0,0,1,0,3,1,2,2,0,3,1,4,1,1,0,1,0,1,1,3,1,1,0,2,2,0,0,1,1,1,1,0,0,2,0,2,3,1,0,1,3,0,0,0,1,0,0,1,1,1,2,0,1,2,2,0,2,0,0,1,0,0,0,2,1,2,1,1,2,0,0,1,1,0,1,0,0,2,0,1,0,2,0,0,1,2,3,1,1,0,2,2,2,1,0,1,0,1,1,2,0,2,1,1,1,1,1,0,1,0,1,1,1,2,0,0,1,2,0,1,1,1,2,2,0,1,2,1,0,0,2,0,1,2,1,2,0,3,0,0,1,0,0,1,2,0,1,3,1,1,0,1,1,1,2,2,0,0,0,1,0,2,2,0,1,1,0,0,2,0,3,1,1,2,1,1,0,0,0,1,0,0,0,0,0,2,1,4,0,0,3,0,0,1,2,1,1,0,0,0,1,1,4,0,0,0,0,0,0,0,1,1,0,0,0,1,2,1,1,0,0,1,1,1,1,0,0,1,0,2,0,2,0,2,2,1,1,1,0,0,1,3,5,2,0,2,4,1,1,0,0,1,3,1,0,0,1,2,2,1,1,2,0,0,0,0,0,2,0,1,0,3,0,0,2,0,0,1,2,0,1,2,2,0,1,2,1,3,0]},{"counters":[0,1,1,0,0,1,1,0,1,1,1,2,1,0,0,6,1,1,1,2,1,1,1,1,1,1,0,0,1,1,1,0,0,4,1,2,1,1,0,1,1,2,1,3,0,1,0,0,0,2,1,1,1,1,0,0,3,0,2,0,0,1,0,2,0,0,0,1,0,0,1,0,1,0,1,1,1,0,4,0,1,3,1,1,2,1,2,0,1,2,0,2,0,0,0,2,1,0,0,1,2,0,1,1,0,3,2,2,0,0,1,2,1,0,0,2,1,1,1,1,0,0,0,1,0,1,1,2,1,2,2,1,1,1,1,3,1,2,0,1,1,0,1,3,0,2,2,0,2,0,0,1,1,2,1,1,0,0,1,1,1,1,0,0,0,1,1,0,0,0,0,1,2,1,3,2,0,1,1,1,2,1,1,0,0,0,0,0,0,0,0,1,1,0,0,1,2,1,0,1,1,0,1,3,1,0,1,0,0,3,1,0,1,1,0,1,4,0,0,0,0,1,2,4,0,2,3,3,0,0,2,2,1,2,0,1,1,1,0,0,0,0,1,1,1,2,1,1,2,1,0,1,2,1,0,1,0,0,1,1,0,1,4,0,1,1,1,2,0,0,1,0,2,1,1,2,0,2,0,0,0,1,0,2,0,1,0,0,1,1,1,2,1,2,0,1,1,1,1,3,0,0,2,1,2,1,1,2,1,1,0,2,1,0,0,0,1,1,0,1,1,2,0,1,0,0,0,0,2,1,0,0,2,1,0,1,0,0,2,0,1,1,2,1,1,0,2,1,1,1,0,2,1,1,0,0,0,0,0,2,0,1,0,2,2,1,0,1,2,1,1,1,0,1,0,2,0,1,1,2,1,0,0,0,1,1,1,0,0,3,0,2,2,0,3,1,1,0,1,0,3,1,1,2,2,1,0,1,2,0,0,0,1,0,3,1,1,1,1,1,1,1,0,0,0,0,0,1,1,5,1,1,2,0,0,0,1,1,1,0,1,0,0,0,0,1,1,1,0,0,0,1,2,1,0,1,2,1,0,0,0,2,3,5,0,1,1,0,1,0,1,0,1,1,1,1,0,1,1,1,2,0,1,1,0,1,0,1,1,1,2,0,2,0,0,0,2,2,1,1,0,3,0,2,1,2,0,0,0,0,1,2,0,0,0,2,1,1,0,2,0,1,1,2,1,2,0,2,1,1,1,2,0,1,2,1,0,1,1,2,0,2,3,0,0,1,1,0,0,3,0,2,1,0,0,0,0,0,3,2,2,1,2,0,0,1,0,0,0,1,2,1,1,2,1,0,0,1,1,0,3,0,1,2,1,0,1,1,1,1,1,2,0,1,1,1,0,1,2,2,2,0,0,1,0,2,0,1,2,3,0,0,1,0,2,0,0,2,0,1,1,0,1,2,2,0,0,1,4,2,2,1,0,2,0,0,2,1,1,4,0,2,3,0,0,1,1,1,1,2,2,0,2,0,1,0,2,0,1,0,0,2,2,2,2,2,1,1,1,0,2,1,1,1,1,2,1,2,0,0,2,0,0,1,0,2,0,0,1,1,0,1,1,0,3,0,2,3,0,1,0,1,0,0,1,1,0,0,1,3,0,1,0,1,2,0,2,0,2,0,1,0,1,0,2,1,2,0,3,0,1,1,2,0,0,1,0,0,0,1,2,1,1,0,0,2,2,0,3,1,0,1,2,1,0,2,1,2,2,0,0,2,0,2,3,2,0,2,2,2,1,1,1,1,2,0,0,1,3,0,3,0,2,1,0,2,1,1,3,1,1,0,1,0,0,0,1,0,0,0,1,0,0,3,1,1,0,0,0,1,0,3,1,1,0,3,3,0,1,1,1,0,0,0,4,1,2,0,0,1,1,2,1,2,1,3,3,0,0,1,0,0,2,0,2,1,3,0,1,0,3,1,3,0,1,2,1,2,1,0,1,1,3,0,0,2,1,4,0,1,2,3,2,1,1,1,0,2,1,0,2,2,0,0,0,1,1,0,0,1,2,0,2,6,1,2,2,3,0,3,2,0,1,0,2,0,2,1,0,0,0,3,1,1,0,1,0,1,0,0,1,3,0,0,0,0,1,0,0,0,0,2,2,0,0,1,0,0,0,0,1,0,2,1,0,2,0,1,2,1,1,0,1,2,0,1,0,1,0,0,0,0,1,0,1,1,3,1,0,2,1,2,2,0,2,2,0,1,0,3,0,1,2,0,0,2,0,1,1,2,0,0,0,1,1,0,2,0,0,0,1,1,0,1,1,0,0,0,0,1,1,0,1,0,1,1,1,0,1,2,0,0,3,2,2,1,3,4,0,1,1,2,0,2,1,0,0,0,2,3,2,2,1,1,1,0,1,2,3,1,2,0,0,2,1,1,1,0,0,1,0,0,0,1,2,1,2,1,0,1,0,0,0,0,1,0,3,1,1,3,0,0,2,2,2,0,0,0,0,1,3,1,2,0,0,0,0,1,0,3,2,0,1,0,3,0,1,0,0,1,0,1,3,0,1,1,2,1,3,1,2,3,1,1,0,1,0,1,1,0,2,1,1,2,1,2,0,0,2,2,2,1,1,2,0,0,0,2,2,1,0,2,1,1,0,2,3,1,2,1,1,4,1,1,0,2,0,1,1,2,1,0,1,2,0,1,0,0,1,0,1,0,0,0,2,0,1,0,0,1,2,1,2,1,2,1,3,1,2,0,0,0,3,3,0,2,1,2,2,0,1,1,3,2,2,1,2,1,0,3,1,2,4,0,1,3,5,2,0,2,4,1,0,0,1,2,2,0,1,2,1,1,3,0,1,2,1,1,2,0,0,0,0,0,0,0,0,1,1,0,1,1,0,0,4,0,0,0,0,1,0,2,0,0,0,1,1,1,2,3,0,1,1,1,3,0,1,2,1,0,0,0,1,0,1,2,0,0,1,0,0,1,1,1,1,1,0,1,0,0,2,1,0,0,0,2,1,3,0,1,0,0,2,2,0,1,1,0,1,1,3,2,1,1,0,0,3,0,0,1,0,0,0,2,0,0,1,0,2,1,4,2,2,0,1,0,0,1,1,1,1,1,1,0,1,0,1,2,0,0,0,1,1,1,2,2,2,1,1,3,0,0,0,0,1,3,1,0,0,0,1,1,0,2,1,0,2,1,1,1,0,0,0,4,0,4,1,1,1,1,0,1,1,1,1,3,2,1,3,0,3,1,3,0,1,0,1,0,1,2,0,2,0,0,1,0,0,0,0,1,5,1,0,2,2,0,0,2,0,2,1,1,2,2,2,0,3,1,1,2,2,1,2,0,1,0,1,0,0,1,0,1,2,1,1,0,1,1,0,2,2,0,0,1,1,1,0,1,1,0,1,1,2,3,1,1,0,2,0,0,3,1,1,0,2,1,0,0,2,1,0,2,0,2,4,1,1,2,1,3,0,0,3,1,0,3,0,0,0,0,1,1,1,1,0,0,1,1,2,1,1,2,2,1,1,5,0,1,2,0,2,2,0,1,1,1,0,2,0,2,0,1,1,2,0,1,1,0,0,1,1,2,2,1,3,2,2,1,1,1,0,1,1,2,2,0,2,3,0,3,0,2,1,1,1,1,1,0,0,3,2,0,1,1,1,1,1,1,2,1,1,2,1,1,1,3,1,1,1,1,1,2,1,0,1,0,1,1,1,0,1,2,2,0,3,4,1,1,0,2,2,0,0,1,1,0,1,1,2,2,0,3,0,0,1,2,0,1,0,0,1,0,1,2,2,0,0,1,1,0,1,1,1,0,0,2,0,1,1,1,1,1,3,3,0,0,1,1,2,5,1,1,1,0,1,0,0,0,1,1,1,2,0,2,1,1,2,0,0,1,1,0,2,1,1,0,2,1,1,2,0,0,1,1,1,1,1,2,0,2,0,4,1,2,4,0,1,0,4,1,0,3,2,0,0,2,1,4,1,0,0,0,0,2,0,2,0,1,1,1,0,0,2,0,1,0,0,1,0,1,2,0,1,0,3,1,2,0,4,2,1,2,1,0,1,1,1,0,2,1,3,1,0,0,0,1,0,0,0,1,0,0,0,0,1,2,0,2,2,1,1,2,0,1,1,2,0,2,0,0,0,0,0,0,0,2,1,1,2,0,1,0,0,1,2,0,2,3,1,1,1,2,0,0,1,0,0,0,0,2,1,3,4,1,2,1,1,3,1,1,0,2,0,0,0,1,1,0,1,1,0,1,0,1,3,0,0,1,0,0,2,1,2,0,1,0,1,2,3,1,0,0,3,0,0,0,4,0,2,0,2,2,0,1,1,0,0,0,1,0,2,0,3,1,1,3,4,2,1,0,1,1,2,0,1,2,1,2,0,0,0,1,0,2,0,0,0,2,2,1,1,0,0,0,0,0,3,1,1,0,0,0,2,0,1,0,0,0,3,0,0,0,1,0,1,1,0,1,1,0,1,1,0,2,2,2,2,1,3,2,3,3,0,2,1,1,0,0,0,0,1,2,2,2,2,2,2,1,1,1,0,1,0,0,0,1,2,0,2,1,0,0,0,0,0,0,1,1,1,1,1,2,2,0,0,1,1,1,0,1,0,0,2,1,3,0,2,2,2,1,0,0,1,2,0,1,1,0]}]},"null_count":0,"last_update_version":397952048920264704},"b":{"histogram":{"ndv":2000,"buckets":[{"count":8,"lower_bound":"LTIxNDE0NDAwODI=","upper_bound":"LTIxMjg3MjE1NjA=","repeats":1},{"count":16,"lower_bound":"LTIxMjg1NzA0MDM=","upper_bound":"LTIxMjIwMjc2NDk=","repeats":1},{"count":24,"lower_bound":"LTIxMjA0MDEwNDU=","upper_bound":"LTIxMDI2MTIzMTE=","repeats":1},{"count":32,"lower_bound":"LTIxMDA0NTgwMjk=","upper_bound":"LTIwODg2NDE1MjQ=","repeats":1},{"count":40,"lower_bound":"LTIwODM4Nzg1MzE=","upper_bound":"LTIwNjY3MjQ3Njk=","repeats":1},{"count":48,"lower_bound":"LTIwNTgyMjU4Mzg=","upper_bound":"LTIwNDIzMzI5MzQ=","repeats":1},{"count":56,"lower_bound":"LTIwNDA3MjY2MTc=","upper_bound":"LTIwMDkzMTMyOTI=","repeats":1},{"count":64,"lower_bound":"LTIwMDU4NjA5Nzc=","upper_bound":"LTE5OTc3MTY3MTM=","repeats":1},{"count":72,"lower_bound":"LTE5OTE3MzYxNjI=","upper_bound":"LTE5ODAwNTk0MjM=","repeats":1},{"count":80,"lower_bound":"LTE5Nzg0ODIzMzM=","upper_bound":"LTE5NTkzNzU1Mzk=","repeats":1},{"count":88,"lower_bound":"LTE5NTI0MTE5NDM=","upper_bound":"LTE5MTcwNDU4Njg=","repeats":1},{"count":96,"lower_bound":"LTE5MTQ0NjU3NTg=","upper_bound":"LTE5MDc2NjI2MDA=","repeats":1},{"count":104,"lower_bound":"LTE5MDQxNDcxMjE=","upper_bound":"LTE4OTYzNTk2NjE=","repeats":1},{"count":112,"lower_bound":"LTE4OTM2ODE0NjQ=","upper_bound":"LTE4ODEwMjI0NDc=","repeats":1},{"count":120,"lower_bound":"LTE4NzczMDM0MjA=","upper_bound":"LTE4NzI3NDE2ODk=","repeats":1},{"count":128,"lower_bound":"LTE4Njk4MTEzNDQ=","upper_bound":"LTE4NTg0ODIyNzc=","repeats":1},{"count":136,"lower_bound":"LTE4NDk4NDEwMjQ=","upper_bound":"LTE4NDEwNDk4MjI=","repeats":1},{"count":144,"lower_bound":"LTE4MzgyNjY5Njg=","upper_bound":"LTE4MjY0MTY3NDI=","repeats":1},{"count":152,"lower_bound":"LTE4MjAzNzU4MTE=","upper_bound":"LTE4MDY2NjUwMzE=","repeats":1},{"count":160,"lower_bound":"LTE4MDY0NzM2ODQ=","upper_bound":"LTE3ODk3NDA3OTk=","repeats":1},{"count":168,"lower_bound":"LTE3ODM0NjI3MzA=","upper_bound":"LTE3NzgyOTI2NTI=","repeats":1},{"count":176,"lower_bound":"LTE3NjM2ODI1NjI=","upper_bound":"LTE3NDc1NDM4Mjc=","repeats":1},{"count":184,"lower_bound":"LTE3NDM4NjYxODY=","upper_bound":"LTE3MzY2MTQxMjM=","repeats":1},{"count":192,"lower_bound":"LTE3MzY1MDQyNDA=","upper_bound":"LTE3MTIzMjE1ODc=","repeats":1},{"count":200,"lower_bound":"LTE3MDU5MTE0Nzg=","upper_bound":"LTE2ODY3MDg3Mjk=","repeats":1},{"count":208,"lower_bound":"LTE2ODU3MTMxNjI=","upper_bound":"LTE2ODM2NTg4NjY=","repeats":1},{"count":216,"lower_bound":"LTE2ODExODc5NjU=","upper_bound":"LTE2Njc5NDc4NzY=","repeats":1},{"count":224,"lower_bound":"LTE2NjcyOTc5NTg=","upper_bound":"LTE2NTM1ODkzNDU=","repeats":1},{"count":232,"lower_bound":"LTE2NTI3MTc2MzE=","upper_bound":"LTE2NDM1MDQ1MDk=","repeats":1},{"count":240,"lower_bound":"LTE2NDE2NzY5ODM=","upper_bound":"LTE2MjMzNTczOTU=","repeats":1},{"count":248,"lower_bound":"LTE2MjAxODY2MzE=","upper_bound":"LTE2MTIyMDk2NzM=","repeats":1},{"count":256,"lower_bound":"LTE2MTIwMzExOTY=","upper_bound":"LTE2MDU1MzgxODA=","repeats":1},{"count":264,"lower_bound":"LTE2MDMxMDgyNjE=","upper_bound":"LTE1OTQxMjc5MjQ=","repeats":1},{"count":272,"lower_bound":"LTE1OTI3MDc5MTI=","upper_bound":"LTE1OTAyMjczNzQ=","repeats":1},{"count":280,"lower_bound":"LTE1ODQ2MTkxODQ=","upper_bound":"LTE1ODE5MjQxNjE=","repeats":1},{"count":288,"lower_bound":"LTE1ODEyMTc3MDE=","upper_bound":"LTE1NzIyOTQyNjQ=","repeats":1},{"count":296,"lower_bound":"LTE1NjM3Njc1NjM=","upper_bound":"LTE1NTg2OTcwMTE=","repeats":1},{"count":304,"lower_bound":"LTE1NTY1NDkzNTQ=","upper_bound":"LTE1NDM4OTQyNDU=","repeats":1},{"count":312,"lower_bound":"LTE1MzUwMjEwMjQ=","upper_bound":"LTE1MDQwNTA5NzY=","repeats":1},{"count":320,"lower_bound":"LTE0ODY4MjUxNDc=","upper_bound":"LTE0NzU2NDU1OTU=","repeats":1},{"count":328,"lower_bound":"LTE0NzQ4MDkzNjM=","upper_bound":"LTE0NTkzNzk0NzY=","repeats":1},{"count":336,"lower_bound":"LTE0NTczNTYxODc=","upper_bound":"LTE0MzE3NTczODI=","repeats":1},{"count":344,"lower_bound":"LTE0MjM2MjE1NzM=","upper_bound":"LTE0MTc4MTIxMzc=","repeats":1},{"count":352,"lower_bound":"LTE0MTAzMDQwMTY=","upper_bound":"LTEzOTcyMzI2OTA=","repeats":1},{"count":360,"lower_bound":"LTEzOTY3ODIzMDY=","upper_bound":"LTEzODY0ODgzMzY=","repeats":1},{"count":368,"lower_bound":"LTEzNzk1NjA3NDg=","upper_bound":"LTEzNTM2MTY0MzI=","repeats":1},{"count":376,"lower_bound":"LTEzNDc1OTY0OTk=","upper_bound":"LTEzMjg3ODE1NDM=","repeats":1},{"count":384,"lower_bound":"LTEzMjY4OTg0MDA=","upper_bound":"LTEzMDI1MzAwNTE=","repeats":1},{"count":392,"lower_bound":"LTEyODM5OTg3MzM=","upper_bound":"LTEyNzc0MDIzNDA=","repeats":1},{"count":400,"lower_bound":"LTEyNjMwNjExODg=","upper_bound":"LTEyNDQ0MzI1NDQ=","repeats":1},{"count":408,"lower_bound":"LTEyNDQxNzAwNjY=","upper_bound":"LTEyMjg5NjY1NzU=","repeats":1},{"count":416,"lower_bound":"LTEyMTY4MjE1MzM=","upper_bound":"LTEyMDg1ODgxNzI=","repeats":1},{"count":424,"lower_bound":"LTExOTk0OTYwODQ=","upper_bound":"LTExODQ3NTkxMzk=","repeats":1},{"count":432,"lower_bound":"LTExNzQ4NTU5MzM=","upper_bound":"LTExNjM2NDAzNzc=","repeats":1},{"count":440,"lower_bound":"LTExNjMwNjg4MzM=","upper_bound":"LTExNTY2MDA2NjM=","repeats":1},{"count":448,"lower_bound":"LTExNTY1Mjc3OTI=","upper_bound":"LTExMzE3MzI3NTc=","repeats":1},{"count":456,"lower_bound":"LTExMTg4NzUyOTk=","upper_bound":"LTExMDg3MTkwNTg=","repeats":1},{"count":464,"lower_bound":"LTExMDM2MjU1NDU=","upper_bound":"LTEwOTk4NDA2MDY=","repeats":1},{"count":472,"lower_bound":"LTEwODk2ODM0MTk=","upper_bound":"LTEwODc5NjA1MzE=","repeats":1},{"count":480,"lower_bound":"LTEwODYzMzQ3MzM=","upper_bound":"LTEwODI0MjQ0NTg=","repeats":1},{"count":488,"lower_bound":"LTEwNzMzMjg1MTA=","upper_bound":"LTEwNTE5OTI1MTA=","repeats":1},{"count":496,"lower_bound":"LTEwNDg0NjIxMTk=","upper_bound":"LTEwMzk2NTEyNjQ=","repeats":1},{"count":504,"lower_bound":"LTEwMzY1MzAwNjM=","upper_bound":"LTEwMjMwMTQxODE=","repeats":1},{"count":512,"lower_bound":"LTEwMjA3MjA0MjU=","upper_bound":"LTEwMTM3MTg5ODU=","repeats":1},{"count":520,"lower_bound":"LTEwMTMxNzg1MjA=","upper_bound":"LTEwMDM2MDIxMTU=","repeats":1},{"count":528,"lower_bound":"LTEwMDA4NDc3MDg=","upper_bound":"LTk5NTI1MzM3Ng==","repeats":1},{"count":536,"lower_bound":"LTk4NTk0ODQxMA==","upper_bound":"LTk4MTAzMTQwNA==","repeats":1},{"count":544,"lower_bound":"LTk3OTA4NjgxMQ==","upper_bound":"LTk3NDQzNjg0Ng==","repeats":1},{"count":552,"lower_bound":"LTk3MTc3MDQzMQ==","upper_bound":"LTk3MDU4NDU1MA==","repeats":1},{"count":560,"lower_bound":"LTk2ODQ3MjM1OA==","upper_bound":"LTk1Nzk1MTU4NQ==","repeats":1},{"count":568,"lower_bound":"LTk0Mjk0ODQ0NA==","upper_bound":"LTkyNzQyNjUwOQ==","repeats":1},{"count":576,"lower_bound":"LTkyNTc5Mzg2OA==","upper_bound":"LTkxNTM2Mjc2Mw==","repeats":1},{"count":584,"lower_bound":"LTkwODI1NTMzOA==","upper_bound":"LTg4MzcwMDA4Ng==","repeats":1},{"count":592,"lower_bound":"LTg3OTUzMDMyMQ==","upper_bound":"LTg2MDM2NzgzMg==","repeats":1},{"count":600,"lower_bound":"LTg1NzAzMzQ5OA==","upper_bound":"LTg0Mzk3ODgxNg==","repeats":1},{"count":608,"lower_bound":"LTg0MzU0NzU4OQ==","upper_bound":"LTgyNTI4ODgzMA==","repeats":1},{"count":616,"lower_bound":"LTgyMzM1MDE1Nw==","upper_bound":"LTgwMTEyODE2NQ==","repeats":1},{"count":624,"lower_bound":"LTc5MTE5MTQ1MQ==","upper_bound":"LTc4MTA0NTQxMQ==","repeats":1},{"count":632,"lower_bound":"LTc4MTAzNjE4Ng==","upper_bound":"LTc0NDEzMjA2Mg==","repeats":1},{"count":640,"lower_bound":"LTc0MzUxMzg4Mg==","upper_bound":"LTczMDA3NzE4Ng==","repeats":1},{"count":648,"lower_bound":"LTcyNjMyODIxOA==","upper_bound":"LTY4MzcyNjYzMQ==","repeats":1},{"count":656,"lower_bound":"LTY3OTk2ODY5NA==","upper_bound":"LTY2Mjg4MTk2Mw==","repeats":1},{"count":664,"lower_bound":"LTY1OTAwOTA1OQ==","upper_bound":"LTY0OTc4MDU4Mg==","repeats":1},{"count":672,"lower_bound":"LTY0NjI0NjcwMg==","upper_bound":"LTYyMDU5NzIxMw==","repeats":1},{"count":680,"lower_bound":"LTYxODI5MDI2OA==","upper_bound":"LTYxMDUxNDgwMQ==","repeats":1},{"count":688,"lower_bound":"LTYwODY2Njg5NA==","upper_bound":"LTU5ODI2MTI5MA==","repeats":1},{"count":696,"lower_bound":"LTU5NDg5NDg4Mw==","upper_bound":"LTU4NTcwMTk5Nw==","repeats":1},{"count":704,"lower_bound":"LTU3OTY4OTcxNQ==","upper_bound":"LTU3NTYzMDM4NQ==","repeats":1},{"count":712,"lower_bound":"LTU3NTYxMzQwNA==","upper_bound":"LTU3NTIxNDQ0NA==","repeats":1},{"count":720,"lower_bound":"LTU3NDIyMzIzOQ==","upper_bound":"LTU1ODY3OTcxNQ==","repeats":1},{"count":728,"lower_bound":"LTU1MTI2MzczMw==","upper_bound":"LTU0NjU5Nzg1MQ==","repeats":1},{"count":736,"lower_bound":"LTU0NDA1Mjc5MA==","upper_bound":"LTUzNzk5NzcwOA==","repeats":1},{"count":744,"lower_bound":"LTUzMjQxMDU4Mg==","upper_bound":"LTQ5MTM3MDU4MQ==","repeats":1},{"count":752,"lower_bound":"LTQ5MTI2NDg0Mw==","upper_bound":"LTQ4MDc0OTQwMw==","repeats":1},{"count":760,"lower_bound":"LTQ3ODM4MTk0Mw==","upper_bound":"LTQ2Mzc0Mzk0Mw==","repeats":1},{"count":768,"lower_bound":"LTQ1NzkxMzAyNA==","upper_bound":"LTQ1MjEwODkzMQ==","repeats":1},{"count":776,"lower_bound":"LTQ0NjEwNzA2NA==","upper_bound":"LTQzNjI4Mjc4Nw==","repeats":1},{"count":784,"lower_bound":"LTQzMjA5MDkwMA==","upper_bound":"LTQyNTQ4NjUxNw==","repeats":1},{"count":792,"lower_bound":"LTQyNDY5NTg4Mw==","upper_bound":"LTQwNjkzNDU3Nw==","repeats":1},{"count":800,"lower_bound":"LTQwNTI1ODI1NQ==","upper_bound":"LTM5NzEwNjY5NQ==","repeats":1},{"count":808,"lower_bound":"LTM5NTQ0MjE5MQ==","upper_bound":"LTM4MDU4ODAzNw==","repeats":1},{"count":816,"lower_bound":"LTM3NjM1MTE0Mw==","upper_bound":"LTM1OTc5MTA2Mg==","repeats":1},{"count":824,"lower_bound":"LTM1NzA4Nzc0NQ==","upper_bound":"LTM0ODg3MjQ2Ng==","repeats":1},{"count":832,"lower_bound":"LTMzOTMzNjI0Ng==","upper_bound":"LTMyMDM5NjY0NQ==","repeats":1},{"count":840,"lower_bound":"LTMxODk2NDQ5OQ==","upper_bound":"LTMwMzI4NDcyNw==","repeats":1},{"count":848,"lower_bound":"LTMwMjY4OTI0Ng==","upper_bound":"LTI5NjAwMjkzNQ==","repeats":1},{"count":856,"lower_bound":"LTI5NDE2OTU1Mw==","upper_bound":"LTI5MDgyOTU0OA==","repeats":1},{"count":864,"lower_bound":"LTI5MDI0MTI4OQ==","upper_bound":"LTI3ODEwNjA1OQ==","repeats":1},{"count":872,"lower_bound":"LTI3MzE0NzYxOA==","upper_bound":"LTI2MTY4NDg3Mg==","repeats":1},{"count":880,"lower_bound":"LTI1MzczMjU4OQ==","upper_bound":"LTI0NzU3MTcwNQ==","repeats":1},{"count":888,"lower_bound":"LTI0NDUxNDQyNQ==","upper_bound":"LTIwNzE3Njg2MA==","repeats":1},{"count":896,"lower_bound":"LTIwMzc0MDk0NQ==","upper_bound":"LTE3ODUyODg5OQ==","repeats":1},{"count":904,"lower_bound":"LTE2ODk0NTk1Ng==","upper_bound":"LTE1NjE0OTY0Mg==","repeats":1},{"count":912,"lower_bound":"LTE1NDE1MDcwNw==","upper_bound":"LTE0MDIyNjU0Mg==","repeats":1},{"count":920,"lower_bound":"LTEzNjc3MTE3OA==","upper_bound":"LTEyOTI2NDcwMw==","repeats":1},{"count":928,"lower_bound":"LTEyNjgwNTcxNQ==","upper_bound":"LTExNDM3NzA4OA==","repeats":1},{"count":936,"lower_bound":"LTExNDMyNzIyNA==","upper_bound":"LTEwNzE2NzQ3MA==","repeats":1},{"count":944,"lower_bound":"LTEwNTUwNzgzNg==","upper_bound":"LTk3MjgzODU2","repeats":1},{"count":952,"lower_bound":"LTkzMjkxOTY4","upper_bound":"LTc4NjQ2MzIz","repeats":1},{"count":960,"lower_bound":"LTc1MjAwNTI2","upper_bound":"LTU5MzU4OTQx","repeats":1},{"count":968,"lower_bound":"LTU5MTM5MTI4","upper_bound":"LTQ0NzEzNTYw","repeats":1},{"count":976,"lower_bound":"LTQzMTMxNjA1","upper_bound":"LTM2OTMxNTI5","repeats":1},{"count":984,"lower_bound":"LTM1MzQ5Mzg1","upper_bound":"LTU5MTMxNzc=","repeats":1},{"count":992,"lower_bound":"LTEyMDU2NzI=","upper_bound":"MTI1NDE0Njc=","repeats":1},{"count":1000,"lower_bound":"MTQwNTI2NjM=","upper_bound":"MzA2Njg4OTg=","repeats":1},{"count":1008,"lower_bound":"MzA3Njk2MzI=","upper_bound":"NDU4NTI2ODg=","repeats":1},{"count":1016,"lower_bound":"NDgwNjY3MDE=","upper_bound":"NTMwMzMzNjc=","repeats":1},{"count":1024,"lower_bound":"NTQyMzA5MDU=","upper_bound":"Njc2OTgxODY=","repeats":1},{"count":1032,"lower_bound":"Njg0MTg3NjQ=","upper_bound":"ODE1MjA5MzQ=","repeats":1},{"count":1040,"lower_bound":"ODgzNDkxMzU=","upper_bound":"MTAwNjQ1NzQy","repeats":1},{"count":1048,"lower_bound":"MTE4MTgzMDYy","upper_bound":"MTI1NzU1NTE0","repeats":1},{"count":1056,"lower_bound":"MTQzNjMwMjg1","upper_bound":"MTU2NDU0OTQx","repeats":1},{"count":1064,"lower_bound":"MTU3MDIyNjMw","upper_bound":"MTcyMjYwMjQz","repeats":1},{"count":1072,"lower_bound":"MTc4MTIwNTA2","upper_bound":"MTg2NDc0OTE1","repeats":1},{"count":1080,"lower_bound":"MTg3NjY0MTg2","upper_bound":"MjAwODk4MDIx","repeats":1},{"count":1088,"lower_bound":"MjAyNzIwMDM1","upper_bound":"MjA4NzY2MTk4","repeats":1},{"count":1096,"lower_bound":"MjA5MDA5MDE3","upper_bound":"MjMxNTc2NDIx","repeats":1},{"count":1104,"lower_bound":"MjMzOTg1NjEw","upper_bound":"MjY1NDE2ODM1","repeats":1},{"count":1112,"lower_bound":"MjY2MjkwMzQy","upper_bound":"MzA3NjEzMzE4","repeats":1},{"count":1120,"lower_bound":"MzE1Mjc0NDE2","upper_bound":"MzI5ODkwNTM1","repeats":1},{"count":1128,"lower_bound":"MzM1MzIxNDI0","upper_bound":"MzQ2NTc5OTgw","repeats":1},{"count":1136,"lower_bound":"MzQ3MDM2MDI2","upper_bound":"MzU0NTg2NDk2","repeats":1},{"count":1144,"lower_bound":"MzYwMjQ5MzYw","upper_bound":"MzY1MjA5MDg4","repeats":1},{"count":1152,"lower_bound":"Mzc3MTc1Njgw","upper_bound":"MzgzMjk3Mjkx","repeats":1},{"count":1160,"lower_bound":"MzgzNDM4OTAy","upper_bound":"Mzk2NDk5NDc4","repeats":1},{"count":1168,"lower_bound":"Mzk3MTQxNDI0","upper_bound":"NDExMzExMTE1","repeats":1},{"count":1176,"lower_bound":"NDExMzE3OTc0","upper_bound":"NDE2NDYxNDg1","repeats":1},{"count":1184,"lower_bound":"NDE2NTk3MTg1","upper_bound":"NDIwODA4OTM5","repeats":1},{"count":1192,"lower_bound":"NDIyMTc4OTY3","upper_bound":"NDM5NDQ5NjAx","repeats":1},{"count":1200,"lower_bound":"NDQxMzM5ODU1","upper_bound":"NDUzMzU0MzI5","repeats":1},{"count":1208,"lower_bound":"NDU2NDc1ODk0","upper_bound":"NDY1MjM4NTY5","repeats":1},{"count":1216,"lower_bound":"NDY4MjcyNjU2","upper_bound":"NDg4MTMyMjIy","repeats":1},{"count":1224,"lower_bound":"NTAzNTgwMjkz","upper_bound":"NTA2OTQ0ODE3","repeats":1},{"count":1232,"lower_bound":"NTA3MjQzNzUw","upper_bound":"NTE1Nzk0NzU1","repeats":1},{"count":1240,"lower_bound":"NTIyNDY0NzU1","upper_bound":"NTI1NDA2NDQ3","repeats":1},{"count":1248,"lower_bound":"NTI4NTEyNjUz","upper_bound":"NTQ5MzA3NTI0","repeats":1},{"count":1256,"lower_bound":"NTUwNjY0NTE0","upper_bound":"NTcwMzY4MzU5","repeats":1},{"count":1264,"lower_bound":"NTcyOTQ1NDI5","upper_bound":"NTgyMDQxNTcx","repeats":1},{"count":1272,"lower_bound":"NTgyNjAwNDI3","upper_bound":"NTkwMTY0MTAw","repeats":1},{"count":1280,"lower_bound":"NTk3MzUxODQw","upper_bound":"NjAxODg2NDE0","repeats":1},{"count":1288,"lower_bound":"NjA2NzAxNjA1","upper_bound":"NjI0NjY3Njkx","repeats":1},{"count":1296,"lower_bound":"NjI3NDY1MDI1","upper_bound":"NjQ4MDM1ODI0","repeats":1},{"count":1304,"lower_bound":"NjUwNzM5OTAw","upper_bound":"NjU5NTUzMzky","repeats":1},{"count":1312,"lower_bound":"Njc1MDk5NTAw","upper_bound":"Njg4Nzk4NjAy","repeats":1},{"count":1320,"lower_bound":"NjkxMTA5ODg3","upper_bound":"Njk5MjQyNTc5","repeats":1},{"count":1328,"lower_bound":"NzA1NzMxMTQw","upper_bound":"NzEyNzY3NDI5","repeats":1},{"count":1336,"lower_bound":"NzE3MDQ2MTIx","upper_bound":"NzIyNDA1NTk5","repeats":1},{"count":1344,"lower_bound":"NzIyNTA5NTc2","upper_bound":"NzI5MTg0Mzc2","repeats":1},{"count":1352,"lower_bound":"NzI5NjA3MTQw","upper_bound":"NzM5NzM3ODE1","repeats":1},{"count":1360,"lower_bound":"NzQwNDA2NzE3","upper_bound":"NzYzMTg2OTYw","repeats":1},{"count":1368,"lower_bound":"NzY1ODQwNDU1","upper_bound":"NzgzMTk1MDIw","repeats":1},{"count":1376,"lower_bound":"Nzg1OTc2NTU1","upper_bound":"Nzk3MTAzOTk3","repeats":1},{"count":1384,"lower_bound":"ODA0ODU4ODY3","upper_bound":"ODE4MTU5OTEz","repeats":1},{"count":1392,"lower_bound":"ODI2NTk4MDUw","upper_bound":"ODUwNjI3NDk4","repeats":1},{"count":1400,"lower_bound":"ODUwNjYzOTAw","upper_bound":"ODU4OTU5ODcw","repeats":1},{"count":1408,"lower_bound":"ODYxMTQ3OTgy","upper_bound":"ODc2MTUwNjkz","repeats":1},{"count":1416,"lower_bound":"ODc2Nzg2Nzk2","upper_bound":"ODgzNTIwNTUy","repeats":1},{"count":1424,"lower_bound":"ODg2NTMyMzg2","upper_bound":"ODk3NjA2NTY2","repeats":1},{"count":1432,"lower_bound":"OTEyNzcxMDM3","upper_bound":"OTE1NTQ1MjA4","repeats":1},{"count":1440,"lower_bound":"OTE5NDYyNjQ4","upper_bound":"OTMwMjQ1NjA3","repeats":1},{"count":1448,"lower_bound":"OTMyNDA5ODMw","upper_bound":"OTM5NDE4NjU2","repeats":1},{"count":1456,"lower_bound":"OTQyODc1NTc5","upper_bound":"OTU4OTU4MjM2","repeats":1},{"count":1464,"lower_bound":"OTYxMTAzMjU3","upper_bound":"OTgyNjgxMzA3","repeats":1},{"count":1472,"lower_bound":"OTg1MDQ3NDA5","upper_bound":"OTkwNzAyNjE0","repeats":1},{"count":1480,"lower_bound":"OTkwNzQ1MTYy","upper_bound":"MTAxNDU2NTU1Mg==","repeats":1},{"count":1488,"lower_bound":"MTAxNDk2MDk3Ng==","upper_bound":"MTAyOTAzNDc0OA==","repeats":1},{"count":1496,"lower_bound":"MTAzMDcwNzk2OA==","upper_bound":"MTA0MTU0NjA1Mg==","repeats":1},{"count":1504,"lower_bound":"MTA0MTU5OTc3MA==","upper_bound":"MTA1NjgxMjUzMg==","repeats":1},{"count":1512,"lower_bound":"MTA2MjA3OTQ4NQ==","upper_bound":"MTA2ODA2ODM2OQ==","repeats":1},{"count":1520,"lower_bound":"MTA2ODY0Mzg3NA==","upper_bound":"MTA4NjY0NDgyNQ==","repeats":1},{"count":1528,"lower_bound":"MTA5Mjk1OTE0NQ==","upper_bound":"MTEwOTk2MzgwMA==","repeats":1},{"count":1536,"lower_bound":"MTExMTA3NDIwNQ==","upper_bound":"MTEyMTg3MTY2Mg==","repeats":1},{"count":1544,"lower_bound":"MTEyNTA0OTcxNA==","upper_bound":"MTEzNDM2MTY1OQ==","repeats":1},{"count":1552,"lower_bound":"MTE0MDY4MjcwMg==","upper_bound":"MTE0Mzg3MzQxOA==","repeats":1},{"count":1560,"lower_bound":"MTE0NDU3NzYxMg==","upper_bound":"MTE3MzA4MDA3Ng==","repeats":1},{"count":1568,"lower_bound":"MTE3MzI1NTU5Mg==","upper_bound":"MTE4NTgxMjg2Ng==","repeats":1},{"count":1576,"lower_bound":"MTE5NzI2NDUzNQ==","upper_bound":"MTIxNDkyMDU5MQ==","repeats":1},{"count":1584,"lower_bound":"MTIxODMzMTIzMQ==","upper_bound":"MTIyOTcwMTkyMA==","repeats":1},{"count":1592,"lower_bound":"MTIzMDcyNTE4Nw==","upper_bound":"MTI1MjAxOTY5Mw==","repeats":1},{"count":1600,"lower_bound":"MTI1MjcwOTk2NQ==","upper_bound":"MTI2MTgyNDg3MQ==","repeats":1},{"count":1608,"lower_bound":"MTI2MzQ3OTU0Mw==","upper_bound":"MTI4MDA0MTUxNA==","repeats":1},{"count":1616,"lower_bound":"MTI4NTA3NjIyMQ==","upper_bound":"MTI5NjM2MDAxMw==","repeats":1},{"count":1624,"lower_bound":"MTI5NjY3OTcyMw==","upper_bound":"MTMwNjQ1MTU0NA==","repeats":1},{"count":1632,"lower_bound":"MTMwNzcxNjEyMg==","upper_bound":"MTMyMzc4ODYxNg==","repeats":1},{"count":1640,"lower_bound":"MTMyNDU3ODA1NA==","upper_bound":"MTMzNDY0NzE1MQ==","repeats":1},{"count":1648,"lower_bound":"MTM0NDU0NjAzNA==","upper_bound":"MTM1OTIxNDgzMQ==","repeats":1},{"count":1656,"lower_bound":"MTM2MjczOTE2NQ==","upper_bound":"MTM3NDQ0MDcyOA==","repeats":1},{"count":1664,"lower_bound":"MTM3NTcxMDM3MA==","upper_bound":"MTM3NzYxMDQ0Ng==","repeats":1},{"count":1672,"lower_bound":"MTM3Nzc0NjczMA==","upper_bound":"MTM4MTE1MDg5Ng==","repeats":1},{"count":1680,"lower_bound":"MTM4MzgwNTc3NA==","upper_bound":"MTQxMDQ0MjI0OA==","repeats":1},{"count":1688,"lower_bound":"MTQxMTYyMzgxNA==","upper_bound":"MTQyNjY4NTczOA==","repeats":1},{"count":1696,"lower_bound":"MTQyNzYxODk0Mw==","upper_bound":"MTQ0MDk4MTM0Mg==","repeats":1},{"count":1704,"lower_bound":"MTQ0MzA1NDM5OA==","upper_bound":"MTQ1MDY0Mjg4Nw==","repeats":1},{"count":1712,"lower_bound":"MTQ1MTQ3NjQwOQ==","upper_bound":"MTQ2NTI4NzI4NQ==","repeats":1},{"count":1720,"lower_bound":"MTQ3MTI0Mjk4Mw==","upper_bound":"MTQ5MDM0OTUyOA==","repeats":1},{"count":1728,"lower_bound":"MTQ5NjUyOTcxMg==","upper_bound":"MTUyOTQ1NTAzMw==","repeats":1},{"count":1736,"lower_bound":"MTUyOTU3ODc0Mw==","upper_bound":"MTU0MTAwMjU2OA==","repeats":1},{"count":1744,"lower_bound":"MTU0NTc3MzQ0MA==","upper_bound":"MTU3NzI2Nzk1MA==","repeats":1},{"count":1752,"lower_bound":"MTU4ODUwMTA1NA==","upper_bound":"MTU5NjcwNTcxOQ==","repeats":1},{"count":1760,"lower_bound":"MTYwMDQ3NTE4Nw==","upper_bound":"MTYxODg5NjQ5OQ==","repeats":1},{"count":1768,"lower_bound":"MTYyMDgyMjQyNA==","upper_bound":"MTYyMzI4MTgyMg==","repeats":1},{"count":1776,"lower_bound":"MTYzMDkyNDU0Mg==","upper_bound":"MTY1NDI2ODg4Nw==","repeats":1},{"count":1784,"lower_bound":"MTY3MTYyMTU4Ng==","upper_bound":"MTY5MTEwMTk1NA==","repeats":1},{"count":1792,"lower_bound":"MTY5NTYxODI5NA==","upper_bound":"MTcwNTA4OTIzMw==","repeats":1},{"count":1800,"lower_bound":"MTcwNTczOTQ3MQ==","upper_bound":"MTczMzA1ODUzNw==","repeats":1},{"count":1808,"lower_bound":"MTczNDY3NzM1NQ==","upper_bound":"MTc0MDg0MjUyOA==","repeats":1},{"count":1816,"lower_bound":"MTc0MDg2NTI3Mg==","upper_bound":"MTc0NjQ2OTYyMg==","repeats":1},{"count":1824,"lower_bound":"MTc0ODc3MTYzOA==","upper_bound":"MTc1MjkyOTgxOQ==","repeats":1},{"count":1832,"lower_bound":"MTc1Njg0MzAxMA==","upper_bound":"MTc3MDExNzk0OQ==","repeats":1},{"count":1840,"lower_bound":"MTc3NzAyMzMyMg==","upper_bound":"MTc4NTM2Mjc1NQ==","repeats":1},{"count":1848,"lower_bound":"MTc5NDE0MzI5OQ==","upper_bound":"MTc5OTM0Njc2OQ==","repeats":1},{"count":1856,"lower_bound":"MTgwMTAzNzA2MA==","upper_bound":"MTgwMjk4NDQyMQ==","repeats":1},{"count":1864,"lower_bound":"MTgwOTEwODM5Nw==","upper_bound":"MTgyNjgwNzAyMA==","repeats":1},{"count":1872,"lower_bound":"MTgyODIwNDQ0Nw==","upper_bound":"MTg0NzExNzgwNw==","repeats":1},{"count":1880,"lower_bound":"MTg1ODM5ODIwOA==","upper_bound":"MTg2Nzg0MzMxOQ==","repeats":1},{"count":1888,"lower_bound":"MTg2OTIzMDE4Mg==","upper_bound":"MTg3NzA4MTUxMw==","repeats":1},{"count":1896,"lower_bound":"MTg3ODM2Mjk1Ng==","upper_bound":"MTg4MjQ0OTYzNA==","repeats":1},{"count":1904,"lower_bound":"MTg4MzExOTIwMw==","upper_bound":"MTkwMzE0ODczNQ==","repeats":1},{"count":1912,"lower_bound":"MTkwNjMyMjY2NQ==","upper_bound":"MTkyNjI2OTExOQ==","repeats":1},{"count":1920,"lower_bound":"MTkzNDcyNTEzMw==","upper_bound":"MTk1OTc4NjIzOA==","repeats":1},{"count":1928,"lower_bound":"MTk2NTQ5MTg3MA==","upper_bound":"MTk5MTQ0Nzk1Ng==","repeats":1},{"count":1936,"lower_bound":"MTk5MjkyODM5MA==","upper_bound":"MjAxMTQ2ODc1NQ==","repeats":1},{"count":1944,"lower_bound":"MjAyNzQ4NDI2MQ==","upper_bound":"MjAzODA3OTc2NA==","repeats":1},{"count":1952,"lower_bound":"MjA0MTEyNzU1Ng==","upper_bound":"MjA0NDA0MzMzMw==","repeats":1},{"count":1960,"lower_bound":"MjA0NjUyMTYxOA==","upper_bound":"MjA1ODI2OTc3NA==","repeats":1},{"count":1968,"lower_bound":"MjA2MDEyNDQwMQ==","upper_bound":"MjA2OTU4OTg0NQ==","repeats":1},{"count":1976,"lower_bound":"MjA3MDA3OTA2Mw==","upper_bound":"MjA3NjIyMTg4NA==","repeats":1},{"count":1984,"lower_bound":"MjA3ODM2MTI5Ng==","upper_bound":"MjA5ODc2OTkwMw==","repeats":1},{"count":1992,"lower_bound":"MjA5OTI5OTM1OA==","upper_bound":"MjEyMjI4MDA3NQ==","repeats":1},{"count":2000,"lower_bound":"MjEyNDc4MzQ4NQ==","upper_bound":"MjEzMTY3Njg0OA==","repeats":1}]},"cm_sketch":{"rows":[{"counters":[0,1,2,1,0,0,3,1,0,0,1,0,2,0,0,0,0,0,0,0,1,0,1,4,3,1,1,3,2,0,1,1,0,1,1,0,3,1,1,0,0,1,2,1,0,1,1,0,1,0,0,1,0,1,2,0,1,2,1,1,4,2,3,0,1,2,0,1,1,1,1,1,1,2,0,1,1,1,2,2,2,0,2,0,0,2,1,1,0,0,3,0,0,0,0,1,0,0,1,1,1,0,1,3,2,0,2,2,1,0,2,1,0,2,0,0,0,0,0,3,1,0,0,0,1,2,1,0,2,0,0,1,1,1,0,1,1,0,2,0,1,2,3,1,1,1,0,1,0,2,0,1,0,1,1,1,0,2,0,0,1,0,2,2,1,1,1,0,0,1,0,1,2,0,1,1,1,1,1,1,2,1,1,2,2,0,0,0,0,2,1,1,1,2,0,1,0,0,0,1,2,2,0,2,4,2,0,2,0,1,0,1,1,2,1,1,1,2,0,2,1,2,0,0,0,0,0,2,0,0,4,2,2,1,1,2,0,3,0,1,0,1,0,2,2,1,1,0,1,2,1,2,1,1,1,3,1,1,1,3,1,1,1,0,0,0,2,0,0,1,1,4,3,1,1,0,3,2,1,1,1,0,2,0,0,1,2,1,0,0,0,1,0,1,1,2,1,1,1,2,2,0,1,2,2,1,1,2,1,0,0,2,1,4,0,2,0,0,0,0,0,1,1,1,1,1,1,0,1,0,0,2,0,1,0,1,0,1,0,1,2,0,1,0,1,3,0,2,0,0,0,0,2,0,0,1,0,1,1,0,0,1,0,0,1,0,2,2,2,2,1,0,1,0,0,0,0,2,2,1,0,0,2,0,1,1,0,1,1,1,0,4,0,1,1,2,1,2,2,2,1,0,0,0,0,1,0,1,2,1,1,0,3,0,0,2,0,4,2,0,0,1,0,0,2,4,0,1,2,0,0,0,1,0,0,1,0,0,3,1,1,0,0,1,2,1,2,1,1,0,1,1,2,1,0,2,3,0,0,0,0,1,1,1,0,3,4,4,0,2,2,2,3,0,1,3,2,0,0,2,0,1,0,2,0,1,0,3,1,2,4,0,2,2,2,0,0,0,3,0,2,1,2,1,0,0,1,3,1,0,0,1,2,0,1,0,1,2,0,2,2,2,0,0,1,2,3,0,0,4,0,1,1,0,1,0,1,0,1,0,0,2,0,0,3,1,0,0,1,2,2,1,0,2,3,3,1,1,2,0,1,0,1,1,1,1,1,1,1,1,2,1,0,0,0,3,0,1,1,2,0,0,1,1,1,0,0,1,0,1,1,3,1,1,0,0,0,2,0,1,1,2,0,2,0,0,1,0,1,2,0,0,0,1,2,0,1,1,0,1,0,1,2,0,4,1,1,0,0,1,2,0,0,1,0,3,4,2,0,1,1,0,0,1,3,2,0,0,0,1,2,1,1,2,3,2,1,1,1,2,2,1,0,0,0,0,0,1,0,0,1,2,1,1,0,1,0,2,2,0,1,1,2,1,2,0,2,0,2,0,2,0,1,1,0,2,1,2,0,0,0,0,1,0,0,1,2,1,1,1,0,0,1,1,1,0,0,2,1,2,0,1,0,3,0,4,0,1,1,1,0,4,3,0,0,1,0,0,0,0,3,2,0,2,3,0,0,0,2,0,1,0,0,2,0,2,0,1,0,0,0,2,0,0,2,2,1,3,1,1,0,2,1,2,2,2,0,0,0,1,3,0,0,2,1,1,1,0,0,0,0,0,1,2,0,1,0,0,2,1,0,1,1,1,0,1,2,1,1,1,2,0,0,0,0,1,1,0,1,3,1,0,1,2,0,2,1,0,1,2,0,0,1,0,0,0,1,1,1,2,0,2,0,0,1,1,0,1,0,0,0,0,1,4,2,0,1,1,0,0,1,0,1,1,0,0,0,0,0,2,1,1,0,2,0,0,1,4,1,0,0,1,1,2,2,2,1,1,1,0,1,1,3,1,0,0,1,2,1,0,0,0,3,0,2,3,3,3,0,0,0,0,1,3,1,3,0,2,1,1,0,1,1,1,2,1,3,0,0,2,1,1,0,0,3,2,0,0,2,0,0,0,1,2,0,2,3,1,1,0,3,2,2,2,2,1,0,1,1,1,0,3,3,1,0,1,3,2,2,2,1,1,0,1,2,2,0,2,0,3,4,0,0,0,0,2,0,0,2,1,1,3,3,0,2,0,1,2,1,1,0,1,0,0,1,0,0,0,1,1,1,1,0,2,2,2,0,0,1,2,1,0,0,1,0,2,1,1,3,2,3,0,2,0,1,1,0,3,2,1,2,1,0,1,3,2,0,0,1,1,0,1,1,1,0,0,2,0,0,1,3,1,2,1,2,1,0,0,1,0,1,3,2,0,0,3,1,1,1,0,3,1,1,0,1,1,0,0,3,0,2,2,2,1,2,0,1,0,1,1,3,3,0,0,0,0,0,0,1,4,1,2,0,0,0,1,1,1,1,1,1,2,0,2,0,1,1,1,0,0,1,1,0,0,2,0,2,2,2,0,2,2,1,2,0,1,1,1,1,0,1,1,1,2,1,2,0,1,0,0,1,1,2,0,1,0,1,3,0,3,0,1,0,2,0,3,0,0,1,0,2,0,3,2,2,1,2,1,0,2,3,1,1,1,1,0,1,1,1,1,1,1,2,0,1,0,1,2,4,0,0,0,2,3,0,0,0,2,1,0,3,2,0,0,0,0,3,0,1,0,1,0,1,1,1,1,0,2,3,1,0,0,2,1,0,1,0,0,2,2,0,1,1,1,0,1,0,1,1,1,0,0,0,0,0,2,0,1,2,0,1,0,2,0,2,2,1,2,1,2,1,0,0,1,0,0,1,1,1,0,1,3,2,0,0,1,0,1,0,1,0,1,2,0,0,2,1,1,2,2,1,2,2,0,2,1,1,0,2,0,0,1,0,2,1,1,1,0,1,1,2,2,1,2,0,0,1,0,1,1,2,1,2,0,0,0,1,1,1,0,0,1,1,3,1,1,1,0,0,3,0,1,0,3,1,1,1,2,2,1,3,0,0,2,1,2,0,1,0,1,0,1,2,3,0,1,1,0,0,1,2,0,0,1,2,0,1,0,0,2,4,0,0,0,0,2,1,0,1,0,1,3,0,1,0,0,0,1,0,1,0,0,1,0,1,1,0,0,1,0,1,1,0,3,0,0,0,0,0,1,0,4,0,1,3,1,1,2,2,2,0,1,2,0,1,0,2,1,0,1,0,3,3,1,1,0,0,1,1,1,2,1,0,1,0,1,3,1,0,1,1,1,0,1,0,1,1,0,1,3,4,1,0,0,1,2,0,0,1,1,1,2,0,2,1,0,1,2,1,0,3,0,1,0,1,2,0,1,0,2,4,2,1,1,0,2,1,4,2,1,2,3,1,1,3,0,2,0,0,0,0,0,2,2,0,2,1,0,1,1,1,1,0,0,0,1,1,1,0,0,1,2,0,1,1,5,0,0,0,0,3,3,0,1,1,1,0,1,1,1,1,0,0,0,2,1,1,2,0,2,1,0,1,1,0,1,2,1,3,0,0,1,0,0,0,0,1,1,0,0,1,1,3,2,1,0,1,0,2,3,0,2,2,3,1,0,2,0,2,3,0,2,0,0,3,0,0,3,0,2,0,3,3,0,2,1,1,1,1,0,1,0,0,2,0,1,1,1,1,0,1,2,2,1,2,1,0,0,2,0,3,4,1,0,0,1,1,1,2,3,1,0,0,2,2,0,2,2,1,0,1,1,0,1,2,1,1,3,1,2,0,1,2,0,0,0,3,1,4,0,1,0,0,3,1,0,2,1,1,1,0,0,0,0,0,2,0,0,0,1,0,1,0,0,1,0,3,1,0,1,1,0,1,0,0,0,1,1,0,1,1,0,0,1,2,0,1,3,1,2,0,1,1,0,1,1,2,2,0,0,2,2,2,0,1,1,2,0,1,0,2,1,1,1,2,2,0,2,0,0,3,1,2,1,0,1,2,0,2,1,1,0,0,0,0,2,0,0,1,2,1,0,0,1,1,1,0,2,0,3,1,0,4,1,0,1,0,1,2,3,0,0,1,0,0,0,5,1,1,0,1,1,0,1,1,0,0,0,3,0,0,0,0,0,0,0,0,1,0,0,2,0,1,1,2,2,1,0,2,1,2,2,4,1,2,0,1,0,3,0,0,1,1,2,2,1,3,0,0,1,0,0,0,2,5,1,6,1,1,0,2,1,2,0,1,0,1,3,1,1,1,1,2,0,0,1,1,2,2,3,1,0,0,0,5,1,0,0,2,1,0,0,3,0,0,2,0,1,0,0,2,1,2,2,1,0,1,1,0,0,0,1,1,0,1,2,1,2,2,2,1,0,1,2,1,0,0,0,1,3,0,1,1,0,0,1,1,1,0,2,1,1,2,2,2,1,0,2,1,1,0,1,1,0,0,0,1,1,1,1,0,2,0,1,2,2,0,2,2,1,2,0,2,0,0,0,1,1,2,0,1,3,0,0,0,1,0,1,0,0,2,2,0,1,1,1,0,1,0,2,3,0,2,1,1,4,0,1]},{"counters":[3,0,0,2,3,0,0,0,0,2,1,0,1,3,1,1,2,0,0,0,2,1,2,2,2,0,2,0,2,0,1,2,0,1,0,1,0,0,2,0,0,0,1,1,2,1,4,2,2,0,0,2,0,0,1,2,1,1,2,2,0,0,1,1,0,3,0,2,2,4,1,0,1,2,1,0,3,2,2,2,0,3,0,3,1,2,1,1,2,0,1,1,1,1,1,1,1,1,0,1,0,0,0,0,0,1,2,1,1,0,1,0,3,1,1,0,0,0,1,1,0,1,3,1,1,1,1,1,1,0,0,2,1,2,0,0,1,3,2,2,0,3,2,0,0,1,1,1,0,3,1,2,3,0,0,3,0,2,4,0,1,2,2,0,0,3,2,1,0,0,0,0,1,2,1,0,1,0,0,1,1,1,2,5,0,1,0,1,1,0,0,0,2,1,1,1,1,2,2,1,2,0,0,1,4,3,0,2,0,3,1,0,0,0,2,0,1,1,1,0,0,3,1,2,1,0,1,0,1,2,0,0,1,0,0,0,0,0,3,0,3,0,0,0,0,0,1,1,0,0,2,1,1,1,0,1,2,3,2,1,1,3,1,2,1,0,2,1,0,0,0,0,0,1,2,2,0,3,0,1,1,1,1,2,3,0,1,1,0,1,1,1,2,0,1,0,0,1,0,0,0,3,0,2,1,1,2,0,1,2,4,2,0,0,1,1,1,1,1,0,1,1,0,0,3,2,0,0,3,0,1,0,0,0,1,2,2,3,2,0,0,0,2,0,1,1,2,2,0,4,1,0,1,0,2,2,0,1,0,2,0,2,0,1,0,0,1,3,1,0,0,1,1,1,2,2,1,1,0,0,0,0,2,0,0,1,2,1,3,1,1,1,1,1,1,0,0,1,1,0,0,1,2,0,0,0,0,0,2,1,2,0,1,1,0,2,1,3,2,2,0,2,2,0,2,2,0,1,1,1,1,0,1,1,1,2,0,0,1,0,2,0,1,0,0,1,1,1,0,2,0,3,2,2,4,1,1,1,1,2,2,2,0,3,1,2,0,3,2,1,3,0,2,1,3,2,0,1,0,0,4,2,0,0,2,0,1,1,2,1,0,0,0,1,2,3,1,1,3,1,0,1,0,0,0,1,1,1,1,2,1,1,1,1,0,1,1,2,0,0,0,1,1,2,2,0,1,0,2,0,2,1,0,1,0,0,0,0,1,2,0,1,0,1,1,0,3,4,2,1,2,0,0,1,1,1,0,1,0,0,1,0,1,1,1,2,1,0,1,1,2,1,2,0,1,0,2,1,0,0,2,0,0,0,0,0,2,1,0,1,1,1,0,1,0,1,0,0,0,4,1,1,1,0,0,0,0,2,1,1,1,1,1,0,1,1,2,0,0,0,3,2,0,1,0,0,4,0,1,0,0,0,4,1,0,0,2,2,2,2,2,1,0,1,0,2,1,1,1,1,1,1,1,1,1,0,0,1,3,1,1,1,2,0,2,0,0,1,0,0,2,2,0,1,0,1,0,1,0,3,0,2,1,0,0,2,1,1,0,0,0,0,0,1,0,0,1,1,2,0,0,0,0,2,1,0,0,2,2,1,3,1,0,1,1,0,1,1,0,0,0,2,0,1,2,0,3,0,0,0,2,1,3,1,2,0,1,0,0,1,1,0,1,1,0,2,1,1,2,3,2,4,1,2,1,1,1,0,1,0,2,0,2,1,0,3,2,1,2,0,1,0,1,1,1,1,0,0,1,2,0,2,0,1,0,1,0,0,2,1,0,0,1,2,3,2,2,1,3,1,1,2,0,0,0,0,0,1,0,1,3,0,0,1,1,2,0,2,0,1,2,0,1,0,1,1,0,0,1,3,1,1,0,0,1,1,1,1,2,1,0,1,2,0,1,1,2,1,0,0,1,1,1,2,0,1,0,0,1,1,0,0,2,0,0,0,1,2,1,0,0,1,1,0,2,0,2,1,1,3,1,2,1,1,2,0,2,1,0,1,1,0,0,0,0,0,1,1,0,0,1,2,0,3,2,1,0,1,1,1,1,0,3,1,1,1,2,2,1,1,0,0,1,2,1,1,1,2,1,0,1,1,2,0,0,0,1,2,2,2,3,2,1,1,1,1,1,2,0,2,0,2,0,0,1,1,2,1,1,1,0,1,1,0,2,1,2,1,5,1,1,0,2,0,1,1,1,0,0,1,0,0,2,0,0,0,1,1,0,2,1,4,0,1,0,0,0,0,1,1,0,1,2,0,1,0,2,0,0,0,2,0,0,0,1,0,1,1,0,1,0,1,0,1,0,1,1,3,1,2,0,0,0,1,2,0,3,2,0,1,2,3,1,2,2,2,0,3,1,1,0,2,0,0,0,0,0,0,0,1,0,1,0,0,0,0,1,0,1,1,0,2,2,0,0,1,1,1,0,3,0,2,1,0,2,1,0,0,1,0,1,0,1,1,2,1,0,2,3,2,0,1,0,1,2,1,0,1,0,1,0,1,0,1,1,1,0,2,0,0,2,0,1,1,1,2,1,3,1,2,0,1,1,0,1,0,1,1,0,0,1,0,1,1,1,1,0,1,2,0,0,2,2,2,0,0,2,1,2,0,3,0,2,1,1,0,0,1,1,1,0,0,1,1,2,0,3,1,1,0,2,2,0,2,0,0,1,0,1,3,2,0,2,0,1,2,0,0,0,2,4,1,2,1,1,2,2,0,1,2,1,4,0,3,1,1,1,2,2,0,3,1,3,0,0,1,2,1,3,0,2,2,1,2,0,2,3,2,0,1,1,1,2,0,1,1,2,1,0,2,2,4,1,0,0,4,0,2,2,1,1,0,1,0,2,1,3,1,1,3,1,0,1,1,0,3,3,1,2,5,0,0,1,0,0,1,0,3,1,1,0,1,0,1,0,0,1,1,1,0,1,0,0,0,0,1,1,2,0,1,1,0,2,0,0,2,0,1,2,3,1,1,0,1,2,0,0,0,1,0,1,2,2,1,0,0,0,0,0,2,2,0,2,1,1,1,0,3,0,2,1,0,4,0,1,0,0,1,1,1,1,0,0,0,1,1,2,1,0,0,1,0,1,2,0,2,0,1,2,0,0,1,1,1,2,0,3,1,2,2,0,1,1,2,1,0,1,1,1,1,0,3,3,3,0,1,0,0,2,2,1,1,2,1,1,2,2,3,1,2,1,3,1,0,0,0,2,2,1,1,2,1,2,1,0,1,0,1,1,3,0,0,0,0,0,0,2,0,1,1,3,0,2,0,1,0,2,0,1,0,3,1,2,0,0,2,1,1,1,0,1,1,2,0,1,0,1,0,1,2,0,0,1,0,3,0,0,2,2,1,2,1,1,0,0,1,0,2,0,2,0,1,1,0,2,0,3,1,3,3,0,0,2,2,1,1,3,0,1,3,1,1,1,0,0,1,3,2,3,0,2,0,1,0,0,0,2,2,0,1,0,0,1,3,0,1,0,2,1,0,4,1,0,0,0,1,1,1,2,1,1,0,0,1,1,2,0,2,2,0,1,1,2,1,1,2,1,2,0,2,0,1,0,1,1,1,0,2,1,1,1,1,0,1,1,1,1,0,0,3,1,0,0,1,1,2,3,2,0,1,0,1,4,2,0,3,0,0,3,1,1,1,1,0,0,1,1,0,1,1,0,3,0,2,0,2,1,2,3,1,1,0,1,1,1,1,0,0,0,4,2,0,0,1,0,1,0,1,0,0,0,0,1,1,0,0,1,0,3,0,2,1,2,0,1,2,1,0,0,0,1,0,1,2,0,1,1,0,1,1,2,0,1,0,0,3,1,1,1,1,1,1,5,1,0,4,0,1,0,1,0,0,1,1,2,2,0,3,1,1,1,2,3,0,1,1,1,0,0,1,1,1,2,1,1,1,1,0,1,3,0,1,1,2,0,1,1,1,0,0,1,0,2,0,2,0,1,1,1,1,0,1,2,0,1,0,0,1,2,1,2,0,0,1,1,0,0,0,1,1,0,2,1,0,1,1,0,1,1,2,0,4,0,1,0,0,0,2,2,1,1,2,0,0,1,1,0,0,0,0,0,0,0,0,0,1,0,0,1,1,1,1,0,1,1,3,0,2,2,0,0,3,0,2,0,1,1,1,1,2,3,2,1,2,0,1,1,0,0,2,0,0,0,0,1,0,0,2,1,3,1,0,2,1,2,0,3,4,3,2,1,2,2,2,0,2,0,0,3,1,1,1,2,2,1,1,0,1,0,2,1,1,3,1,0,1,0,0,0,2,1,2,0,1,1,2,2,1,0,2,1,0,1,1,0,0,0,0,0,0,0,2,0,0,2,0,1,0,1,1,2,1,1,1,1,1,1,2,2,0,1,0,0,1,2,0,1,1,1,1,1,1,2,0,1,0,0,3,1,3,1,1,3,1,1,0,0,0,0,0,2,0,0,2,0,1,1,0,1,0,1,2,3,1,0,0,1,3,3,2,0,1,0,1,3,1,1,0,1,1,1,2,2,2,0,1,0,0,1,0,1,0,1,0,1,0,1,1,0,2,0,1,1,0,3,1,0,0,3,0,2,1,0,2,0,0,0,1,1,3,1,1,0,2,1,0,0,0]},{"counters":[0,0,0,4,0,0,2,4,1,2,2,3,1,3,0,0,0,0,2,3,0,0,1,0,1,3,2,0,0,1,1,0,2,2,1,2,2,0,2,2,1,1,1,1,1,1,0,1,0,0,1,0,0,1,1,1,3,0,1,0,1,0,0,2,0,1,3,1,0,2,0,2,0,1,0,0,1,1,0,1,2,1,0,2,1,1,0,0,2,2,0,2,1,2,2,2,1,1,1,0,0,0,1,1,1,1,2,3,1,2,2,2,3,1,0,1,1,0,1,0,0,0,1,3,1,0,3,2,1,1,1,0,0,1,0,1,1,1,1,2,0,0,0,1,0,0,2,0,1,2,2,0,0,2,2,1,2,2,2,0,2,0,3,0,1,1,0,1,0,0,0,0,2,1,0,0,1,1,0,1,0,1,2,0,0,0,1,0,1,1,0,1,4,0,1,3,1,1,1,0,0,0,0,0,1,1,0,4,2,0,1,1,0,2,0,0,2,5,0,2,0,0,1,1,0,1,3,0,1,0,0,0,0,0,1,2,1,0,1,0,2,1,0,1,2,0,0,2,2,1,1,2,1,1,1,0,3,1,1,3,0,2,0,0,0,0,0,2,1,0,2,1,0,2,1,0,1,0,1,0,1,1,1,0,0,1,0,2,2,1,1,1,1,0,1,2,2,3,2,1,1,1,4,1,0,1,0,1,0,2,0,1,1,0,0,2,2,1,1,0,1,1,2,0,2,0,2,5,1,0,1,1,1,1,1,1,1,2,1,1,0,1,1,0,1,3,0,1,1,2,0,2,0,1,0,1,1,2,3,0,0,1,0,0,2,2,1,2,1,0,0,1,1,2,1,3,0,0,1,0,1,0,3,2,0,2,1,1,1,0,0,2,1,0,1,1,1,1,0,0,0,2,4,1,0,1,0,2,1,1,0,0,2,1,0,2,0,1,0,4,1,2,1,1,2,0,0,0,0,1,1,0,1,2,1,1,1,0,2,0,0,2,1,0,0,1,1,0,3,2,1,0,0,2,1,1,0,2,2,0,0,0,1,0,2,3,0,0,5,2,0,0,3,2,0,0,1,4,0,1,0,2,1,2,0,1,0,1,0,2,1,4,0,3,1,2,1,1,2,0,1,2,1,1,4,2,2,3,2,3,0,1,3,0,0,1,0,0,0,2,2,0,1,0,0,1,1,0,0,1,0,2,0,3,1,0,1,0,0,1,2,0,1,2,0,0,1,1,0,2,0,1,0,1,1,1,1,2,2,1,1,1,0,0,0,1,1,0,1,1,3,1,2,1,2,1,1,3,1,2,0,0,2,0,2,0,0,2,4,1,0,1,1,2,2,0,0,1,1,2,1,0,0,3,1,2,1,0,1,0,1,0,1,0,0,0,2,0,2,2,3,1,1,0,0,1,3,0,0,0,1,1,0,1,1,1,2,0,3,1,0,1,2,0,1,1,1,0,0,1,2,1,0,0,1,1,1,1,0,1,0,1,1,4,2,0,1,0,2,1,0,2,0,1,1,1,0,0,0,0,1,2,0,1,1,0,1,1,1,1,1,1,0,1,0,1,0,3,1,0,0,0,4,1,1,1,0,2,2,1,1,1,4,0,3,0,1,1,3,2,1,0,0,1,0,0,0,0,0,1,1,0,0,0,2,2,0,1,1,0,1,1,0,0,0,3,2,1,1,1,3,2,0,1,2,2,0,2,0,0,1,2,2,0,0,0,0,1,0,2,1,1,1,2,3,0,4,1,0,0,1,0,2,2,0,1,1,1,3,2,4,1,2,1,0,2,1,0,0,1,1,0,0,1,1,3,0,1,0,1,2,1,2,3,0,1,0,0,1,2,0,0,0,2,0,2,1,1,1,1,2,2,0,0,2,0,0,0,2,0,2,0,2,1,0,0,1,2,1,1,1,0,1,2,1,0,2,1,2,2,3,0,0,1,1,1,1,1,1,0,0,0,3,0,0,0,1,2,0,1,0,1,1,0,2,1,1,3,0,0,0,0,1,0,0,0,2,0,1,0,0,2,4,0,2,2,0,0,1,2,1,0,1,0,1,1,0,1,1,0,2,0,0,2,1,3,2,6,0,5,0,0,2,0,2,0,2,0,2,0,0,2,1,1,0,1,1,1,2,2,0,0,0,1,0,0,0,0,0,0,2,0,1,2,1,1,1,0,3,0,0,0,1,3,0,0,2,1,2,1,1,1,2,0,0,5,2,1,2,1,4,0,1,1,1,1,0,0,1,2,0,0,0,0,0,0,0,0,0,1,0,2,0,0,0,1,0,1,1,1,2,3,0,1,0,1,1,0,1,2,3,0,0,1,0,0,1,2,2,0,0,1,4,1,1,2,0,0,2,2,0,1,1,1,0,3,1,0,1,0,4,1,1,0,0,2,0,3,0,0,1,0,0,1,2,1,0,1,0,0,2,1,1,1,3,2,1,4,2,0,1,1,0,0,0,2,0,2,0,0,0,1,0,0,1,0,1,0,0,5,0,2,1,1,0,2,0,0,1,1,3,1,0,1,1,2,0,0,1,1,2,0,1,3,1,2,1,3,1,3,1,0,3,0,0,2,2,1,0,0,0,0,0,0,0,3,1,1,1,0,3,1,1,1,0,1,1,0,0,1,1,1,0,0,4,1,3,1,1,0,2,2,0,2,2,0,0,3,0,2,1,1,0,0,3,0,0,2,1,0,1,2,0,1,3,1,2,1,1,3,1,2,1,1,0,0,2,3,0,0,1,1,0,2,1,2,0,0,2,1,0,0,1,1,0,1,1,0,1,0,0,2,0,1,2,1,3,0,0,1,1,1,1,0,1,1,1,2,0,0,1,0,0,2,0,0,0,0,2,0,1,0,0,1,0,1,2,0,2,0,0,1,0,0,1,1,3,1,3,1,1,1,1,1,1,2,2,2,0,0,1,0,1,0,2,0,0,2,1,2,1,0,1,0,1,1,2,1,0,1,1,0,2,1,2,0,0,2,1,1,1,1,4,1,0,0,0,1,2,1,0,0,1,1,0,1,1,0,1,1,1,4,0,0,0,2,2,2,2,1,1,1,0,1,1,1,2,1,0,0,1,1,2,1,1,1,1,1,1,3,1,1,0,1,0,0,0,3,0,0,0,1,1,0,1,1,3,1,0,0,1,3,2,0,2,1,0,1,2,0,2,1,0,0,2,3,1,2,0,0,0,0,3,1,1,2,1,2,2,0,1,0,2,1,2,1,0,0,0,0,1,1,0,3,3,0,2,0,0,1,0,2,0,0,0,0,3,1,1,1,0,0,0,1,1,1,0,0,3,0,0,1,0,0,1,0,1,1,2,0,1,2,3,1,0,1,0,3,1,0,1,3,1,1,2,1,1,1,3,0,1,2,1,1,1,1,0,2,1,2,1,1,1,0,2,1,0,1,0,2,0,0,1,0,2,1,0,0,2,2,0,3,0,0,1,1,0,1,0,0,1,1,0,0,2,0,1,2,2,2,0,0,0,3,2,3,1,0,2,0,1,3,1,3,0,1,0,0,1,0,1,0,1,1,0,1,3,1,0,3,1,0,1,1,1,1,0,2,0,0,0,0,2,0,2,0,3,3,1,0,1,1,1,0,2,0,1,1,2,0,1,0,0,2,2,1,2,1,1,0,1,0,0,0,1,1,0,1,1,4,1,1,2,0,2,1,0,1,4,0,0,1,0,0,2,0,1,1,0,0,3,2,0,0,1,1,0,1,0,1,3,1,2,1,0,2,1,0,1,1,1,0,1,3,0,0,0,1,1,0,2,1,0,1,0,1,0,1,0,0,0,2,2,1,1,0,1,0,2,0,0,0,3,2,1,0,1,2,1,1,1,1,2,0,0,0,1,1,2,0,2,1,3,1,1,2,1,0,2,1,3,1,0,0,0,2,0,1,1,2,1,1,1,1,0,1,0,1,0,1,0,1,1,3,1,0,1,1,1,1,0,0,0,1,1,1,2,2,1,0,0,1,1,1,1,0,1,0,3,1,0,0,1,2,0,3,1,3,0,1,0,1,1,1,1,2,1,0,2,2,1,1,1,1,2,1,0,0,1,1,1,1,2,0,4,1,0,0,1,2,0,3,2,2,0,2,0,0,1,0,1,1,1,1,1,0,1,2,1,3,1,2,2,1,2,1,0,1,1,2,1,1,0,1,1,1,0,1,1,2,1,0,0,2,1,1,2,1,2,2,1,0,0,0,1,1,2,1,0,2,0,1,1,3,2,0,1,0,1,1,0,3,1,1,0,2,1,0,2,1,0,0,1,4,2,3,2,3,1,0,0,1,0,3,2,1,0,2,2,0,1,3,0,0,0,0,1,0,0,4,1,1,0,1,1,1,0,0,0,2,4,0,1,1,2,0,2,0,2,1,0,2,1,1,0,2,1,0,0,1,3,0,1,0,0,1,0,1,0,0,2,0,2,3,1,1,2,1,0,1,0,2,1,1,2,0,4,1,0,1,2,2,1,2,0,1,3,0,1,0,1,2,2,2,1,0,0,2,1,0,0,1,0,0,0,0,0,2,1,1,1,1,0,2,2,0,1,3,2,0,2,0,0,1,1,3,1,1,0,2,0,0,1,0,1,3,0,0]},{"counters":[0,1,1,2,1,1,0,1,2,0,0,2,1,1,0,1,0,0,1,1,1,1,1,0,0,0,3,3,0,0,1,1,3,0,0,1,1,0,0,1,0,0,3,1,0,0,1,1,1,1,2,0,1,2,0,0,5,1,0,2,1,2,3,0,2,1,0,0,0,0,3,1,0,0,1,0,0,1,1,0,1,0,0,2,2,0,0,1,3,3,1,0,3,2,0,0,1,1,2,2,2,0,2,1,0,1,0,0,0,2,2,0,1,1,0,0,2,1,0,1,4,0,1,1,2,2,2,0,3,2,1,0,0,1,1,1,0,1,1,1,1,0,1,0,0,1,2,1,1,2,1,1,1,2,2,0,1,1,1,2,3,1,0,3,1,1,0,3,1,0,0,0,2,0,3,3,0,0,2,2,0,1,1,0,1,0,0,2,1,1,2,0,0,1,1,0,1,3,1,1,0,1,0,0,1,1,2,0,3,0,0,1,0,2,0,1,1,1,2,1,1,2,3,2,1,1,1,0,1,0,0,1,0,2,1,0,1,0,2,1,1,0,1,0,1,0,1,1,0,2,0,0,0,3,1,2,2,0,0,0,0,0,0,0,2,1,0,0,0,1,0,1,1,1,0,2,1,3,0,0,1,3,2,1,1,0,1,0,2,0,1,2,0,1,2,3,2,0,2,4,3,3,0,0,0,1,0,1,1,0,0,2,1,3,0,2,0,0,0,1,2,2,3,1,0,3,0,2,0,1,1,1,4,2,1,3,1,0,2,2,1,0,2,0,1,0,3,1,2,1,1,2,1,2,0,2,0,0,0,1,4,1,2,1,2,4,1,0,2,2,0,0,1,1,1,0,0,0,1,0,0,2,1,0,1,1,1,0,1,2,2,1,1,0,1,0,2,2,2,2,0,0,2,1,0,0,3,2,0,0,2,0,2,1,0,1,1,0,1,1,2,1,0,1,1,1,2,2,2,0,0,2,0,0,3,1,2,1,1,1,1,0,0,1,1,1,3,0,1,2,0,2,1,1,2,1,0,0,1,2,2,0,2,1,2,1,1,3,2,0,0,2,0,1,1,1,0,2,3,1,1,1,0,0,0,0,2,1,0,1,2,1,0,3,0,1,1,0,0,0,2,0,0,1,1,3,0,0,1,0,3,0,1,2,3,1,1,0,0,1,1,0,0,1,0,2,1,0,0,0,0,2,1,0,2,1,0,0,3,3,0,0,1,0,0,1,1,0,0,1,2,2,2,1,4,3,0,1,0,1,3,0,0,1,3,0,1,0,0,0,1,0,0,2,1,0,2,2,2,2,0,0,1,1,0,1,1,0,3,3,1,0,3,1,2,1,3,1,1,0,1,2,0,1,1,4,1,0,0,2,1,1,0,0,3,1,1,3,3,3,1,0,2,0,3,0,0,0,2,0,0,2,0,0,2,3,1,0,1,2,0,1,0,0,0,2,0,1,0,2,0,1,0,2,1,2,1,3,1,0,2,0,0,0,1,2,1,1,1,1,0,1,3,1,2,1,1,3,3,0,1,2,1,1,2,0,0,1,0,2,2,3,3,1,0,0,2,1,1,1,0,1,0,1,3,2,1,0,3,0,2,0,1,1,0,0,1,2,0,1,1,0,0,1,0,2,2,0,1,0,1,0,1,1,1,1,1,2,3,0,1,1,1,2,0,2,1,0,0,0,0,0,1,0,0,1,0,1,2,0,0,0,0,0,1,0,2,1,2,1,1,2,2,0,0,1,1,1,0,4,1,1,1,1,1,0,1,2,1,0,0,1,4,3,2,1,1,0,0,1,3,4,2,1,1,1,0,1,1,0,1,3,0,1,0,0,2,1,0,1,0,1,1,0,1,0,3,0,0,3,2,1,0,2,2,1,0,0,1,3,1,1,0,0,0,1,1,0,1,2,0,1,1,0,1,3,2,2,1,0,1,1,2,0,1,1,3,0,1,1,0,1,1,0,0,1,1,0,0,0,1,0,1,4,2,0,0,0,2,2,1,4,0,0,0,0,1,0,2,1,2,1,0,2,3,1,0,0,2,1,2,0,1,1,1,2,1,0,0,1,0,0,1,1,1,1,2,0,1,1,0,1,0,2,1,0,0,1,2,0,1,0,0,0,2,1,2,1,2,1,0,0,1,1,1,0,0,0,1,3,0,3,1,2,1,0,3,3,1,2,1,1,3,1,2,3,1,1,0,0,0,2,0,1,0,1,2,1,0,1,1,0,1,1,0,0,0,1,0,2,3,1,1,2,0,0,2,0,2,3,2,0,0,0,2,1,0,3,1,1,1,1,0,2,2,0,0,0,1,0,1,1,1,1,0,4,2,0,0,1,0,0,0,1,1,1,0,1,0,2,0,1,1,0,1,0,1,0,1,0,1,0,0,3,0,3,1,0,0,0,0,2,1,1,1,1,0,0,0,1,0,2,3,1,0,1,0,0,1,1,1,1,0,1,1,2,1,0,0,1,1,2,0,0,1,3,1,2,0,1,2,0,0,0,4,0,0,1,1,0,0,1,1,0,0,3,1,0,1,1,2,1,2,2,2,2,0,1,0,1,1,1,2,1,1,0,1,4,0,2,0,2,1,1,1,0,1,3,0,2,1,1,0,0,1,0,1,1,0,1,2,0,2,1,0,1,3,0,4,1,0,0,0,1,1,0,2,1,0,4,0,2,1,0,2,1,0,0,1,1,0,1,2,0,1,0,3,1,2,3,0,0,2,2,0,3,0,1,1,0,2,1,3,0,0,0,2,1,2,3,0,1,0,0,0,0,0,2,0,1,1,3,0,1,1,0,1,0,0,1,1,1,0,1,2,0,0,1,2,2,1,1,2,1,1,0,0,0,1,1,1,2,1,1,0,0,0,0,0,1,0,0,1,2,1,1,1,4,0,1,2,1,1,0,1,2,0,1,1,1,2,0,1,0,0,0,1,1,2,2,0,1,1,3,1,0,0,4,0,2,0,1,0,0,1,1,0,1,0,2,1,2,1,0,0,0,1,0,0,0,0,0,0,2,1,1,0,1,0,1,0,0,1,0,1,0,1,0,2,0,1,0,0,1,1,3,0,1,0,1,1,0,1,0,0,1,2,3,0,1,2,2,5,2,2,1,0,3,1,0,1,1,2,2,1,1,1,1,0,3,2,1,2,1,1,0,1,0,0,2,2,2,1,3,0,0,0,1,0,0,0,1,2,2,1,1,0,0,1,1,0,0,1,1,1,0,3,1,3,3,0,1,0,1,0,1,2,0,2,1,0,1,1,2,1,1,0,1,0,1,1,0,0,2,3,2,1,3,1,1,1,1,2,0,1,0,0,0,0,3,0,0,0,1,2,1,3,0,0,3,1,0,0,1,1,0,0,0,2,1,1,0,0,1,1,3,0,0,2,0,1,2,1,1,0,2,1,0,1,2,1,0,0,1,1,1,2,0,3,1,0,4,1,1,1,2,0,1,1,0,0,0,2,0,0,1,3,2,2,0,0,1,0,0,0,2,0,1,0,1,2,1,0,2,1,0,2,0,1,2,0,1,1,1,0,1,1,1,1,1,2,2,0,0,2,1,1,1,0,0,1,2,0,2,0,0,0,2,0,1,0,0,1,0,0,2,2,2,0,0,1,1,2,1,2,1,1,1,1,3,0,2,0,1,0,0,1,2,1,1,4,3,0,0,1,1,0,2,3,1,1,1,3,1,3,1,2,1,1,0,1,2,1,0,5,2,1,0,1,2,1,1,3,1,4,1,2,1,2,4,1,1,2,1,1,0,0,1,0,0,1,3,0,0,0,1,0,0,1,1,2,2,3,0,3,0,3,0,1,0,1,2,2,0,1,1,0,1,0,1,1,1,1,3,2,1,1,0,1,2,0,2,0,3,1,0,2,1,1,3,0,0,3,1,0,0,1,0,1,1,1,1,3,0,0,1,0,1,1,3,0,0,0,0,0,0,1,2,3,1,2,1,0,1,0,3,1,1,1,2,1,3,0,0,2,1,1,1,1,1,2,2,2,3,0,1,0,2,1,0,1,1,2,0,1,2,1,2,0,1,3,0,1,3,1,0,0,1,1,1,1,1,0,0,1,2,0,2,1,0,0,0,0,1,1,0,0,1,2,1,0,1,3,0,1,1,0,1,0,0,0,1,1,1,0,0,0,2,0,1,0,3,2,0,0,1,0,0,0,0,1,0,0,0,0,0,1,0,2,2,0,0,0,0,1,1,1,0,3,0,1,0,0,3,0,1,0,1,2,1,0,1,1,2,0,0,2,2,0,0,2,1,1,2,1,0,0,0,2,0,1,3,3,0,0,1,1,1,2,2,0,1,1,1,0,1,1,1,2,1,1,2,1,2,3,0,1,0,0,0,1,3,0,1,1,5,1,1,1,0,1,1,4,0,3,0,0,0,0,0,2,1,1,0,0,0,2,0,0,1,0,0,0,3,0,0,0,1,1,2,1,2,2,3,0,0,1,3,1,0,2,0,0,0,0,2,1,0,2,0,2,2,2,1,0,1,0,0,2,0,1,1,0,1,2,1,1,1,0,1,2,2,3,1,0,0,0,0,0,1,1,0,1,0,0,2,2,0,1,0,1,1,3,1,0,2,0,1]},{"counters":[0,0,1,3,1,1,0,1,1,0,0,0,1,1,1,2,0,1,1,1,1,0,2,0,0,0,1,1,1,1,1,0,1,1,1,0,1,0,2,2,0,0,1,0,1,0,5,3,1,1,0,0,1,1,1,0,2,1,0,0,2,1,1,1,2,0,1,1,0,1,0,1,1,3,2,1,1,0,0,1,2,1,1,1,0,0,2,1,0,0,0,0,0,1,0,1,1,0,0,1,1,0,1,1,1,0,2,0,0,1,1,0,0,1,0,0,4,1,2,1,0,2,1,3,2,0,2,0,1,2,2,0,0,2,1,2,1,1,0,1,0,1,1,1,0,1,0,0,2,0,1,0,1,2,2,2,2,2,1,0,2,1,1,0,0,0,1,2,0,1,0,0,0,0,0,1,0,0,3,3,1,0,2,0,0,1,1,0,1,1,3,1,1,1,2,0,1,1,3,2,3,1,0,0,0,1,3,1,1,2,2,0,1,0,0,1,1,0,1,0,2,1,1,2,0,0,0,0,0,1,3,0,2,1,0,2,1,0,0,1,1,1,0,1,0,0,2,0,0,0,0,2,5,3,0,3,0,0,1,2,0,3,0,0,1,0,1,1,0,1,0,1,1,0,0,0,2,2,0,0,0,1,2,2,0,1,1,3,0,0,0,4,1,2,1,0,1,3,3,0,1,1,1,0,2,2,0,1,1,0,1,0,1,1,0,0,2,2,1,4,1,2,0,2,2,1,0,1,1,3,2,1,0,3,1,1,1,1,2,1,0,2,1,0,3,2,1,1,2,1,1,2,1,2,1,0,0,0,0,0,1,0,1,0,1,1,1,0,1,2,0,0,3,0,0,0,1,0,0,1,0,2,2,1,1,1,0,1,3,2,3,1,1,0,1,2,0,0,1,3,0,1,0,2,3,0,0,0,3,1,0,3,1,1,0,0,1,0,0,3,2,1,0,0,0,1,2,2,1,2,0,3,0,0,0,0,1,2,0,2,1,1,2,2,1,2,1,2,3,1,1,0,2,1,1,1,1,0,2,0,2,1,0,0,1,0,4,0,3,1,0,1,1,0,1,0,2,1,0,0,0,1,3,1,4,2,0,1,2,1,0,0,0,0,3,1,1,2,3,1,2,1,1,2,0,0,0,1,0,1,0,0,0,1,1,0,3,2,0,2,1,0,0,0,1,1,0,0,2,1,2,1,1,0,0,3,1,1,2,0,0,1,1,2,1,3,2,2,0,2,1,1,3,1,1,0,0,2,0,0,2,1,4,0,0,1,3,2,0,0,0,0,0,0,0,1,0,1,1,0,1,1,2,0,1,0,0,1,1,4,1,0,0,2,1,0,1,1,2,1,1,0,2,1,0,0,0,1,1,1,1,0,0,2,1,0,3,3,1,1,0,1,1,1,0,0,0,0,2,0,0,0,2,0,0,0,0,0,0,1,0,1,1,3,2,4,0,1,2,2,1,0,0,0,0,0,2,0,2,2,2,1,1,2,0,2,0,3,1,2,1,0,0,1,1,0,2,1,1,0,2,2,0,1,1,1,1,1,2,0,3,0,0,0,0,1,1,1,0,0,0,2,0,1,2,1,3,2,1,1,1,0,0,2,0,2,1,0,0,1,1,0,4,2,1,2,0,1,0,2,0,1,2,1,1,0,0,0,1,0,1,1,0,3,1,1,1,0,2,1,2,0,1,2,0,1,1,0,0,2,0,0,1,1,2,4,2,2,0,0,0,1,0,0,0,2,0,1,0,0,0,0,0,1,0,3,1,2,2,2,0,1,0,1,0,1,1,1,1,1,2,0,0,1,2,3,0,3,1,1,2,4,2,1,1,3,3,2,2,1,0,0,0,1,1,1,1,0,4,1,0,0,0,1,0,1,2,0,2,0,1,1,0,2,2,0,1,0,2,4,0,3,1,0,1,3,2,0,0,0,1,0,2,0,0,1,1,1,3,0,0,1,1,0,2,1,1,1,1,0,1,0,2,4,0,2,0,2,1,2,1,0,3,0,2,1,0,2,0,1,0,2,1,1,1,1,2,0,0,1,1,4,1,0,0,0,0,2,0,1,0,0,0,1,0,1,3,2,2,0,0,0,1,2,0,1,1,0,0,1,1,0,0,1,2,1,1,0,1,1,1,0,0,3,1,1,1,2,0,0,1,2,0,1,0,0,1,1,1,1,0,1,1,0,2,1,1,4,0,0,0,3,0,1,1,2,0,1,0,1,0,1,1,0,1,1,0,0,1,1,0,2,1,1,0,0,0,0,0,0,0,0,0,0,2,3,0,0,3,1,2,3,2,0,1,0,1,0,1,0,4,2,2,4,0,1,0,3,1,1,2,1,1,0,0,1,0,1,1,0,1,0,2,2,1,2,0,1,3,0,1,1,3,0,2,2,1,0,1,1,0,0,1,1,1,0,0,0,3,0,1,2,0,0,0,0,0,2,2,1,0,0,1,0,1,1,2,1,1,1,0,0,3,1,2,1,2,2,1,0,2,1,0,2,0,1,1,0,2,1,0,0,3,2,2,3,1,1,1,0,1,1,1,0,1,0,2,1,1,1,1,0,0,0,3,2,1,2,1,1,2,3,1,2,0,0,0,0,1,2,1,1,1,0,1,1,1,2,0,1,1,2,0,3,0,0,0,0,1,1,3,0,3,2,3,1,0,0,3,0,0,2,0,3,3,0,2,0,0,1,0,2,1,0,1,2,0,0,1,0,2,1,0,3,0,0,0,1,0,0,0,1,1,2,4,1,0,0,0,0,1,3,0,1,0,0,0,2,1,3,0,0,1,2,0,1,3,1,2,1,4,0,0,1,1,1,0,2,2,0,0,0,1,0,4,0,2,0,0,1,0,1,1,0,1,1,0,1,3,3,2,1,2,0,1,0,0,0,1,1,0,1,1,0,0,1,1,0,2,1,0,4,1,1,0,0,1,1,3,3,4,0,2,0,1,2,1,0,1,0,1,2,1,1,2,2,1,1,0,1,1,4,1,1,2,2,0,2,0,0,0,1,1,2,2,3,0,1,1,0,1,1,0,2,0,0,1,2,1,0,1,1,1,2,1,0,2,1,1,2,0,2,0,1,1,2,0,0,0,1,1,2,1,0,2,1,1,1,1,0,1,1,0,0,1,0,0,1,0,1,3,1,1,0,1,0,2,0,1,1,2,1,1,1,1,1,1,0,0,1,0,0,1,1,1,1,0,0,0,0,1,1,0,1,2,2,0,1,1,1,1,2,1,0,2,1,0,0,1,0,1,2,5,2,4,2,3,1,2,0,1,0,1,1,0,0,0,1,3,0,0,1,2,0,0,1,1,1,1,1,0,2,0,0,0,0,1,0,1,1,2,0,0,0,2,1,3,0,2,1,0,1,0,1,0,0,0,1,1,1,0,2,3,1,1,1,0,0,1,1,0,3,0,2,0,1,1,0,4,1,0,2,0,1,0,0,1,0,1,1,1,2,1,0,1,1,1,2,0,2,2,0,1,1,0,1,0,2,0,1,0,2,2,2,1,0,2,1,1,0,0,1,0,1,0,1,1,1,3,1,1,1,2,2,1,0,0,0,3,1,1,0,1,0,1,1,0,2,2,1,1,0,1,1,3,0,1,2,0,2,0,0,1,3,1,1,1,4,1,0,1,0,0,3,0,0,1,3,0,0,0,2,1,0,0,4,3,2,2,0,0,2,2,0,0,2,1,1,2,0,1,2,1,1,1,1,0,3,0,0,1,1,1,3,0,1,0,1,0,1,0,4,0,3,1,3,0,0,1,0,0,1,1,1,0,1,1,1,0,0,0,0,0,0,3,2,2,2,0,1,2,0,1,2,0,3,1,1,1,1,1,0,2,1,0,2,3,2,3,2,1,1,0,1,1,0,1,3,0,0,1,0,0,0,1,0,2,3,1,2,3,1,0,1,0,3,2,1,1,0,1,0,0,0,1,3,0,0,1,0,3,1,1,0,1,1,1,2,0,1,0,0,1,0,0,0,0,0,1,0,0,0,0,2,1,2,0,0,0,2,1,1,0,1,1,1,4,3,2,0,2,2,0,0,2,0,0,1,1,3,1,1,1,1,1,0,1,2,1,0,0,1,2,0,2,1,1,3,1,1,1,1,0,2,0,1,0,1,2,3,1,0,2,0,0,1,0,2,2,1,1,2,1,1,1,0,1,0,3,2,2,2,1,1,3,2,2,3,2,1,1,0,0,4,1,0,1,0,0,2,0,1,0,1,1,3,0,2,0,1,1,3,1,1,3,2,2,1,1,0,0,2,1,3,0,0,2,4,1,0,2,0,0,3,0,1,1,1,2,3,0,0,1,0,1,3,1,2,0,0,0,2,1,1,0,2,0,0,0,1,1,0,2,2,1,2,1,1,1,0,1,1,0,1,1,2,4,0,0,1,2,4,0,2,2,1,1,1,3,0,0,0,1,1,0,2,0,1,1,0,1,1,1,0,1,1,2,1,0,2,2,1,2,2,0,1,1,1,1,0,0,0,0,1,1,0,0,0,1,1,2,0,0,0,1,2,0,1,1,1,1,0,0,2,2,1,1,1,3,1,1,2,0,0,1,1,0,1,1,1,4,1,1,1,1,0,1,1]}]},"null_count":0,"last_update_version":397952049000480768}},"indices":{},"count":2000,"modify_count":0,"version":0}