{"database_name":"test","table_name":"tbl_002","columns":{"a":{"histogram":{"ndv":2000,"buckets":[{"count":8,"lower_bound":"LTIxNDQzNDE3MDU=","upper_bound":"LTIxMzM5MjY3NTU=","repeats":1},{"count":16,"lower_bound":"LTIxMzE2MDAwODg=","upper_bound":"LTIxMDI2NTM2MDE=","repeats":1},{"count":24,"lower_bound":"LTIwOTg2ODA4NTI=","upper_bound":"LTIwODIyMzkwMDE=","repeats":1},{"count":32,"lower_bound":"LTIwODIyMDI4NTI=","upper_bound":"LTIwNjY4NDE0NjA=","repeats":1},{"count":40,"lower_bound":"LTIwNjAzMzkxMzc=","upper_bound":"LTIwNTA1Mzg4MzA=","repeats":1},{"count":48,"lower_bound":"LTIwNDQ1OTA1Mjg=","upper_bound":"LTIwMzczMjIyMjQ=","repeats":1},{"count":56,"lower_bound":"LTIwMzAyMTI1MjU=","upper_bound":"LTIwMTc5MjI3OTY=","repeats":1},{"count":64,"lower_bound":"LTIwMTc3Mjk2ODg=","upper_bound":"LTIwMDQyNTM1NDY=","repeats":1},{"count":72,"lower_bound":"LTIwMDMzNzEwNTY=","upper_bound":"LTE5ODc3MDg1OTY=","repeats":1},{"count":80,"lower_bound":"LTE5NjAxNTI4OTY=","upper_bound":"LTE5NDAzNDc5Njg=","repeats":1},{"count":88,"lower_bound":"LTE5MzUyNzA1MDg=","upper_bound":"LTE5MjQ4OTA2NDE=","repeats":1},{"count":96,"lower_bound":"LTE5MjMyMzc3NDQ=","upper_bound":"LTE5MDcwODk3MDQ=","repeats":1},{"count":104,"lower_bound":"LTE5MDQ5NzA4OTU=","upper_bound":"LTE4OTQwNDk2MTQ=","repeats":1},{"count":112,"lower_bound":"LTE4ODk0MTYyNzI=","upper_bound":"LTE4NzkwNjY0MzU=","repeats":1},{"count":120,"lower_bound":"LTE4Nzg2NzEwMDE=","upper_bound":"LTE4NjcyOTE5NTY=","repeats":1},{"count":128,"lower_bound":"LTE4NjQ1Nzg4ODc=","upper_bound":"LTE4NjA2NDg0ODg=","repeats":1},{"count":136,"lower_bound":"LTE4NTg0MzQzNTg=","upper_bound":"LTE4NDkxNzQ3NzY=","repeats":1},{"count":144,"lower_bound":"LTE4NDcyODk3MDc=","upper_bound":"LTE4MzcxMzMzNDM=","repeats":1},{"count":152,"lower_bound":"LTE4MzIwMzQ5Mjc=","upper_bound":"LTE4MTYyMzYwMDY=","repeats":1},{"count":160,"lower_bound":"LTE4MTQ1ODU5MjY=","upper_bound":"LTE3ODQwNTU4ODg=","repeats":1},{"count":168,"lower_bound":"LTE3ODA3MDk0MDY=","upper_bound":"LTE3NzYzODM4ODU=","repeats":1},{"count":176,"lower_bound":"LTE3NzYyNDQwMzc=","upper_bound":"LTE3NjcwMjE4NzU=","repeats":1},{"count":184,"lower_bound":"LTE3NjA0MDM4NjM=","upper_bound":"LTE3NDgyNjIzOTY=","repeats":1},{"count":192,"lower_bound":"LTE3NDgwODA0Mjg=","upper_bound":"LTE3MzEwMTg2NTg=","repeats":1},{"count":200,"lower_bound":"LTE3Mjg2ODY0MjU=","upper_bound":"LTE3MTk0NjYzMjk=","repeats":1},{"count":208,"lower_bound":"LTE3MTYyOTQwNTQ=","upper_bound":"LTE3MTA3MTk0MjI=","repeats":1},{"count":216,"lower_bound":"LTE3MDYzMjczMzA=","upper_bound":"LTE3MDM0MTMzMzA=","repeats":1},{"count":224,"lower_bound":"LTE3MDA3ODIyOTg=","upper_bound":"LTE2ODE2MTM5NzU=","repeats":1},{"count":232,"lower_bound":"LTE2Nzg5NzU0NDA=","upper_bound":"LTE2NzI1NjIxOTc=","repeats":1},{"count":240,"lower_bound":"LTE2NzEyMjc4NjM=","upper_bound":"LTE2NTg0NzUxODg=","repeats":1},{"count":248,"lower_bound":"LTE2NTcxNTk2Mzk=","upper_bound":"LTE2NDUzODAwNjc=","repeats":1},{"count":256,"lower_bound":"LTE2NDEwNTQ0MjA=","upper_bound":"LTE2MjIyMDk3NDg=","repeats":1},{"count":264,"lower_bound":"LTE2MTY1NTMxNzk=","upper_bound":"LTE2MDY2OTQ5Nzc=","repeats":1},{"count":272,"lower_bound":"LTE2MDUzNDM3MDg=","upper_bound":"LTE1OTM3NTQ5Mzc=","repeats":1},{"count":280,"lower_bound":"LTE1ODYzODcxNzY=","upper_bound":"LTE1Nzc4Nzk2MDE=","repeats":1},{"count":288,"lower_bound":"LTE1NzY3NDExMzQ=","upper_bound":"LTE1NjMyOTkyNTk=","repeats":1},{"count":296,"lower_bound":"LTE1NjA3NDA5NjA=","upper_bound":"LTE1NDYxMzA3NDQ=","repeats":1},{"count":304,"lower_bound":"LTE1MzQxNzUyMTI=","upper_bound":"LTE1MjE1MDU2MDM=","repeats":1},{"count":312,"lower_bound":"LTE1MDM5OTkwOTQ=","upper_bound":"LTE0ODU5MzU2NTk=","repeats":1},{"count":320,"lower_bound":"LTE0ODExMDU2Nzc=","upper_bound":"LTE0NzI2Nzk5MDg=","repeats":1},{"count":328,"lower_bound":"LTE0NjUyMzIxMTc=","upper_bound":"LTE0NjI5MjM0MDM=","repeats":1},{"count":336,"lower_bound":"LTE0NjE0NDgxNzI=","upper_bound":"LTE0NTMwNDcxMDA=","repeats":1},{"count":344,"lower_bound":"LTE0NTE0MjUzODI=","upper_bound":"LTE0MzcyNjQ1NTY=","repeats":1},{"count":352,"lower_bound":"LTE0MzY5Njg2ODM=","upper_bound":"LTE0MjA1NTAyMzA=","repeats":1},{"count":360,"lower_bound":"LTE0MTgyMjk5NjE=","upper_bound":"LTEzOTgzNDUzNjE=","repeats":1},{"count":368,"lower_bound":"LTEzOTQ2MjAzMDM=","upper_bound":"LTEzNzQ2MjAwMTY=","repeats":1},{"count":376,"lower_bound":"LTEzNzA5NTUyMjM=","upper_bound":"LTEzNTk3NzQ4ODk=","repeats":1},{"count":384,"lower_bound":"LTEzNTg3MzI2OTA=","upper_bound":"LTEzMzAzNzM1NTY=","repeats":1},{"count":392,"lower_bound":"LTEzMjMzNzEwMjg=","upper_bound":"LTEzMDE0Njc4ODI=","repeats":1},{"count":400,"lower_bound":"LTEyOTQyNjkyMTA=","upper_bound":"LTEyNjY0MDExOTY=","repeats":1},{"count":408,"lower_bound":"LTEyNjExMjE1NTE=","upper_bound":"LTEyMzg5MDgyNjE=","repeats":1},{"count":416,"lower_bound":"LTEyMzU1OTM1OTk=","upper_bound":"LTEyMzA5ODU3Njk=","repeats":1},{"count":424,"lower_bound":"LTEyMjk3MjcxNTI=","upper_bound":"LTEyMjE1MDgwNjM=","repeats":1},{"count":432,"lower_bound":"LTEyMjEyNTczMTM=","upper_bound":"LTEyMTE2NjAwNDY=","repeats":1},{"count":440,"lower_bound":"LTEyMDQ3MjIwODU=","upper_bound":"LTEyMDI3NjkwODQ=","repeats":1},{"count":448,"lower_bound":"LTEyMDIzNzM3MzI=","upper_bound":"LTExOTU3OTU1NjY=","repeats":1},{"count":456,"lower_bound":"LTExOTU3NDcyOTU=","upper_bound":"LTExOTQyMTIwNTA=","repeats":1},{"count":464,"lower_bound":"LTExOTMzOTc0MDY=","upper_bound":"LTExODMwNjYwMTc=","repeats":1},{"count":472,"lower_bound":"LTExODEwMTIzNTk=","upper_bound":"LTExNzI0MTgyMjQ=","repeats":1},{"count":480,"lower_bound":"LTExNjc5MTQ2MDM=","upper_bound":"LTExNTk5NDk1MTQ=","repeats":1},{"count":488,"lower_bound":"LTExNTY5MDc3NDM=","upper_bound":"LTExNDE4NjQ2MjQ=","repeats":1},{"count":496,"lower_bound":"LTExMzM4MjE5MTk=","upper_bound":"LTExMTE2NDczODY=","repeats":1},{"count":504,"lower_bound":"LTExMDkzODM3OTc=","upper_bound":"LTExMDIwMjc4MDI=","repeats":1},{"count":512,"lower_bound":"LTExMDA4NzA2NjE=","upper_bound":"LTEwOTQzNjAyMDI=","repeats":1},{"count":520,"lower_bound":"LTEwOTIxODM1MTY=","upper_bound":"LTEwODUxODA4NTY=","repeats":1},{"count":528,"lower_bound":"LTEwODQ5NjA5MDU=","upper_bound":"LTEwNzM0MjAyMzE=","repeats":1},{"count":536,"lower_bound":"LTEwNzMzNzk3MDQ=","upper_bound":"LTEwNjQ5OTU4NTk=","repeats":1},{"count":544,"lower_bound":"LTEwNjI2ODA0MTU=","upper_bound":"LTEwNTI5MzQ1MTM=","repeats":1},{"count":552,"lower_bound":"LTEwNTI2ODQ3OTc=","upper_bound":"LTEwNDEyNDM0MjQ=","repeats":1},{"count":560,"lower_bound":"LTEwMzk1MTA1NDg=","upper_bound":"LTEwMjAxMTg1MTU=","repeats":1},{"count":568,"lower_bound":"LTEwMTg5NDM0NDU=","upper_bound":"LTEwMDk2MzM3MzU=","repeats":1},{"count":576,"lower_bound":"LTEwMDg3NjcxMzU=","upper_bound":"LTEwMDA5MzMzMjE=","repeats":1},{"count":584,"lower_bound":"LTk5OTk1MzM0NA==","upper_bound":"LTk4MzMwODg2Ng==","repeats":1},{"count":592,"lower_bound":"LTk3ODk4NTQ4MQ==","upper_bound":"LTk2NDg5MTEzMQ==","repeats":1},{"count":600,"lower_bound":"LTk2Mzc0NzM4MQ==","upper_bound":"LTk1NzE2MTI0Nw==","repeats":1},{"count":608,"lower_bound":"LTk1Njk0MDU3MA==","upper_bound":"LTk0NDI2NjAzMQ==","repeats":1},{"count":616,"lower_bound":"LTkzNzc2OTc3Mw==","upper_bound":"LTkyNjk1OTQyNA==","repeats":1},{"count":624,"lower_bound":"LTkyNTY2NTEzNQ==","upper_bound":"LTkxNTk5OTY2OA==","repeats":1},{"count":632,"lower_bound":"LTkxNDY0MjY5NA==","upper_bound":"LTg5NzU2MzExMA==","repeats":1},{"count":640,"lower_bound":"LTg5NzA4OTIwNw==","upper_bound":"LTg4MTc3ODY4MQ==","repeats":1},{"count":648,"lower_bound":"LTg4MDc5ODIwNA==","upper_bound":"LTg2MzQ5NzQyMw==","repeats":1},{"count":656,"lower_bound":"LTg2MTAzNjczMQ==","upper_bound":"LTg0ODk3ODg5MQ==","repeats":1},{"count":664,"lower_bound":"LTg0MzYwNDg1Mw==","upper_bound":"LTgzNjUyMjg4NA==","repeats":1},{"count":672,"lower_bound":"LTgzNDM3OTU3OQ==","upper_bound":"LTgwMjkxMTExNQ==","repeats":1},{"count":680,"lower_bound":"LTc5OTA4NTI3NQ==","upper_bound":"LTc5MTAwMzc5NQ==","repeats":1},{"count":688,"lower_bound":"LTc4MjQ0NDE4MA==","upper_bound":"LTc3OTIzNDQyNg==","repeats":1},{"count":696,"lower_bound":"LTc3Nzk1OTc5NA==","upper_bound":"LTc3NDk2ODYwNg==","repeats":1},{"count":704,"lower_bound":"LTc1NjY4ODg5Mw==","upper_bound":"LTczMjg3NDExOQ==","repeats":1},{"count":712,"lower_bound":"LTcyNzkzNzc2NQ==","upper_bound":"LTcyMjY5MjUxMw==","repeats":1},{"count":720,"lower_bound":"LTcyMjA1OTg2OQ==","upper_bound":"LTcxNDYxMzc4MQ==","repeats":1},{"count":728,"lower_bound":"LTcxNDU5MDA3Ng==","upper_bound":"LTY5OTQ2MTc1OQ==","repeats":1},{"count":736,"lower_bound":"LTY5NTUxMzIyMA==","upper_bound":"LTY3MDc4MTk0Ng==","repeats":1},{"count":744,"lower_bound":"LTY2ODQxMDI5Mg==","upper_bound":"LTY2Mjc3MjYzNQ==","repeats":1},{"count":752,"lower_bound":"LTY2MDk1OTEyMQ==","upper_bound":"LTY0NTI5NjYyNQ==","repeats":1},{"count":760,"lower_bound":"LTY0MjQ1NTcwOQ==","upper_bound":"LTYzMDkxMDQ1Mg==","repeats":1},{"count":768,"lower_bound":"LTYzMDA3MDQ1MQ==","upper_bound":"LTYyMDk5MDM2Nw==","repeats":1},{"count":776,"lower_bound":"LTYxMDcyMDc2Mw==","upper_bound":"LTYwODMwMDIxMQ==","repeats":1},{"count":784,"lower_bound":"LTYwNzUwNjY2Mw==","upper_bound":"LTYwMDU0OTU4Mg==","repeats":1},{"count":792,"lower_bound":"LTU4ODkzMjczMg==","upper_bound":"LTU4MjQ2Nzg1Mw==","repeats":1},{"count":800,"lower_bound":"LTU3NDgwMTkzMg==","upper_bound":"LTU1OTgwNDcxOQ==","repeats":1},{"count":808,"lower_bound":"LTU1OTU4NDM0OA==","upper_bound":"LTUzNTU0NDg5NA==","repeats":1},{"count":816,"lower_bound":"LTUzNTIxNzQ1MA==","upper_bound":"LTUzMjMyMTQ5NQ==","repeats":1},{"count":824,"lower_bound":"LTUzMDU0Mjg4NA==","upper_bound":"LTUyMzg0OTE0OA==","repeats":1},{"count":832,"lower_bound":"LTUyMDc1NTgyMg==","upper_bound":"LTQ2NzU5MTY5Ng==","repeats":1},{"count":840,"lower_bound":"LTQ2NDE4Mjk1Nw==","upper_bound":"LTQ1NjkwNzM5Ng==","repeats":1},{"count":848,"lower_bound":"LTQ1NDE1NDgzMQ==","upper_bound":"LTQ0NzMyMzQ5MQ==","repeats":1},{"count":856,"lower_bound":"LTQzOTUxOTM2OA==","upper_bound":"LTQyOTI2NDA5MA==","repeats":1},{"count":864,"lower_bound":"LTQxMjIzNzkzMg==","upper_bound":"LTQwODgwNzY0Mw==","repeats":1},{"count":872,"lower_bound":"LTQwNzk0Mzk0NQ==","upper_bound":"LTM5MDg0NTAzMw==","repeats":1},{"count":880,"lower_bound":"LTM4OTQ1MTI5OQ==","upper_bound":"LTM1NzE2MTMwMA==","repeats":1},{"count":888,"lower_bound":"LTM1NzA1ODk1Nw==","upper_bound":"LTM1NDEyMzcxNw==","repeats":1},{"count":896,"lower_bound":"LTM1MTgyMDUzMQ==","upper_bound":"LTMzMzE1MDU4Mg==","repeats":1},{"count":904,"lower_bound":"LTMzMjAyMzU0NA==","upper_bound":"LTMyNTQyNTE0OA==","repeats":1},{"count":912,"lower_bound":"LTMxODY2NzE1OQ==","upper_bound":"LTMwNDE4MzI5Mg==","repeats":1},{"count":920,"lower_bound":"LTI5Nzk5NjMzOA==","upper_bound":"LTI4MzUzNDEzNg==","repeats":1},{"count":928,"lower_bound":"LTI3Njg3OTczOA==","upper_bound":"LTI1OTEyOTU3OA==","repeats":1},{"count":936,"lower_bound":"LTI1MzQ2NTA1NQ==","upper_bound":"LTI0MjEzNzc1NQ==","repeats":1},{"count":944,"lower_bound":"LTIzODE2MzMyNA==","upper_bound":"LTIyODY2ODczNA==","repeats":1},{"count":952,"lower_bound":"LTIyODEyNDUwMw==","upper_bound":"LTIyNDQ1MjQ3MQ==","repeats":1},{"count":960,"lower_bound":"LTIyNDA5NzE5Mw==","upper_bound":"LTIxMzk4ODQ1OA==","repeats":1},{"count":968,"lower_bound":"LTIwOTczMDc0Mg==","upper_bound":"LTE5MzA2MjMzMQ==","repeats":1},{"count":976,"lower_bound":"LTE4NDU3MzgzOQ==","upper_bound":"LTE3NzY3Nzc1NA==","repeats":1},{"count":984,"lower_bound":"LTE3MzU0OTAyNw==","upper_bound":"LTE2ODk1ODM5NA==","repeats":1},{"count":992,"lower_bound":"LTE2NDA3NjY3Mw==","upper_bound":"LTE1MzgyMTE3Nw==","repeats":1},{"count":1000,"lower_bound":"LTE1MDk2MDQ5NQ==","upper_bound":"LTEyMTE5OTgzMw==","repeats":1},{"count":1008,"lower_bound":"LTExMzQyMTk4Ng==","upper_bound":"LTEwOTM4NzY2Mg==","repeats":1},{"count":1016,"lower_bound":"LTk4NDE4MDY5","upper_bound":"LTg2NTE1MzQ1","repeats":1},{"count":1024,"lower_bound":"LTgzMzQwNTA3","upper_bound":"LTYwNjI5NjYw","repeats":1},{"count":1032,"lower_bound":"LTU5MTMxMTUy","upper_bound":"LTQ4MjA3MTM4","repeats":1},{"count":1040,"lower_bound":"LTQ2NzMwOTQz","upper_bound":"LTE2MTA0Nzc1","repeats":1},{"count":1048,"lower_bound":"LTEwOTg4OTY0","upper_bound":"LTc2NTAxMzQ=","repeats":1},{"count":1056,"lower_bound":"NjY2MTUzMw==","upper_bound":"MTczMTA2NDg=","repeats":1},{"count":1064,"lower_bound":"MTc5MTYyMTQ=","upper_bound":"MjI0MzQwNjc=","repeats":1},{"count":1072,"lower_bound":"MjU0MjU0Nzg=","upper_bound":"NDA2MjYzNjc=","repeats":1},{"count":1080,"lower_bound":"NDI2MDc2ODQ=","upper_bound":"NTc1MTEwNjU=","repeats":1},{"count":1088,"lower_bound":"NTk5ODkxNTE=","upper_bound":"NzAzMDI2Mzc=","repeats":1},{"count":1096,"lower_bound":"ODQwODMwODE=","upper_bound":"ODU4ODEyODk=","repeats":1},{"count":1104,"lower_bound":"OTIzMjYxNDQ=","upper_bound":"OTgxNTk1NDc=","repeats":1},{"count":1112,"lower_bound":"MTAxNjc3NzY2","upper_bound":"MTMyMTgwNzIy","repeats":1},{"count":1120,"lower_bound":"MTM5ODQ3MzE4","upper_bound":"MTUyNTI5NjUz","repeats":1},{"count":1128,"lower_bound":"MTUyNTQ4MzIy","upper_bound":"MTU5NTcyNDQx","repeats":1},{"count":1136,"lower_bound":"MTY4Mzk0MTYy","upper_bound":"MTgxMjA1OTMz","repeats":1},{"count":1144,"lower_bound":"MTgyMzM1ODI1","upper_bound":"MTg1MTM3MTY0","repeats":1},{"count":1152,"lower_bound":"MTg1OTcwNjAy","upper_bound":"MTkzNjgwMjc4","repeats":1},{"count":1160,"lower_bound":"MjA3Mjc2NTY1","upper_bound":"MjExODg0MzM2","repeats":1},{"count":1168,"lower_bound":"MjEzMTM1NzI5","upper_bound":"MjM2NDg1OTAw","repeats":1},{"count":1176,"lower_bound":"MjQwNDEzNDY2","upper_bound":"MjUzNzYwMjQ5","repeats":1},{"count":1184,"lower_bound":"MjU2MDgzNzc4","upper_bound":"MjYyMjU4Mzc3","repeats":1},{"count":1192,"lower_bound":"MjYyNjUyMjA3","upper_bound":"MjY3NjQwODA5","repeats":1},{"count":1200,"lower_bound":"MjcxMjIyNTk4","upper_bound":"MzAyODkxMzg2","repeats":1},{"count":1208,"lower_bound":"MzA1NTk1ODY2","upper_bound":"MzA5NDA5OTAx","repeats":1},{"count":1216,"lower_bound":"MzExOTg4MzY3","upper_bound":"MzE1OTAzMTU5","repeats":1},{"count":1224,"lower_bound":"MzE2NDA1Njk4","upper_bound":"MzQzMzY5ODAy","repeats":1},{"count":1232,"lower_bound":"MzQ2MzQyMjY5","upper_bound":"MzYzNTYxMzg0","repeats":1},{"count":1240,"lower_bound":"MzcwMTY1MzYy","upper_bound":"MzgzMjYxMTU1","repeats":1},{"count":1248,"lower_bound":"Mzg1ODc2MDUx","upper_bound":"NDEwODQ4MjYx","repeats":1},{"count":1256,"lower_bound":"NDE2NDM4NTA3","upper_bound":"NDMzNzYwMTM4","repeats":1},{"count":1264,"lower_bound":"NDM1ODc3ODQ2","upper_bound":"NDQ2NDIxMTAw","repeats":1},{"count":1272,"lower_bound":"NDUxOTQ0MDAz","upper_bound":"NDYwNTg5OTQw","repeats":1},{"count":1280,"lower_bound":"NDYwNjkzMDk3","upper_bound":"NDcwNjcwOTE3","repeats":1},{"count":1288,"lower_bound":"NDcxOTExMDU1","upper_bound":"NDkyNjQyOTMx","repeats":1},{"count":1296,"lower_bound":"NDk3NjY0NDg4","upper_bound":"NTA3OTYzODMw","repeats":1},{"count":1304,"lower_bound":"NTEzMjUzMjk2","upper_bound":"NTIxNDM4NDUx","repeats":1},{"count":1312,"lower_bound":"NTI0OTE1ODM4","upper_bound":"NTM1NDM4Nzcw","repeats":1},{"count":1320,"lower_bound":"NTM2MzAzODY5","upper_bound":"NTUxODQ5MjY0","repeats":1},{"count":1328,"lower_bound":"NTYwMDY5NDMw","upper_bound":"NTc5MDIwMTY2","repeats":1},{"count":1336,"lower_bound":"NTgwNzI0MTgx","upper_bound":"NTk5Mzk3NTUy","repeats":1},{"count":1344,"lower_bound":"NjA1Mjc3OTI1","upper_bound":"NjA3NTE1NTI5","repeats":1},{"count":1352,"lower_bound":"NjA4MjIyODQ4","upper_bound":"NjExNTAwODc2","repeats":1},{"count":1360,"lower_bound":"NjE2MTA2NzM0","upper_bound":"NjI0MDM3Mjkx","repeats":1},{"count":1368,"lower_bound":"NjMwMjY3ODQ0","upper_bound":"NjM3MTgxNzEz","repeats":1},{"count":1376,"lower_bound":"NjQxMTg2MjA5","upper_bound":"NjU5OTc3NjE5","repeats":1},{"count":1384,"lower_bound":"NjY3MDk3Njk3","upper_bound":"Njg2NDY0NzIw","repeats":1},{"count":1392,"lower_bound":"Njg4OTM5OTQx","upper_bound":"NzA4MDAzMTY2","repeats":1},{"count":1400,"lower_bound":"NzEwMjgzODUz","upper_bound":"NzE2MjU3MDQ2","repeats":1},{"count":1408,"lower_bound":"NzE3MTc5NjQ1","upper_bound":"NzMxNDE4NjU5","repeats":1},{"count":1416,"lower_bound":"NzM0NDY2MzI3","upper_bound":"NzQ0NDQzNTI4","repeats":1},{"count":1424,"lower_bound":"NzQ0NDU1OTQ4","upper_bound":"NzU2MjY1MzM2","repeats":1},{"count":1432,"lower_bound":"NzU4NjE3Mjgy","upper_bound":"NzY2NzU1ODAy","repeats":1},{"count":1440,"lower_bound":"NzcyODk1NzE1","upper_bound":"NzgyNjk2NjUy","repeats":1},{"count":1448,"lower_bound":"Nzg1MzA0NzE5","upper_bound":"NzkzNzgyMzUz","repeats":1},{"count":1456,"lower_bound":"ODA2ODc4MDEy","upper_bound":"ODI1NzcyNzU5","repeats":1},{"count":1464,"lower_bound":"ODMyMTY3MDk2","upper_bound":"ODQ4OTYyNTk5","repeats":1},{"count":1472,"lower_bound":"ODU0Mjc4MTc1","upper_bound":"ODY1MDQ5NTA3","repeats":1},{"count":1480,"lower_bound":"ODgwNTAzODAw","upper_bound":"ODg0MzY4MzY1","repeats":1},{"count":1488,"lower_bound":"ODkwOTU3MjMy","upper_bound":"OTAwNjg1ODY5","repeats":1},{"count":1496,"lower_bound":"OTA3NDQ4NjI2","upper_bound":"OTEwMDc5NjY2","repeats":1},{"count":1504,"lower_bound":"OTE2Mjg0NjQ5","upper_bound":"OTQ4Nzk4MjQy","repeats":1},{"count":1512,"lower_bound":"OTUwMzkyODUw","upper_bound":"OTY3NjQ0ODY1","repeats":1},{"count":1520,"lower_bound":"OTcwNzAzMDI2","upper_bound":"OTg0MjYyMzMx","repeats":1},{"count":1528,"lower_bound":"OTg1NzczNjgz","upper_bound":"OTk5MzQ2MTE4","repeats":1},{"count":1536,"lower_bound":"MTAwMjA3MjA5NQ==","upper_bound":"MTAxMTgwMDY3OQ==","repeats":1},{"count":1544,"lower_bound":"MTAyMTc3MTAwNw==","upper_bound":"MTAyNjY1MjIyMw==","repeats":1},{"count":1552,"lower_bound":"MTAzMjU5MjQyNQ==","upper_bound":"MTA0NTY5MjIxOQ==","repeats":1},{"count":1560,"lower_bound":"MTA0NzY5NjkyNA==","upper_bound":"MTA3NTQwOTgxNA==","repeats":1},{"count":1568,"lower_bound":"MTA3NjAyODc5Mw==","upper_bound":"MTA5NjcxNDM0MQ==","repeats":1},{"count":1576,"lower_bound":"MTEwMjAzMzYyNw==","upper_bound":"MTExMTUyNTU3OQ==","repeats":1},{"count":1584,"lower_bound":"MTExODU0MDg4OA==","upper_bound":"MTEzNjkxNDUwMw==","repeats":1},{"count":1592,"lower_bound":"MTE0MzY4Mzc0NA==","upper_bound":"MTE5MDAyMzYyMw==","repeats":1},{"count":1600,"lower_bound":"MTE5MzIzMjgzNw==","upper_bound":"MTE5ODAzNzA0MA==","repeats":1},{"count":1608,"lower_bound":"MTE5ODczMTY3Ng==","upper_bound":"MTIwMDk5NzMxNQ==","repeats":1},{"count":1616,"lower_bound":"MTIwNDkxMzYxMQ==","upper_bound":"MTIyMDgwMTgxOQ==","repeats":1},{"count":1624,"lower_bound":"MTIyMzU3MDAxOQ==","upper_bound":"MTIzMjg0MjY3OA==","repeats":1},{"count":1632,"lower_bound":"MTI1NDcwNTg0OQ==","upper_bound":"MTI2MTAwMDYyNg==","repeats":1},{"count":1640,"lower_bound":"MTI4MDcwMTk0Ng==","upper_bound":"MTI5MjQ5Mzk5NQ==","repeats":1},{"count":1648,"lower_bound":"MTI5Njk1Njg1Nw==","upper_bound":"MTMxMDQxMDMyOQ==","repeats":1},{"count":1656,"lower_bound":"MTMxMDgwNjQ1NQ==","upper_bound":"MTMyNTg2NTgyOQ==","repeats":1},{"count":1664,"lower_bound":"MTM0Njg3NzcwMQ==","upper_bound":"MTM3NTc3MzE4MQ==","repeats":1},{"count":1672,"lower_bound":"MTM4NjIwMTYzMw==","upper_bound":"MTQwMjMzNDQ4Nw==","repeats":1},{"count":1680,"lower_bound":"MTQwMzUwNjc4Nw==","upper_bound":"MTQxMTY0Nzc3MQ==","repeats":1},{"count":1688,"lower_bound":"MTQyMjEyOTExOQ==","upper_bound":"MTQzMzA5ODAyNQ==","repeats":1},{"count":1696,"lower_bound":"MTQzNTU4Mjc3Ng==","upper_bound":"MTQ2MjgyOTEyNQ==","repeats":1},{"count":1704,"lower_bound":"MTQ2MzQzNDk3OA==","upper_bound":"MTQ3MDM1Njg0OA==","repeats":1},{"count":1712,"lower_bound":"MTQ3NDM5MDc1NA==","upper_bound":"MTQ4Njg4NzE1MQ==","repeats":1},{"count":1720,"lower_bound":"MTQ4ODIwNDcxMA==","upper_bound":"MTQ5ODk3OTMxOQ==","repeats":1},{"count":1728,"lower_bound":"MTQ5OTY0NzgzOA==","upper_bound":"MTUxMzE0NTQzMg==","repeats":1},{"count":1736,"lower_bound":"MTUyMTI5NTE4Ng==","upper_bound":"MTU0NDY0NDY2MQ==","repeats":1},{"count":1744,"lower_bound":"MTU0NzEzMDE3MA==","upper_bound":"MTU1NjQzNDQ5Ng==","repeats":1},{"count":1752,"lower_bound":"MTU1Nzc2ODgzNQ==","upper_bound":"MTU3MDc5ODEyOA==","repeats":1},{"count":1760,"lower_bound":"MTU3NDMwODUzMA==","upper_bound":"MTU4MTk5NTY2NQ==","repeats":1},{"count":1768,"lower_bound":"MTU5MTkzNTI3NQ==","upper_bound":"MTYwODIwMTM1Ng==","repeats":1},{"count":1776,"lower_bound":"MTYxMjUyMjk0NA==","upper_bound":"MTYyNTA4NDAxOQ==","repeats":1},{"count":1784,"lower_bound":"MTYzMDc5MDI3OA==","upper_bound":"MTY0ODMyNDU5MA==","repeats":1},{"count":1792,"lower_bound":"MTY1MTYwMTY2MA==","upper_bound":"MTY2MjgwNjUyOA==","repeats":1},{"count":1800,"lower_bound":"MTY3MjQzODYzOQ==","upper_bound":"MTY3NTI1ODAwOA==","repeats":1},{"count":1808,"lower_bound":"MTY5MTM3NzQxNQ==","upper_bound":"MTcwODAxNTc2Ng==","repeats":1},{"count":1816,"lower_bound":"MTcxMDk0Njc0MQ==","upper_bound":"MTcxNTI2NzU2Ng==","repeats":1},{"count":1824,"lower_bound":"MTcxNTg0NzM5NQ==","upper_bound":"MTczMzQ1NTU5OQ==","repeats":1},{"count":1832,"lower_bound":"MTczNjAwOTYyOA==","upper_bound":"MTc0NzY3ODI1MA==","repeats":1},{"count":1840,"lower_bound":"MTc1MDA4OTAxNw==","upper_bound":"MTc2NDczMjg1Nw==","repeats":1},{"count":1848,"lower_bound":"MTc2NjMzMzE4Nw==","upper_bound":"MTc3NDkyMzAwNg==","repeats":1},{"count":1856,"lower_bound":"MTc3NTIzMDk2Mg==","upper_bound":"MTc4NTcyNjE0MA==","repeats":1},{"count":1864,"lower_bound":"MTc4NjEyOTQ3Mg==","upper_bound":"MTc5Mzk4MjE2Nw==","repeats":1},{"count":1872,"lower_bound":"MTc5OTE0MTM1MA==","upper_bound":"MTgxNDEwNzA1Ng==","repeats":1},{"count":1880,"lower_bound":"MTgyNTg2OTAyOQ==","upper_bound":"MTg1OTUwMzQzOA==","repeats":1},{"count":1888,"lower_bound":"MTg2MzI0NDIwOQ==","upper_bound":"MTg4MzIwODU2NQ==","repeats":1},{"count":1896,"lower_bound":"MTg4OTU5ODg0MA==","upper_bound":"MTkxMjI2MTAwMA==","repeats":1},{"count":1904,"lower_bound":"MTkxNDcyNzQ0NA==","upper_bound":"MTk0NDgzMzIxOA==","repeats":1},{"count":1912,"lower_bound":"MTk1NTk1Mjk3Mg==","upper_bound":"MTk2MDQ5OTIxMg==","repeats":1},{"count":1920,"lower_bound":"MTk2NTU5OTE3Mw==","upper_bound":"MTk3NTc2MTQ2OQ==","repeats":1},{"count":1928,"lower_bound":"MTk4NTM0NjY5Ng==","upper_bound":"MTk4ODczMDY3Nw==","repeats":1},{"count":1936,"lower_bound":"MTk5MjExODQ0NQ==","upper_bound":"MjAwNzcyMTUyMA==","repeats":1},{"count":1944,"lower_bound":"MjAxMzE5MDMyNQ==","upper_bound":"MjAyNzM0ODkxMA==","repeats":1},{"count":1952,"lower_bound":"MjAyOTk4NTc1Mg==","upper_bound":"MjA2MTA1MjU2NQ==","repeats":1},{"count":1960,"lower_bound":"MjA2NTI2NzMxNg==","upper_bound":"MjA3NzM2NzM5OA==","repeats":1},{"count":1968,"lower_bound":"MjA3Nzg5Nzk1MA==","upper_bound":"MjA5NjA4NTI1Mw==","repeats":1},{"count":1976,"lower_bound":"MjA5NzIzMjA5Mw==","upper_bound":"MjEwNzE2MjAwNg==","repeats":1},{"count":1984,"lower_bound":"MjExMTE4MDcwOA==","upper_bound":"MjEyMjE1NTAwNg==","repeats":1},{"count":1992,"lower_bound":"MjEyODk3ODg2Mw==","upper_bound":"MjEzODYyMzk4OA==","repeats":1},{"count":2000,"lower_bound":"MjEzODgyMDUyMw==","upper_bound":"MjE0NjE0NjEwMw==","repeats":1}]},"cm_sketch":{"rows":[{"counters":[1,1,0,0,0,0,0,0,0,1,1,2,3,1,0,0,0,2,0,3,1,1,0,1,1,1,0,1,1,1,1,2,1,0,2,0,0,3,1,1,0,2,1,0,0,1,1,2,1,1,1,0,1,3,0,0,0,1,3,0,3,0,1,0,1,0,2,1,0,0,0,0,2,1,0,1,2,0,1,1,2,0,1,1,0,2,0,0,0,1,1,1,1,1,0,1,1,1,1,2,1,1,1,1,0,0,1,5,0,1,1,1,0,0,1,1,0,1,1,2,0,0,1,0,1,1,2,0,0,1,2,2,2,1,1,0,2,1,0,1,0,0,1,2,2,0,1,1,1,0,1,1,1,0,2,1,1,2,3,1,0,3,2,2,3,2,1,1,0,3,1,1,1,0,1,2,3,2,2,1,0,2,2,0,0,1,0,0,0,0,2,0,2,0,0,2,2,3,1,0,0,1,1,3,2,1,0,1,0,1,1,0,0,1,1,0,1,0,1,1,0,0,0,2,0,1,4,2,2,1,2,2,1,1,3,2,3,0,1,2,1,2,1,2,1,3,0,2,1,2,0,3,0,1,0,1,0,1,0,0,0,1,0,0,0,1,2,1,1,2,0,0,0,1,2,1,0,1,1,0,1,1,1,0,2,0,2,4,2,2,1,0,0,0,1,1,0,1,0,0,1,0,1,0,0,5,4,4,0,5,2,1,1,0,1,0,2,0,1,3,0,0,0,1,1,0,1,2,2,0,1,1,0,0,2,0,1,1,2,2,2,0,1,3,0,3,1,1,1,0,0,1,0,2,0,1,0,1,1,2,0,1,2,1,1,1,2,0,1,1,1,1,0,0,1,3,0,0,0,1,2,2,0,1,0,0,0,0,0,3,2,1,2,2,0,1,1,1,2,0,3,0,1,0,0,2,1,1,0,0,2,1,3,0,0,0,0,0,0,0,2,0,1,0,1,1,1,2,0,2,0,0,3,1,0,1,1,2,1,0,2,1,2,0,1,3,0,0,3,2,2,0,1,1,1,0,3,1,1,1,0,2,1,1,0,0,0,0,2,1,2,1,1,0,1,2,0,0,0,1,0,1,2,5,0,0,1,0,0,3,2,3,0,1,2,2,1,2,0,0,1,0,1,1,1,2,1,0,0,1,1,1,2,0,2,1,0,1,0,1,0,3,1,0,1,0,2,1,1,0,0,1,2,0,1,1,0,0,0,1,2,3,1,1,2,1,1,0,1,0,0,0,0,0,0,2,0,1,0,0,1,0,0,1,1,1,1,1,0,2,0,2,1,1,1,2,1,2,0,1,0,1,0,0,0,1,0,1,4,0,0,0,0,0,1,3,0,1,1,0,1,0,1,2,0,0,0,4,4,1,0,0,1,1,0,0,0,0,1,1,1,0,1,0,2,1,1,0,3,0,3,0,0,0,1,0,0,1,0,0,0,0,3,0,3,1,0,0,2,2,1,3,1,2,1,0,0,1,0,1,0,1,0,0,0,0,2,0,0,0,1,1,2,1,3,1,0,0,0,0,1,1,2,1,1,1,1,0,2,1,1,1,0,3,1,0,1,3,2,0,2,0,0,2,0,4,1,0,1,2,2,1,0,2,0,1,2,1,0,0,0,4,3,1,1,0,0,2,1,2,0,1,3,0,0,0,2,2,0,1,0,1,2,0,0,1,3,1,1,1,1,2,2,3,0,0,0,2,1,2,1,0,2,3,0,1,0,2,0,1,3,2,1,0,0,0,0,2,0,2,1,1,0,2,1,1,1,0,0,0,0,1,0,0,0,1,0,0,1,0,0,0,2,0,0,2,1,1,0,0,1,0,0,2,1,1,1,1,0,2,0,0,0,3,2,1,0,0,1,0,2,1,2,2,3,0,1,2,0,1,0,0,0,1,0,1,1,0,2,1,0,1,0,0,2,0,1,1,0,1,0,2,0,0,1,3,3,1,0,0,2,2,2,1,0,1,3,1,1,2,0,1,1,1,1,1,2,1,0,1,2,0,0,1,0,0,0,2,0,1,2,1,1,1,1,1,3,0,2,1,1,1,2,0,0,2,2,0,1,0,1,0,2,1,2,0,1,3,0,2,2,0,0,0,0,0,1,4,1,1,1,2,2,4,0,1,0,3,1,2,1,1,0,2,0,0,0,1,2,2,1,0,0,1,2,0,0,0,1,3,1,1,0,5,1,1,1,1,0,0,2,1,0,0,3,0,3,1,2,0,2,1,1,0,0,2,1,2,1,1,0,0,0,0,2,0,1,0,0,3,4,2,0,0,3,1,1,0,2,1,0,1,0,0,0,0,2,0,0,1,0,1,0,0,1,0,1,2,1,1,2,0,2,1,0,0,1,0,0,0,0,0,0,1,0,0,0,0,0,0,1,1,2,0,1,1,0,1,3,1,0,1,2,1,1,1,0,1,0,1,5,0,0,0,3,0,0,1,0,0,2,0,2,2,1,1,0,0,0,0,0,3,0,1,1,1,0,1,3,0,0,1,0,1,0,2,2,3,0,1,0,1,0,0,1,0,1,1,1,0,1,1,4,2,2,2,0,0,1,0,1,0,1,1,1,0,3,2,3,0,1,3,1,1,1,0,1,3,2,3,1,2,0,0,1,2,1,1,1,0,0,1,1,1,0,0,0,1,0,3,1,0,0,1,1,0,0,2,0,1,4,2,0,3,0,1,1,1,0,2,0,0,1,1,1,3,1,0,1,0,2,0,0,1,1,1,4,1,1,0,1,3,0,1,1,1,1,1,1,1,0,0,3,2,1,0,1,2,1,0,0,2,2,1,2,0,1,1,2,2,0,3,0,2,0,1,2,3,1,1,2,2,1,1,0,2,1,2,1,2,0,2,2,1,1,0,1,1,1,1,2,0,2,1,0,0,1,0,1,1,1,1,1,1,2,2,0,2,2,0,2,2,0,1,2,4,0,0,2,1,1,1,1,1,1,2,1,2,2,0,4,1,1,3,1,1,2,1,2,0,2,2,0,0,2,0,2,0,4,3,0,1,1,0,1,0,1,5,2,0,2,1,3,0,0,0,0,1,0,1,1,0,1,0,1,0,1,0,1,1,0,1,0,1,2,2,0,0,0,1,0,0,1,0,0,2,0,1,0,3,1,3,2,0,2,0,1,0,0,0,2,1,3,2,0,0,1,1,0,2,1,1,0,2,0,1,0,2,1,1,0,1,0,2,1,1,3,0,2,0,2,0,2,1,1,0,1,2,1,0,1,2,1,1,2,0,0,0,0,1,0,0,0,0,2,0,1,1,1,2,0,1,3,1,1,0,1,1,0,1,3,3,3,0,2,1,1,1,0,0,0,0,1,0,0,1,0,1,0,4,2,1,1,0,3,1,1,0,4,1,0,3,2,1,1,4,0,1,2,1,0,1,0,1,2,3,2,1,1,0,1,0,0,0,1,2,1,2,0,1,2,2,2,0,1,1,1,0,1,0,1,0,4,4,4,0,3,1,1,3,2,0,0,0,1,2,2,1,1,1,1,0,1,1,1,0,0,0,2,0,0,3,1,1,2,1,1,1,0,0,1,0,2,0,1,0,0,4,1,1,1,0,2,1,1,0,1,0,0,1,2,2,2,0,1,2,1,1,0,1,1,1,0,0,1,0,1,1,0,0,1,4,1,1,3,0,0,1,0,0,1,1,1,1,1,0,0,0,0,0,2,1,2,1,0,2,0,0,0,1,0,1,1,1,1,1,0,1,0,1,2,0,3,1,1,0,0,1,1,0,1,3,1,1,1,0,1,3,1,2,0,0,2,0,1,2,1,0,2,0,2,3,0,1,1,2,2,0,1,0,0,2,0,2,1,2,0,2,2,3,0,0,0,0,1,1,1,0,2,1,1,0,1,0,2,0,2,0,0,3,2,0,0,2,0,1,1,1,3,3,0,0,0,1,0,1,2,1,0,0,1,2,1,2,1,0,2,1,4,1,1,0,3,2,1,0,3,1,0,2,2,0,0,0,0,4,2,2,1,1,1,0,1,3,1,2,1,2,2,0,1,0,1,0,2,0,0,2,2,1,0,1,1,1,1,1,0,1,2,0,1,3,0,0,0,2,2,1,0,0,1,0,3,3,1,0,0,1,0,0,0,1,6,2,0,0,1,1,1,1,0,2,0,1,2,1,2,1,1,0,1,1,0,1,1,0,0,2,0,0,1,2,1,3,1,2,0,2,0,1,2,2,2,0,2,1,3,0,1,2,0,1,0,1,1,1,2,3,0,0,0,1,2,0,1,3,0,2,0,0,1,0,1,1,1,1,1,1,2,1,0,0,0,0,0,0,0,2,1,3,0,2,1,0,0,1,1,1,0,2,2,1,0,1,1,1,3,2,1,1,1,0,4,1,0,1,0,0,0,1,1,3,3,0,0,0,2,1,3,1,0,1,1,1,1,1,0,5,0,2,1,0,1,2,2,2,4,0,0,0,1,2,1,0,1,2,1,1,1,1,1,1,1,1,2,0,0,1,3,0,1,0,0,0,1,2,0,0,0,0,2,1,1,1,2,1,1,1,1,1,0,0,1,0,1,0,0,1,3,1,1,1,1,0,0,3,0,0,2,2,0,0,1,1,1,2,2,1]},{"counters":[1,2,1,3,2,1,2,0,0,1,3,1,1,0,0,1,0,1,1,0,1,2,1,1,0,1,1,2,1,1,1,1,0,2,1,0,1,0,1,0,1,1,1,0,0,1,1,1,2,1,1,1,0,0,1,3,0,3,1,2,0,1,2,0,2,2,3,4,2,0,3,2,2,1,1,1,0,1,2,1,0,0,1,2,1,0,0,1,2,0,1,0,1,0,1,0,0,0,1,0,2,1,0,1,1,1,1,3,1,1,0,0,1,1,2,3,0,2,2,0,0,1,1,1,2,0,1,1,1,1,0,2,2,0,1,1,0,1,1,2,2,1,2,1,2,0,0,0,0,0,0,0,0,1,1,1,2,1,1,0,1,2,3,3,2,2,1,1,2,0,0,1,1,0,2,0,1,3,3,3,0,0,1,0,0,1,3,1,3,0,0,2,1,1,0,1,0,0,1,0,0,0,1,3,0,1,1,1,0,0,0,1,0,0,1,0,0,0,0,0,0,2,2,1,1,0,0,0,0,1,0,2,1,1,0,2,3,2,1,1,1,1,2,2,2,2,2,0,5,2,0,0,0,1,2,2,1,0,0,1,1,0,0,0,0,1,0,0,3,2,1,0,1,0,1,0,0,1,1,0,4,0,1,0,2,3,1,1,2,0,2,2,0,1,1,1,3,3,0,1,0,1,0,0,0,1,0,1,2,1,0,0,1,1,0,0,1,1,0,1,1,1,0,1,1,1,3,0,2,1,2,4,3,4,1,1,1,3,1,1,1,2,1,2,1,0,2,0,1,3,0,0,4,1,2,0,0,2,1,0,0,1,1,0,2,1,0,1,2,1,1,0,0,2,1,0,0,2,1,0,0,0,0,3,0,0,2,1,1,0,0,1,0,2,2,1,0,1,0,1,1,1,1,0,0,2,1,2,1,0,1,2,1,0,0,1,1,2,1,0,2,0,1,1,1,0,0,0,1,0,0,0,0,0,0,2,2,0,1,2,1,1,0,0,0,0,1,0,1,0,1,1,2,3,1,2,1,0,0,0,1,0,0,3,1,2,1,0,2,4,0,2,0,1,1,0,2,2,0,1,2,1,0,1,0,1,1,0,0,2,1,0,0,2,2,0,0,3,2,0,1,3,1,0,1,0,1,3,0,1,0,0,0,1,1,3,1,0,0,1,1,0,1,3,2,0,2,1,0,0,0,1,2,1,0,1,0,1,2,0,2,0,1,2,2,1,0,1,1,2,1,0,2,2,0,1,2,3,1,0,3,0,3,1,1,1,2,0,2,1,0,1,2,0,2,1,0,1,0,0,1,0,1,0,0,1,0,2,0,0,0,0,2,0,1,0,0,4,0,0,1,0,4,1,0,2,1,1,0,1,0,1,1,0,1,1,1,0,1,0,1,3,1,2,1,2,0,2,0,1,3,1,3,0,1,1,0,1,1,2,1,2,1,3,1,1,2,1,0,0,0,0,3,3,2,2,2,2,2,1,3,1,1,0,1,1,3,1,2,1,1,0,1,3,0,1,0,2,2,2,1,0,0,2,0,0,0,0,1,0,1,1,0,1,0,2,0,3,1,0,1,0,0,3,2,1,1,0,0,1,4,1,1,1,3,0,2,0,0,0,2,1,1,2,2,1,1,1,0,0,0,1,5,0,2,2,1,2,1,2,0,0,2,1,2,0,0,0,1,0,1,1,2,0,1,2,0,0,0,0,0,1,0,2,1,0,0,2,0,1,2,1,2,0,0,3,2,1,0,1,0,1,0,1,2,0,0,0,1,0,1,1,1,1,0,0,0,0,2,0,1,1,1,0,1,2,0,1,3,2,0,1,0,4,1,0,0,4,0,1,1,1,2,1,1,1,2,1,0,1,0,4,0,0,0,0,0,1,1,0,1,3,2,1,2,0,1,1,1,1,1,1,0,2,0,3,1,1,1,0,2,2,0,2,1,1,1,3,1,1,2,2,0,1,2,1,0,1,0,0,0,1,2,0,0,1,0,2,0,0,0,1,1,2,2,0,0,1,0,0,2,2,1,3,0,0,0,2,0,0,1,1,1,5,2,0,0,1,0,0,1,1,2,0,0,0,1,0,1,0,1,0,1,2,2,2,0,0,0,1,0,1,1,0,1,2,1,2,1,0,1,1,1,2,3,1,0,1,0,1,2,2,0,1,1,3,3,1,4,0,1,1,1,2,2,0,2,0,1,0,1,0,0,1,1,1,0,0,1,3,0,1,0,1,0,3,1,0,0,0,0,2,2,1,1,1,2,2,1,0,2,0,3,2,1,0,1,1,1,2,2,1,0,1,0,0,1,0,2,1,0,1,1,1,1,0,2,1,2,1,1,1,1,1,1,1,0,1,1,1,2,2,0,0,0,2,1,2,1,1,3,2,0,0,1,2,0,0,2,1,0,2,1,0,1,0,0,2,3,1,2,2,1,0,0,1,0,0,1,1,0,0,2,2,1,1,0,1,1,0,0,0,0,0,0,1,2,0,1,1,2,1,0,1,1,1,3,2,1,0,1,0,1,0,0,0,0,0,0,2,2,1,0,2,1,1,0,0,0,1,1,1,0,1,0,0,0,1,0,2,0,1,1,3,0,4,0,1,0,1,0,2,1,0,0,0,0,2,1,1,1,3,2,1,2,1,0,0,3,0,4,5,2,1,3,0,1,3,0,0,2,0,0,0,1,0,1,3,1,1,0,2,1,1,3,1,2,0,1,1,0,0,2,2,2,0,1,1,1,0,0,1,1,1,3,1,2,2,0,0,2,3,0,1,0,3,1,0,1,2,2,3,2,0,2,2,0,4,0,0,1,1,0,2,2,1,2,1,3,3,1,1,2,2,0,1,1,1,1,0,1,2,0,0,0,0,1,2,0,1,1,3,1,0,0,0,2,0,2,3,1,1,0,1,0,1,0,2,0,2,1,3,2,0,1,2,2,0,0,3,4,1,2,1,0,1,3,0,0,2,2,0,2,1,2,0,1,3,2,0,1,2,0,0,0,2,1,1,0,2,3,0,0,0,1,0,0,1,2,0,1,1,0,1,1,0,1,1,1,3,1,0,2,1,1,0,0,0,1,0,0,0,0,0,2,1,1,1,0,0,0,3,1,0,1,0,2,0,1,1,1,2,1,1,2,1,1,2,0,2,1,1,0,3,1,0,1,0,1,0,0,1,0,0,1,1,2,1,0,0,1,1,0,0,0,2,1,0,0,1,0,0,2,0,0,1,3,0,1,1,1,0,4,1,0,0,2,1,1,0,1,1,2,2,3,1,0,0,0,1,0,1,0,0,2,0,1,2,0,0,0,1,1,2,0,1,1,3,1,0,0,1,0,2,0,3,0,1,0,1,1,0,0,1,1,2,0,0,0,2,1,1,0,2,2,0,0,0,0,1,0,1,1,1,0,0,1,0,1,1,0,0,0,1,0,0,0,0,2,2,3,2,0,0,1,1,1,0,0,0,0,1,1,0,0,0,1,3,1,1,0,1,2,1,0,0,0,1,1,0,1,2,3,3,1,3,1,0,1,0,0,1,0,3,3,0,0,2,1,1,0,2,2,1,2,3,1,2,1,2,1,0,0,0,2,1,1,3,0,0,2,0,2,3,0,2,0,4,1,1,1,0,1,2,2,0,1,1,2,0,3,1,2,2,2,1,1,1,2,0,3,0,1,0,0,2,1,0,1,1,1,0,2,0,3,1,2,1,3,3,0,2,2,0,2,1,1,0,1,1,2,0,1,1,0,1,0,0,0,1,2,1,0,1,1,0,2,3,0,3,0,2,2,3,2,1,1,1,0,2,0,0,0,0,2,0,2,1,0,0,1,1,0,1,1,0,1,1,0,1,4,0,1,0,3,0,1,0,2,0,1,2,0,2,2,1,3,1,0,0,3,1,0,1,1,0,2,1,0,0,1,2,2,0,0,1,2,1,0,3,2,4,0,1,0,2,0,4,1,2,0,0,2,1,1,1,0,4,2,0,0,0,0,1,0,1,0,3,1,2,0,0,3,1,3,0,0,1,0,3,1,3,0,2,1,0,1,2,0,1,2,0,0,1,2,0,1,0,1,1,0,4,1,0,0,2,0,0,0,0,0,1,0,1,2,1,0,0,1,1,0,2,0,1,0,0,0,0,2,2,1,1,2,2,1,1,1,0,0,1,2,0,0,0,2,1,3,1,1,0,2,1,1,0,2,0,1,3,0,2,0,1,0,0,0,2,3,1,2,2,1,0,1,1,0,3,1,0,2,1,2,0,1,1,1,1,0,0,0,0,1,4,1,1,3,0,1,0,0,2,2,1,0,0,0,1,0,0,1,1,2,0,0,2,1,2,2,0,0,1,1,1,1,1,1,1,0,2,2,1,0,1,2,1,2,1,0,0,1,1,0,2,0,2,1,2,0,2,1,1,1,0,1,3,2,0,0,0,1,1,0,2,3,0,0,2,1,1,2,0,1,1,0,0,2,0,0,1,1,0,0,0,1,1,3,0,0,1,0,2,0,1,0,1,1,3,1,1,2,0,1,1,1,1,0,4,1,0,0,0,1,0,1,1,1,2,1,0,1,2,0,1,0,1,2,1,0,0,1,1,1,3,2,1,1,1,1,0]},{"counters":[2,0,0,1,1,1,1,0,1,1,2,0,2,1,3,1,4,4,3,2,2,0,2,2,1,2,0,1,0,1,1,0,0,1,2,0,0,2,3,1,2,1,0,0,0,0,2,3,1,0,0,0,0,0,0,0,1,2,1,2,2,1,1,1,0,0,1,3,0,2,3,1,3,1,1,0,0,1,3,1,2,0,1,0,1,2,1,1,0,2,1,0,1,1,1,1,3,1,0,0,0,2,0,1,1,3,2,1,2,0,2,0,0,2,2,2,0,0,1,2,2,0,1,0,1,0,1,2,3,1,0,4,1,0,1,0,1,1,4,0,0,1,0,4,3,1,2,0,0,1,1,1,1,0,0,2,1,0,0,0,2,1,1,1,0,2,0,2,1,2,0,1,2,1,1,3,0,2,0,0,0,0,0,0,0,1,0,1,0,0,0,2,0,1,1,1,1,1,1,2,2,1,1,1,0,0,0,0,1,1,1,2,0,2,0,0,3,0,1,2,1,0,0,1,0,0,0,0,0,1,2,0,0,1,1,1,0,0,1,1,2,1,1,0,0,0,1,0,1,2,1,2,1,1,0,2,0,0,1,0,1,2,0,1,0,0,2,1,1,1,2,2,1,1,2,2,1,1,0,0,0,0,0,1,0,1,1,2,1,0,0,2,1,2,2,2,1,1,2,0,0,0,0,1,3,1,0,2,1,0,0,1,1,1,0,1,0,1,2,0,1,2,0,1,1,1,2,2,1,6,1,1,1,0,0,2,2,0,0,2,1,1,1,1,0,0,0,3,1,3,0,1,1,0,0,1,0,1,1,1,1,1,1,1,0,1,2,0,0,2,1,0,3,0,1,1,5,2,3,0,3,3,3,0,1,2,4,1,0,1,0,2,0,2,1,1,1,1,3,0,2,1,1,2,1,1,2,1,0,0,0,0,0,0,2,0,1,0,2,2,1,4,0,2,1,2,1,1,1,0,0,1,0,0,1,1,0,1,0,0,2,3,0,0,0,2,1,2,0,1,1,1,1,2,1,0,0,1,1,0,1,0,0,2,0,0,1,0,1,2,1,0,0,1,0,2,1,0,0,4,1,2,0,1,0,0,2,1,0,2,1,0,1,1,2,2,0,1,0,0,2,4,0,1,2,0,2,1,0,0,3,3,2,2,0,1,0,2,0,0,2,0,0,1,0,1,1,0,1,2,1,2,0,0,1,1,0,0,2,2,2,2,0,1,0,0,2,3,0,1,1,1,1,0,3,0,2,0,2,0,0,1,1,3,0,0,1,2,1,1,0,3,1,1,2,2,0,2,3,1,0,0,3,1,0,1,0,2,0,1,0,3,1,0,1,2,2,1,1,0,0,4,1,0,2,2,2,2,2,1,2,1,0,1,1,1,0,1,0,1,1,0,0,1,0,2,1,1,0,1,3,0,0,1,1,1,2,0,0,0,0,1,0,2,0,1,2,1,1,2,2,1,1,1,0,0,1,0,1,2,0,2,4,1,1,0,1,0,0,1,1,1,0,5,1,1,1,1,0,0,7,1,0,1,1,3,1,0,0,3,2,1,0,0,0,2,2,3,1,2,2,2,2,2,2,2,0,3,0,1,1,2,1,3,0,0,0,0,1,0,0,0,0,0,0,0,0,1,0,1,1,0,1,1,1,1,2,1,1,0,0,0,2,1,0,1,2,1,1,1,1,3,0,1,2,0,0,1,1,0,1,1,1,2,1,1,1,2,1,3,0,0,0,1,1,1,0,1,1,3,0,0,0,0,0,1,1,0,3,0,1,0,0,2,1,0,1,3,1,2,0,0,0,0,0,1,3,1,1,0,1,2,3,0,0,1,0,1,1,0,0,0,0,0,1,2,1,1,0,0,0,3,3,1,1,0,2,0,1,1,0,1,0,1,3,0,2,1,3,3,1,1,0,1,0,0,0,2,0,1,2,0,0,0,0,1,1,1,0,2,1,2,0,1,0,0,1,1,0,0,2,0,0,1,2,1,1,2,0,1,0,0,0,1,1,1,0,1,1,0,2,0,2,1,1,0,1,0,1,2,1,1,1,0,2,1,0,0,1,1,2,1,2,0,0,0,1,1,0,0,2,1,3,0,0,1,1,0,1,1,0,0,2,3,0,0,1,1,0,2,3,1,0,0,0,1,1,1,2,0,1,3,0,0,3,1,2,2,0,0,2,0,5,1,1,0,1,1,0,0,0,0,1,3,1,1,1,2,3,3,2,3,2,0,2,0,1,0,2,0,0,3,2,2,1,1,0,2,0,0,0,0,0,1,1,1,0,2,2,0,1,2,3,0,3,0,1,1,0,0,0,2,0,1,0,2,1,0,2,2,3,1,2,3,0,1,0,1,0,2,0,0,0,0,0,2,0,1,0,0,4,1,0,1,1,1,3,0,2,2,0,0,3,0,1,0,3,0,2,2,2,0,2,3,1,0,0,1,0,1,2,0,0,1,1,3,0,0,3,1,1,1,1,2,2,1,3,0,2,1,0,2,2,0,0,1,0,1,1,2,1,1,1,2,1,1,2,1,0,1,2,0,1,2,0,2,0,1,0,0,2,1,1,0,0,1,1,0,2,0,0,2,3,2,0,4,2,1,1,0,1,4,0,1,0,1,1,0,2,1,2,0,2,1,1,1,0,0,0,2,4,2,2,2,1,2,0,1,1,0,1,2,4,0,1,2,0,2,3,1,0,1,0,2,1,0,1,0,1,3,1,1,1,1,1,0,1,0,1,0,0,1,2,0,1,1,4,3,0,0,2,2,0,2,1,0,2,1,0,2,0,0,0,2,1,4,0,2,0,1,1,1,2,3,1,0,1,1,1,0,0,1,1,2,0,0,0,0,2,1,1,3,2,0,0,0,1,0,1,1,1,1,1,1,0,2,0,0,0,1,0,2,1,2,1,1,1,1,2,0,1,2,0,1,0,7,0,1,0,0,1,0,1,1,1,1,1,1,0,2,1,0,1,1,2,0,1,1,3,2,0,0,0,0,1,1,2,1,1,0,1,1,0,3,0,4,1,0,1,1,1,0,2,0,1,1,1,0,2,0,1,0,0,1,1,0,1,0,0,1,0,2,1,1,1,2,2,0,2,3,1,2,1,1,0,0,3,2,0,1,0,0,2,0,1,1,2,0,0,2,2,0,1,0,2,0,0,0,1,3,0,2,1,1,1,0,1,2,0,2,0,2,0,2,0,0,2,2,0,0,0,0,0,2,0,1,0,2,0,0,2,1,0,0,2,0,3,0,1,0,2,1,2,0,1,0,1,2,3,5,2,1,3,0,3,0,3,1,0,0,5,0,0,0,1,0,2,0,0,0,1,0,2,0,0,0,0,2,0,0,2,0,1,0,0,0,1,1,1,0,1,1,0,0,2,1,0,0,0,1,1,3,1,1,1,1,2,1,0,1,0,0,1,0,0,2,2,0,1,2,1,1,1,0,0,0,1,0,1,2,2,0,0,1,0,0,2,1,0,2,4,2,1,1,3,0,0,1,1,1,0,1,0,1,0,2,0,2,0,0,0,3,2,2,1,1,2,0,0,3,1,1,1,3,1,1,0,0,0,1,1,1,0,1,1,2,1,2,1,0,3,0,1,1,1,2,1,1,1,0,0,2,1,0,0,0,1,0,1,0,2,0,0,0,1,0,1,2,0,1,1,2,1,2,1,0,1,1,2,1,1,0,0,0,2,2,0,1,0,0,1,0,0,2,1,0,1,4,0,0,3,0,0,0,2,1,1,0,0,1,2,0,0,0,2,1,2,0,1,0,1,0,2,2,3,0,1,0,0,1,0,0,0,0,0,0,0,3,0,4,1,1,1,2,0,0,1,3,0,0,1,1,1,1,0,2,2,1,0,1,0,2,0,0,1,1,3,1,1,1,2,0,0,0,1,3,1,0,4,0,1,1,2,0,0,0,0,1,2,2,0,1,2,2,2,4,0,0,3,1,0,2,3,1,4,2,3,1,0,2,0,2,0,0,1,0,0,2,0,0,3,0,0,1,0,1,1,0,0,0,1,0,0,0,1,0,1,0,1,1,1,0,1,1,2,1,0,0,1,1,1,0,1,0,2,0,1,0,0,1,2,1,0,2,2,1,1,2,1,2,1,1,1,1,0,0,1,2,2,0,0,4,1,1,2,0,1,0,2,0,3,0,0,2,0,0,1,0,0,1,2,0,0,1,2,4,1,0,1,2,0,0,1,0,0,1,1,2,0,2,1,1,0,3,1,0,0,0,0,1,2,1,1,1,1,2,0,0,1,2,1,1,3,1,2,1,2,3,2,1,3,0,1,0,1,1,1,0,2,0,1,3,0,0,1,2,0,0,1,0,0,1,1,0,1,3,3,1,0,2,0,1,2,1,0,0,0,0,0,2,1,0,1,0,2,0,0,1,0,2,0,1,1,1,0,1,2,1,0,3,2,0,0,1,2,2,1,1,1,1,1,1,0,1,0,1,0,0,0,1,1,0,2,0,3,2,2,3,0,1,4,0,0,0,1,3,2,2,1,3,0,3,1,0,3,0,0,1,0,1,2,5,1,0,1,0,1,0,2,0,2,0,0,1,0,1,0,0,1,1,3,1,0,0,3,1,1,0]},{"counters":[2,1,1,0,1,2,1,0,1,1,0,1,0,0,1,2,1,1,2,1,0,0,0,1,1,3,1,0,2,0,3,0,1,0,2,0,3,3,1,0,0,1,1,0,1,3,1,1,0,3,2,3,0,1,1,1,0,3,0,0,1,2,1,0,1,1,3,1,1,2,1,1,0,2,0,1,1,0,1,2,0,2,1,2,1,0,1,0,0,0,0,0,0,0,0,1,1,5,1,1,1,1,0,0,0,0,0,0,0,0,2,0,2,0,1,1,1,2,3,1,1,0,1,1,0,2,1,1,2,1,1,0,0,2,0,1,1,0,4,1,1,1,1,3,0,1,0,2,2,1,2,1,1,0,1,1,0,1,2,0,1,0,0,4,2,1,1,0,0,1,1,0,0,0,0,1,4,1,2,0,1,2,0,1,1,0,3,0,1,0,1,2,1,1,1,3,0,3,0,1,2,1,2,1,1,0,1,0,2,1,0,2,1,1,1,0,0,1,0,1,0,0,1,1,1,1,1,1,1,0,0,0,0,0,2,0,0,0,0,1,1,0,1,0,1,2,2,1,1,1,0,0,0,0,0,0,0,1,2,0,0,1,0,2,0,2,0,1,2,1,0,0,0,1,1,1,1,1,0,3,0,0,0,0,1,2,1,1,0,0,1,0,1,1,1,2,0,1,0,1,0,0,0,1,2,0,3,1,1,3,1,3,1,2,1,0,1,1,0,2,1,1,0,0,0,1,0,1,0,0,1,2,0,0,3,0,0,4,1,0,1,0,1,0,2,1,0,3,2,1,0,1,0,1,2,4,3,1,0,2,2,0,1,3,1,0,1,1,2,1,2,1,1,1,0,0,1,0,0,1,1,1,2,2,0,1,0,0,0,4,0,2,1,1,2,1,1,0,1,3,3,1,1,3,0,2,2,3,1,0,0,1,1,0,1,1,0,1,2,2,0,0,4,1,0,0,0,2,2,1,3,1,0,2,0,2,1,2,1,2,0,0,2,0,1,2,1,2,2,0,2,0,0,0,2,0,1,1,2,0,0,2,0,3,1,2,2,0,1,1,1,1,1,2,0,2,3,1,1,0,1,2,3,2,1,0,0,1,0,0,3,0,2,0,2,0,0,1,0,1,0,0,1,0,0,2,1,2,1,2,1,0,1,0,1,1,1,0,1,2,0,0,1,0,0,2,2,0,0,0,0,1,1,2,2,0,1,0,0,0,0,0,4,1,0,2,1,1,0,1,0,1,1,1,2,3,1,1,3,2,3,4,1,0,1,1,3,1,1,1,0,1,2,2,0,0,0,0,0,1,0,1,1,2,1,3,1,2,2,0,1,1,1,2,0,2,2,1,1,0,2,1,1,0,2,0,2,3,0,0,0,0,1,0,1,1,0,4,0,0,1,0,3,0,0,1,1,1,2,1,0,0,3,1,1,3,4,1,1,0,0,0,0,0,2,0,2,2,2,0,0,2,0,1,1,2,1,1,1,5,0,1,1,1,0,1,1,0,1,2,0,0,1,1,3,0,1,0,2,0,2,1,1,0,0,0,1,3,1,1,1,1,1,1,0,1,0,1,1,0,0,1,0,1,2,1,1,1,1,0,0,0,1,0,0,2,0,0,0,0,1,1,1,2,0,1,1,1,2,1,0,0,1,2,1,1,2,1,1,0,1,2,1,0,0,0,1,1,2,1,1,1,2,0,0,1,0,1,0,0,0,1,1,2,0,0,2,1,0,1,1,0,0,2,1,0,0,3,0,0,0,2,1,1,1,2,0,1,0,1,2,0,0,2,0,2,1,1,1,2,2,3,1,0,1,2,1,2,2,1,0,2,0,0,0,2,2,0,1,1,1,2,0,1,2,1,0,0,1,1,0,0,0,0,0,1,0,0,0,1,1,4,0,2,0,2,0,5,3,1,1,2,1,2,0,0,0,3,1,4,2,0,1,1,1,0,0,1,2,0,3,4,3,4,0,3,2,2,1,2,3,1,0,0,1,1,1,1,0,1,3,0,0,2,1,1,0,2,0,4,2,1,1,2,0,0,0,0,0,1,0,1,0,0,0,1,0,1,2,4,1,1,1,0,2,1,1,0,0,0,1,2,0,2,2,1,1,1,2,1,0,1,0,1,0,1,1,3,1,0,3,2,0,1,1,0,2,2,4,0,1,1,1,2,1,1,0,0,1,0,0,0,2,2,1,1,2,2,1,1,2,0,2,3,0,2,1,1,1,0,0,1,1,2,1,1,1,0,2,0,1,0,0,2,1,0,1,0,2,1,1,3,0,2,0,3,0,3,0,2,0,1,0,1,1,2,1,2,1,0,0,0,0,0,0,0,1,1,2,1,1,1,0,0,1,4,0,3,1,2,0,0,0,1,1,0,0,2,1,0,1,1,0,0,1,2,0,0,0,0,0,0,0,0,2,0,2,2,2,0,2,0,1,1,1,0,0,1,0,0,1,0,1,2,2,0,1,1,1,1,0,2,2,0,1,1,1,0,0,2,0,1,2,2,0,0,2,1,0,2,2,0,2,1,2,1,3,2,0,1,1,0,3,0,1,1,1,1,0,2,3,3,1,2,1,3,2,1,0,1,0,2,1,0,0,1,1,0,1,2,2,0,0,0,1,1,1,1,1,3,0,1,1,0,2,2,0,2,2,1,0,0,1,2,3,1,4,2,0,2,3,2,0,1,3,2,2,1,1,2,2,1,1,3,2,1,2,0,0,0,2,0,0,1,0,3,2,1,1,1,1,2,1,1,0,0,1,1,2,1,2,0,1,2,0,3,0,1,1,1,0,1,1,1,1,0,1,0,1,1,1,1,2,0,1,0,4,0,0,1,2,0,0,4,2,0,0,1,0,0,0,3,1,0,1,1,0,0,0,1,1,0,1,1,0,0,2,1,1,2,0,1,0,2,0,0,2,0,1,2,2,1,1,1,0,2,0,1,1,1,0,1,1,2,0,2,2,0,0,0,2,2,1,2,0,2,2,0,0,1,0,0,2,3,2,1,3,2,0,2,0,0,2,1,2,1,1,0,1,1,1,2,0,0,0,5,3,2,0,0,2,1,0,1,0,1,1,0,0,0,1,2,1,0,0,3,1,0,3,0,1,1,1,1,1,2,0,0,0,1,2,2,0,0,1,2,0,1,1,1,1,0,0,1,1,1,1,2,2,1,0,0,0,1,2,0,0,1,0,0,0,2,0,1,0,1,1,3,1,2,1,2,0,0,1,1,2,1,1,3,2,0,0,4,1,1,1,0,1,0,0,1,1,1,0,0,1,1,1,1,1,1,2,0,1,1,1,1,1,1,1,0,1,1,1,3,2,2,1,1,1,1,2,4,2,2,0,1,0,1,2,1,0,3,0,1,3,0,0,1,1,0,1,1,2,0,2,0,1,0,3,0,1,1,1,1,0,0,1,3,1,2,1,2,1,0,1,2,1,0,1,0,3,3,2,1,2,1,1,0,1,1,1,0,1,0,0,0,0,3,1,0,0,0,0,1,0,0,3,2,1,0,1,2,2,1,1,0,0,0,1,1,0,2,0,1,0,0,2,2,2,0,1,0,2,1,4,0,2,0,1,1,0,0,3,0,3,0,0,2,1,1,1,1,2,0,0,1,1,1,0,1,0,1,0,0,0,1,2,1,1,1,2,0,0,1,0,1,0,1,3,2,0,0,0,1,2,1,0,2,0,4,1,2,0,1,1,0,0,0,0,0,2,1,0,1,1,0,0,0,2,2,2,1,1,1,0,1,1,0,1,0,2,0,0,1,2,0,1,0,0,0,4,1,0,1,0,1,1,1,0,0,1,0,1,0,1,1,1,1,4,0,2,2,2,2,0,0,1,0,2,5,1,0,3,2,0,1,0,3,0,4,0,1,1,1,0,1,1,0,1,0,1,4,4,1,1,1,0,2,2,0,1,0,0,1,1,1,1,1,2,2,1,0,1,0,0,1,1,0,1,0,1,1,0,1,2,2,0,0,0,1,0,0,0,0,0,1,0,1,2,0,0,0,0,0,1,1,0,2,2,1,0,1,0,1,0,1,1,0,3,1,1,1,2,1,1,0,0,1,0,1,1,0,1,2,2,0,0,3,1,1,1,0,1,0,1,1,0,0,1,0,1,2,0,1,1,1,2,1,5,3,1,0,1,0,2,2,0,2,1,0,1,0,3,1,1,0,3,2,0,1,1,0,1,0,1,3,1,0,2,0,1,3,0,0,1,1,4,1,2,2,2,0,0,2,1,0,0,1,0,0,1,1,1,0,0,1,0,1,1,2,1,1,1,1,1,1,0,0,2,1,0,0,1,0,1,0,1,1,3,2,2,1,0,1,1,2,1,0,0,2,5,0,1,2,1,2,1,0,0,0,1,0,1,0,1,0,0,1,1,1,1,0,3,2,1,1,1,2,4,2,1,1,2,2,0,0,2,0,1,2,2,1,0,1,1,3,1,0,0,1,1,0,1,0,0,2,3,0,1,1,2,1,2,1,0,1,1,1,1,1,1,1,0,1,0,2,1,0,0,1,1,0,1,3,1,1,2,0,0,0,0,1,0,0,1,0,2,1,1,1,2,1,1,0,1,0,1,0,2,1,1,1,2,0,1,1]},{"counters":[1,1,1,0,1,1,2,1,0,1,0,1,1,0,1,1,1,3,1,0,1,0,1,2,2,1,1,1,0,0,0,0,1,1,1,1,2,2,0,1,1,0,1,0,1,0,1,2,2,1,0,1,2,1,3,1,0,1,1,1,0,2,2,0,1,2,1,0,1,1,0,2,0,0,0,2,0,0,0,0,1,1,0,1,0,0,3,2,1,2,1,0,0,1,0,2,0,0,0,0,1,1,0,2,0,2,0,0,3,0,1,0,2,1,0,2,1,2,1,2,1,1,2,1,1,1,0,1,3,0,0,0,1,2,0,3,1,3,1,1,0,0,0,2,0,1,0,0,4,0,0,0,1,1,1,0,2,2,1,1,1,0,0,0,0,2,3,1,1,1,3,0,1,0,1,1,1,1,1,2,0,2,1,0,1,3,1,0,0,1,1,1,3,2,2,3,1,1,1,2,1,1,0,0,1,1,1,0,2,0,2,1,0,0,1,2,1,1,2,1,0,0,0,1,2,0,1,0,3,1,3,0,1,2,1,0,1,0,0,1,0,0,1,1,0,0,0,2,0,0,4,5,1,1,0,0,1,4,0,1,1,0,3,2,0,1,2,1,0,0,1,2,1,1,1,1,1,0,3,0,2,1,0,1,0,4,0,0,0,2,0,2,0,1,0,2,0,1,0,1,0,0,1,0,2,1,0,2,3,1,0,0,0,3,1,0,2,0,0,1,3,2,1,1,1,2,1,1,0,1,4,0,0,0,3,1,1,0,1,1,0,2,0,2,1,2,0,1,2,4,3,2,3,0,0,0,0,1,1,1,0,1,0,1,1,2,2,0,1,0,3,1,2,0,0,0,0,0,1,0,1,2,0,2,1,2,1,1,2,1,2,1,0,1,0,0,2,0,2,0,3,2,0,1,2,2,1,1,2,2,0,1,1,1,1,0,0,0,3,1,2,0,0,3,0,0,0,1,1,1,0,0,1,2,1,2,1,0,1,0,1,1,3,3,1,2,2,1,0,0,0,0,1,2,1,1,2,2,0,2,1,0,1,1,1,1,3,0,0,1,0,2,1,0,1,0,0,0,2,2,4,0,1,0,1,2,1,2,2,2,3,0,0,1,1,0,2,0,0,3,0,1,2,1,1,1,2,0,2,1,3,1,0,0,2,1,0,1,1,3,1,4,1,0,1,1,3,1,0,0,0,0,1,1,0,1,0,0,2,1,1,1,0,0,0,0,2,0,1,1,3,0,0,2,2,1,0,1,0,1,1,2,2,1,1,2,2,0,0,0,3,0,1,4,1,1,2,1,1,1,0,2,0,0,0,3,0,0,1,0,0,1,0,0,1,2,0,1,1,2,0,0,0,2,0,1,1,0,3,0,4,1,0,1,1,1,3,0,0,0,1,0,2,0,2,0,0,1,1,3,2,1,0,0,2,0,0,2,1,0,2,2,0,0,1,0,1,0,1,1,0,0,0,2,1,1,1,1,0,0,0,0,1,4,0,0,1,1,1,0,0,1,0,0,0,0,0,0,0,0,0,0,0,3,1,1,2,2,1,2,0,1,1,2,3,1,3,0,0,1,3,0,1,0,1,2,2,0,2,0,0,0,0,0,1,0,0,2,1,1,3,1,3,1,0,1,2,2,3,1,1,1,2,1,0,1,1,1,0,2,1,1,0,4,2,1,0,1,0,0,0,2,0,1,1,4,0,2,1,3,1,1,2,0,1,0,1,3,1,1,1,1,2,0,2,0,1,3,1,0,2,3,2,0,0,1,1,1,1,0,1,0,0,1,0,0,0,1,1,2,1,2,1,0,2,1,3,3,0,1,0,1,1,0,1,1,0,1,0,1,0,1,4,1,0,0,1,1,1,2,1,2,0,2,2,0,1,0,1,0,2,2,0,0,0,0,2,1,2,3,1,2,1,0,2,3,1,0,1,0,1,2,0,2,1,1,0,0,1,0,3,1,2,3,5,0,0,1,3,1,0,3,2,0,3,0,1,0,0,1,0,1,1,1,1,3,0,1,2,3,0,0,0,0,0,1,0,1,2,0,2,1,1,2,2,1,2,0,0,1,1,0,0,0,0,0,1,3,1,2,0,0,0,0,1,1,0,0,0,1,0,2,2,2,1,3,1,1,2,1,0,0,1,0,4,1,1,0,1,1,1,1,1,1,0,3,3,1,0,1,1,1,1,2,0,0,1,0,1,1,0,3,1,3,0,1,1,3,0,0,2,0,2,1,1,1,0,1,1,1,1,1,2,0,2,0,1,2,2,3,0,2,0,0,0,1,0,0,0,0,0,1,2,2,1,0,0,0,1,2,1,1,0,1,1,0,1,0,1,1,0,0,0,1,1,1,2,1,1,1,1,1,0,3,5,0,0,0,0,2,2,0,1,1,0,1,0,1,0,2,1,2,0,2,0,0,2,1,2,1,0,2,1,1,2,1,1,3,2,0,0,1,0,1,1,1,0,0,1,0,0,3,1,1,0,2,2,2,2,1,2,2,1,2,4,1,1,0,2,0,1,3,2,0,1,2,1,3,0,1,1,2,1,1,0,0,1,3,1,0,1,0,1,0,0,1,0,0,2,0,0,1,0,1,0,1,2,0,0,0,0,1,1,0,1,2,0,1,1,0,1,0,2,2,3,0,0,1,1,3,1,0,0,0,1,0,0,1,0,1,1,2,3,1,0,2,1,0,1,0,1,4,0,1,0,1,0,0,0,1,0,0,0,2,0,1,3,3,0,0,3,0,0,3,0,2,0,1,2,0,0,0,0,2,0,0,1,0,1,1,4,1,0,0,2,1,0,0,1,1,0,1,2,1,1,3,1,1,1,2,0,0,1,0,0,2,2,1,1,0,1,0,1,0,2,1,1,1,2,0,0,0,0,1,1,0,1,0,1,0,1,1,1,0,0,1,1,1,2,0,1,1,0,1,1,1,1,0,1,1,1,0,1,1,3,0,1,0,3,1,1,1,0,2,2,0,3,2,2,0,1,1,0,2,1,0,1,1,0,0,1,1,1,1,1,1,1,0,1,1,0,0,0,1,0,2,0,1,1,1,0,0,2,0,1,0,2,0,3,0,1,2,0,0,0,2,1,1,2,1,2,0,0,2,1,1,3,1,0,0,0,1,0,2,0,3,2,1,0,0,0,1,1,2,1,1,1,2,1,1,2,1,1,0,0,3,1,0,1,2,1,1,2,0,1,3,0,1,0,0,0,1,0,1,1,0,1,0,1,1,0,1,1,3,2,1,2,0,0,2,1,3,1,0,1,1,0,1,1,0,0,2,1,1,0,2,2,2,0,0,2,2,1,0,1,2,1,2,1,2,1,2,2,0,1,1,0,2,2,0,0,1,1,1,2,1,0,0,1,1,0,2,1,0,1,1,0,0,1,0,0,0,3,1,2,0,1,2,3,1,1,4,0,0,1,1,0,1,0,1,1,2,0,1,0,0,0,0,1,3,2,0,0,2,0,1,0,1,0,1,4,0,1,0,0,1,0,3,0,2,0,1,2,1,0,1,1,1,0,0,0,1,2,0,0,0,2,0,0,2,3,0,1,0,1,1,1,1,0,0,2,2,0,1,5,2,3,4,0,0,2,3,2,2,2,3,1,1,0,2,0,4,0,1,1,1,0,1,1,1,1,1,0,1,0,0,1,2,0,2,2,0,2,2,2,3,1,4,1,2,1,1,0,1,2,0,1,1,2,0,1,1,1,1,3,0,1,0,1,1,2,2,2,2,2,3,0,0,2,0,0,1,1,0,3,1,0,1,0,0,3,1,0,4,0,2,2,2,1,1,0,1,0,0,0,0,1,1,2,1,3,1,2,2,1,1,0,0,0,0,0,1,1,0,3,1,0,0,1,4,1,3,1,2,0,2,2,0,0,1,1,0,4,0,2,3,1,0,4,2,3,1,1,1,1,1,1,0,3,1,2,2,1,0,0,0,1,0,0,3,2,1,1,1,1,1,1,0,0,2,1,0,0,0,2,2,2,1,2,1,0,3,2,0,0,1,0,0,0,0,1,2,3,1,0,0,4,2,4,1,0,1,1,1,0,1,0,0,0,5,1,0,0,0,0,1,1,0,0,1,2,2,1,0,2,0,2,1,1,0,2,1,2,0,0,1,2,0,0,1,2,0,0,2,2,2,1,1,2,0,1,1,1,0,2,2,0,1,0,0,2,1,1,0,1,0,1,1,0,1,1,1,0,1,2,0,2,0,1,0,1,0,0,0,1,1,1,1,0,1,0,1,2,0,1,1,2,0,0,0,1,3,1,0,0,3,1,1,0,3,0,2,2,2,3,4,1,1,1,0,1,0,2,0,0,1,3,1,2,1,0,1,1,3,0,0,0,0,2,0,0,0,0,3,0,0,2,1,1,0,0,2,2,1,0,0,1,1,0,1,0,1,1,2,0,2,0,0,1,2,1,2,0,1,0,1,2,0,2,0,2,0,2,0,1,0,0,1,0,1,0,0,1,0,1,0,1,1,0,0,0,1,0,2,0,1,0,3,2,0,0,2,2,1,1,0,1,2,0,1,1,1,0,1,2,0,1,1,0,3,0,1,2,0,1,3,0,2,2,1,0,1,0,2,1,1,0,1]}]},"null_count":0,"last_update_version":397952045711884288},"b":{"histogram":{"ndv":2000,"buckets":[{"count":8,"lower_bound":"LTIxNDAyMjg4Njg=","upper_bound":"LTIxMjI2MDg1Mzg=","repeats":1},{"count":16,"lower_bound":"LTIxMjIxNTI1OTA=","upper_bound":"LTIxMTIxOTk0OTQ=","repeats":1},{"count":24,"lower_bound":"LTIxMDk5OTE3NTk=","upper_bound":"LTIwOTI2MTcxNzQ=","repeats":1},{"count":32,"lower_bound":"LTIwOTE1MjY5MTk=","upper_bound":"LTIwNjg5MzI0NDM=","repeats":1},{"count":40,"lower_bound":"LTIwNTQ4MTU1NjQ=","upper_bound":"LTIwMzIyNTEwOTI=","repeats":1},{"count":48,"lower_bound":"LTIwMzA4NTI3NTU=","upper_bound":"LTIwMTkzNTQ1Nzg=","repeats":1},{"count":56,"lower_bound":"LTIwMTAyNDE1NDQ=","upper_bound":"LTE5OTY0NDY4ODc=","repeats":1},{"count":64,"lower_bound":"LTE5OTY0MjM5MDc=","upper_bound":"LTE5Njg2MTgzNTk=","repeats":1},{"count":72,"lower_bound":"LTE5NjU4Mzk3OTY=","upper_bound":"LTE5NTk5Nzk1OTk=","repeats":1},{"count":80,"lower_bound":"LTE5MzgwNDA4MTI=","upper_bound":"LTE5MzQwMjA3MDY=","repeats":1},{"count":88,"lower_bound":"LTE5MzM0NDYyOTU=","upper_bound":"LTE5MjE5NDgyMzE=","repeats":1},{"count":96,"lower_bound":"LTE5MTQ3MTk4Njc=","upper_bound":"LTE5MDY4NTM5NTI=","repeats":1},{"count":104,"lower_bound":"LTE5MDQ4OTM3Njg=","upper_bound":"LTE5MDA1NDQ5OTg=","repeats":1},{"count":112,"lower_bound":"LTE4OTU1NDU3NTI=","upper_bound":"LTE4ODI1ODI3MTU=","repeats":1},{"count":120,"lower_bound":"LTE4Nzc4MTYzMTI=","upper_bound":"LTE4NjI5NDI1OTg=","repeats":1},{"count":128,"lower_bound":"LTE4NTg4NjAxNjQ=","upper_bound":"LTE4NTI5MjA4MTk=","repeats":1},{"count":136,"lower_bound":"LTE4NTE4NjE4NDY=","upper_bound":"LTE4NDI4MzkzNTk=","repeats":1},{"count":144,"lower_bound":"LTE4NDA0MjM0NzM=","upper_bound":"LTE4MjQzMjIwNDQ=","repeats":1},{"count":152,"lower_bound":"LTE4MjI4MTc2ODY=","upper_bound":"LTE4MDk2MzkxNDA=","repeats":1},{"count":160,"lower_bound":"LTE4MDYyMzMxMjY=","upper_bound":"LTE4MDA4ODc3NjM=","repeats":1},{"count":168,"lower_bound":"LTE3OTk3OTAwODA=","upper_bound":"LTE3ODUzNTQ4NzE=","repeats":1},{"count":176,"lower_bound":"LTE3NzY3OTYxMTM=","upper_bound":"LTE3NzEwMjYwNjE=","repeats":1},{"count":184,"lower_bound":"LTE3Njg4NjAyOTc=","upper_bound":"LTE3NTY5NzE1ODQ=","repeats":1},{"count":192,"lower_bound":"LTE3NTM1MDA5NTU=","upper_bound":"LTE3NDQ3MTk4OTQ=","repeats":1},{"count":200,"lower_bound":"LTE3NDQ0NDU1NTM=","upper_bound":"LTE3MzUwNjAwMjQ=","repeats":1},{"count":208,"lower_bound":"LTE3MjU2MTQ2NzU=","upper_bound":"LTE3MDQwOTY1ODU=","repeats":1},{"count":216,"lower_bound":"LTE3MDEyOTA1NDA=","upper_bound":"LTE2OTkzNDI4MjQ=","repeats":1},{"count":224,"lower_bound":"LTE2OTg2MDU3OTg=","upper_bound":"LTE2OTEyODMyNDg=","repeats":1},{"count":232,"lower_bound":"LTE2ODg5MTA3ODM=","upper_bound":"LTE2Njc5NDkwMzk=","repeats":1},{"count":240,"lower_bound":"LTE2NjI0Mzg3Nzg=","upper_bound":"LTE2MjM3NTg1Njg=","repeats":1},{"count":248,"lower_bound":"LTE2MjIyNjAwNzc=","upper_bound":"LTE2MDk5MjIwMTI=","repeats":1},{"count":256,"lower_bound":"LTE2MDQ4NzM3Mzc=","upper_bound":"LTE1ODA5NDM3MTA=","repeats":1},{"count":264,"lower_bound":"LTE1Nzk2MDk0NTA=","upper_bound":"LTE1NjQ4ODI1MDg=","repeats":1},{"count":272,"lower_bound":"LTE1NTU0MTI0MDk=","upper_bound":"LTE1NDkzNjg4NDk=","repeats":1},{"count":280,"lower_bound":"LTE1NDc0ODY2OTE=","upper_bound":"LTE1MzIyMDgxODU=","repeats":1},{"count":288,"lower_bound":"LTE1MjcxNDI1MDE=","upper_bound":"LTE1MTU4NTg5Nzg=","repeats":1},{"count":296,"lower_bound":"LTE1MTM1MzA0OTY=","upper_bound":"LTE0ODUyNjA5ODg=","repeats":1},{"count":304,"lower_bound":"LTE0ODMzNTQyNTc=","upper_bound":"LTE0Nzc0Mjg0Nzg=","repeats":1},{"count":312,"lower_bound":"LTE0NzU5NjAyNDY=","upper_bound":"LTE0Mjc4NzQzNjI=","repeats":1},{"count":320,"lower_bound":"LTE0MTU2MDgxMTk=","upper_bound":"LTEzODE5Mzk2Mzc=","repeats":1},{"count":328,"lower_bound":"LTEzODAxMTQwNTY=","upper_bound":"LTEzNzQ0MTgxOTg=","repeats":1},{"count":336,"lower_bound":"LTEzNjk0ODE0MTc=","upper_bound":"LTEzNTY2MDIzMzY=","repeats":1},{"count":344,"lower_bound":"LTEzNTI4MTM0ODM=","upper_bound":"LTEzMjc0NzM2ODg=","repeats":1},{"count":352,"lower_bound":"LTEzMjYxNjU1MzE=","upper_bound":"LTEzMTcwNTkwODY=","repeats":1},{"count":360,"lower_bound":"LTEzMTQ5OTY3MDI=","upper_bound":"LTEzMDAyNTE4NDc=","repeats":1},{"count":368,"lower_bound":"LTEyOTM3NTQwNDU=","upper_bound":"LTEyOTI1OTY4NDU=","repeats":1},{"count":376,"lower_bound":"LTEyOTA3Nzc5NTY=","upper_bound":"LTEyODQ0MjA5NzQ=","repeats":1},{"count":384,"lower_bound":"LTEyODE1MzQwNzU=","upper_bound":"LTEyNTc3MTYwMDM=","repeats":1},{"count":392,"lower_bound":"LTEyNTY3NTg0NTY=","upper_bound":"LTEyNDY3NjcxNzc=","repeats":1},{"count":400,"lower_bound":"LTEyNDU5Mjg1NzI=","upper_bound":"LTEyNDM2MDgwNzc=","repeats":1},{"count":408,"lower_bound":"LTEyMzcxNjg0MzM=","upper_bound":"LTEyMjIxOTU4NDU=","repeats":1},{"count":416,"lower_bound":"LTEyMTg4MDYyNDU=","upper_bound":"LTEyMTQ4NDM2ODM=","repeats":1},{"count":424,"lower_bound":"LTEyMTM5NTkyNDk=","upper_bound":"LTEyMDk3MzgzNTU=","repeats":1},{"count":432,"lower_bound":"LTEyMDg5MTU3NTk=","upper_bound":"LTEyMDI4ODc0NDI=","repeats":1},{"count":440,"lower_bound":"LTEyMDIyNDgxMDg=","upper_bound":"LTExOTk1NzU0MTU=","repeats":1},{"count":448,"lower_bound":"LTExOTg5OTc5Nzc=","upper_bound":"LTExOTAxMjUwMzY=","repeats":1},{"count":456,"lower_bound":"LTExODMzNTAyMDI=","upper_bound":"LTExNzQ3MDAwOTQ=","repeats":1},{"count":464,"lower_bound":"LTExNjg2MTM4NDE=","upper_bound":"LTExNTY5NDczMTg=","repeats":1},{"count":472,"lower_bound":"LTExNDY4MDIwMjY=","upper_bound":"LTExMzE5NjI4ODg=","repeats":1},{"count":480,"lower_bound":"LTExMjIxMTQ3NTU=","upper_bound":"LTEwOTc5ODI2MDI=","repeats":1},{"count":488,"lower_bound":"LTEwOTI1NjM5MzQ=","upper_bound":"LTEwNzYxOTY1Mzk=","repeats":1},{"count":496,"lower_bound":"LTEwNjE1NzM5Mjg=","upper_bound":"LTEwNTI3OTIwMDc=","repeats":1},{"count":504,"lower_bound":"LTEwMzkwODI5NDM=","upper_bound":"LTEwMzM0MzA4NTM=","repeats":1},{"count":512,"lower_bound":"LTEwMzExOTEyMjU=","upper_bound":"LTEwMTMyNDQ4Njg=","repeats":1},{"count":520,"lower_bound":"LTEwMTI2NTkzNzg=","upper_bound":"LTEwMDYyMzM1MjI=","repeats":1},{"count":528,"lower_bound":"LTEwMDQ3MjEyNDY=","upper_bound":"LTk2NTMzOTkxOQ==","repeats":1},{"count":536,"lower_bound":"LTk2NTAxNTk4Mg==","upper_bound":"LTk0ODQwNDc2Ng==","repeats":1},{"count":544,"lower_bound":"LTk0ODMxMzEzOA==","upper_bound":"LTkwNTAxOTg2MQ==","repeats":1},{"count":552,"lower_bound":"LTg5NTg4MzE2OA==","upper_bound":"LTg4MDA3MjcwNw==","repeats":1},{"count":560,"lower_bound":"LTg3NTA4MzA1NQ==","upper_bound":"LTg2NzM2OTE2NA==","repeats":1},{"count":568,"lower_bound":"LTg2NDE0NzQ2OQ==","upper_bound":"LTg1NDI5MjE5Mw==","repeats":1},{"count":576,"lower_bound":"LTg0NTYxNTYwOA==","upper_bound":"LTgzMzMwOTYzMQ==","repeats":1},{"count":584,"lower_bound":"LTgzMjcyMDg4MQ==","upper_bound":"LTgyNTQ1NzUyMw==","repeats":1},{"count":592,"lower_bound":"LTgxNjg2MTYzNg==","upper_bound":"LTgwMjQzOTU0NQ==","repeats":1},{"count":600,"lower_bound":"LTgwMjE5NzgwNQ==","upper_bound":"LTc4MzM2OTIwNQ==","repeats":1},{"count":608,"lower_bound":"LTc3MDg1MTc0OA==","upper_bound":"LTc2NjYwOTA4MQ==","repeats":1},{"count":616,"lower_bound":"LTc2NDEwMDQ5Mg==","upper_bound":"LTc1Nzk0OTUzNg==","repeats":1},{"count":624,"lower_bound":"LTc1NjA5MzYzNQ==","upper_bound":"LTc0NzM4MDg1NA==","repeats":1},{"count":632,"lower_bound":"LTc0NDM1MDAxMg==","upper_bound":"LTcyOTEwMTE3OQ==","repeats":1},{"count":640,"lower_bound":"LTcyODI2ODE1Mg==","upper_bound":"LTcyMTc0MTQzNg==","repeats":1},{"count":648,"lower_bound":"LTcyMTM1Njc3OA==","upper_bound":"LTY5NTMxNTY3Ng==","repeats":1},{"count":656,"lower_bound":"LTY5NDcxNjE1OA==","upper_bound":"LTY5MzU0OTkwNw==","repeats":1},{"count":664,"lower_bound":"LTY4ODEyNzkyMw==","upper_bound":"LTY3OTU0NzM4Ng==","repeats":1},{"count":672,"lower_bound":"LTY2OTQzNjAwOA==","upper_bound":"LTY1NzAxMDc5OQ==","repeats":1},{"count":680,"lower_bound":"LTY1Mzg3MDY0NQ==","upper_bound":"LTY0ODI2OTU5OA==","repeats":1},{"count":688,"lower_bound":"LTY0NDQyNjMzNQ==","upper_bound":"LTYyODg5MjUyNg==","repeats":1},{"count":696,"lower_bound":"LTYyNzEwNjg2Mg==","upper_bound":"LTU5OTkzMjg5OA==","repeats":1},{"count":704,"lower_bound":"LTU5ODM1NDIzMA==","upper_bound":"LTU4OTQ1OTI1MA==","repeats":1},{"count":712,"lower_bound":"LTU4Njc5Nzg4OA==","upper_bound":"LTU1NzcwMzE1Mw==","repeats":1},{"count":720,"lower_bound":"LTU1MTIwMzYxNw==","upper_bound":"LTU0NTc2NDQ2Mg==","repeats":1},{"count":728,"lower_bound":"LTUzNTc3MTc1MQ==","upper_bound":"LTUyNzAyMzY0Ng==","repeats":1},{"count":736,"lower_bound":"LTUyNTAzOTgyNw==","upper_bound":"LTUxNzQ1NzM0OQ==","repeats":1},{"count":744,"lower_bound":"LTUxMzE4NDI5NA==","upper_bound":"LTUwNDA2NDAzMA==","repeats":1},{"count":752,"lower_bound":"LTQ5MDAwMDY3OQ==","upper_bound":"LTQ3Mzc0NTcwNg==","repeats":1},{"count":760,"lower_bound":"LTQ3MTg1NjMzNw==","upper_bound":"LTQ1OTY2MDc0NQ==","repeats":1},{"count":768,"lower_bound":"LTQ0OTI5MzY0OA==","upper_bound":"LTQzNjA2MzE5NA==","repeats":1},{"count":776,"lower_bound":"LTQzNTMxMTg2MQ==","upper_bound":"LTQzMTEwMTI1Mw==","repeats":1},{"count":784,"lower_bound":"LTQyOTAyODMzMw==","upper_bound":"LTQyNjEzNzc2Mw==","repeats":1},{"count":792,"lower_bound":"LTQyNDYzMzE3MQ==","upper_bound":"LTQxODU1OTYxMQ==","repeats":1},{"count":800,"lower_bound":"LTQxMjQ4NjI5OA==","upper_bound":"LTM5NTI1MzI0MA==","repeats":1},{"count":808,"lower_bound":"LTM5NTExNDk1Nw==","upper_bound":"LTM4Njk0OTUwOA==","repeats":1},{"count":816,"lower_bound":"LTM4MjEwNjYxOA==","upper_bound":"LTM2Nzk4OTg5NA==","repeats":1},{"count":824,"lower_bound":"LTM2NzEzMzY1MA==","upper_bound":"LTM2NDUzNTY3MA==","repeats":1},{"count":832,"lower_bound":"LTM2NDEzNzkxOQ==","upper_bound":"LTM1NjM5ODQ4OQ==","repeats":1},{"count":840,"lower_bound":"LTM1MzI5MDI4Mw==","upper_bound":"LTM0NTE0MjI5MQ==","repeats":1},{"count":848,"lower_bound":"LTM0MjcyNjE2Mg==","upper_bound":"LTMyNjk3NTA3NA==","repeats":1},{"count":856,"lower_bound":"LTMyMzk3MDIwMw==","upper_bound":"LTMxMDQ1MzQxOA==","repeats":1},{"count":864,"lower_bound":"LTMwNjE1MzEyNQ==","upper_bound":"LTMwMTg4MjY3OA==","repeats":1},{"count":872,"lower_bound":"LTMwMTg3NDk1MQ==","upper_bound":"LTI5MzY1NjkyNg==","repeats":1},{"count":880,"lower_bound":"LTI5MzM1MTIyNQ==","upper_bound":"LTI3OTE4NjAzNQ==","repeats":1},{"count":888,"lower_bound":"LTI2Nzg4MzE0Mg==","upper_bound":"LTI2NDAxODM3OQ==","repeats":1},{"count":896,"lower_bound":"LTI1Nzg1OTQ3NA==","upper_bound":"LTI0ODgyMzQwMw==","repeats":1},{"count":904,"lower_bound":"LTI0ODMwMDI0Nw==","upper_bound":"LTIzMDkxODMxNg==","repeats":1},{"count":912,"lower_bound":"LTIzMDc0ODkwNg==","upper_bound":"LTIxOTQ0NTQ3OQ==","repeats":1},{"count":920,"lower_bound":"LTIxNzkxMTU2Mw==","upper_bound":"LTIwODU4NjAxNA==","repeats":1},{"count":928,"lower_bound":"LTE5NDg3NzEyNQ==","upper_bound":"LTE4MDM4NTA1NQ==","repeats":1},{"count":936,"lower_bound":"LTE3MjczMjgyNQ==","upper_bound":"LTE2MzMzNTg3MA==","repeats":1},{"count":944,"lower_bound":"LTE2MDUzMTg1OQ==","upper_bound":"LTE1MjI1OTg3OQ==","repeats":1},{"count":952,"lower_bound":"LTE1MTQ0MTEzNw==","upper_bound":"LTEzNjk0MDY0MA==","repeats":1},{"count":960,"lower_bound":"LTExMTQzNTUwNQ==","upper_bound":"LTkzNTYzNjIw","repeats":1},{"count":968,"lower_bound":"LTg2NTk1ODc4","upper_bound":"LTc5MTYxNTM4","repeats":1},{"count":976,"lower_bound":"LTc2NzE5NjQ3","upper_bound":"LTUzNzIwNzEw","repeats":1},{"count":984,"lower_bound":"LTUzMTk5ODgy","upper_bound":"LTMzODQxODAz","repeats":1},{"count":992,"lower_bound":"LTMzMzg4MjI5","upper_bound":"LTI1ODA2OTIw","repeats":1},{"count":1000,"lower_bound":"LTE5NTU2NDcx","upper_bound":"MjUyMTA5Nw==","repeats":1},{"count":1008,"lower_bound":"NDkyNTEzOA==","upper_bound":"MjE3MjI5Mzc=","repeats":1},{"count":1016,"lower_bound":"MjIwMjIyMTk=","upper_bound":"MjM1MTEwODA=","repeats":1},{"count":1024,"lower_bound":"MzA3MjQ2MzU=","upper_bound":"NjkxMDYzMDk=","repeats":1},{"count":1032,"lower_bound":"NjkxOTgyMjM=","upper_bound":"MTAyNzkyMTYx","repeats":1},{"count":1040,"lower_bound":"MTAzOTQxNzc4","upper_bound":"MTEwMzU1Mjcw","repeats":1},{"count":1048,"lower_bound":"MTEyNDYxMjgx","upper_bound":"MTI2NjMxNjU1","repeats":1},{"count":1056,"lower_bound":"MTI5MjY4MzEx","upper_bound":"MTQ2MzM5ODAz","repeats":1},{"count":1064,"lower_bound":"MTU5ODExMDQz","upper_bound":"MTc1NDEzMTQy","repeats":1},{"count":1072,"lower_bound":"MTc4OTUxMDE1","upper_bound":"MTgxODk0ODMz","repeats":1},{"count":1080,"lower_bound":"MTk0Mjg0MDk1","upper_bound":"MjIyNzc0MTM3","repeats":1},{"count":1088,"lower_bound":"MjI0NDI3ODA3","upper_bound":"MjM2ODg2MDE4","repeats":1},{"count":1096,"lower_bound":"MjM5Nzk5MDQ0","upper_bound":"MjU5Mjk5Mzgz","repeats":1},{"count":1104,"lower_bound":"MjYyNjY5Njc1","upper_bound":"MjY2OTk3NTg1","repeats":1},{"count":1112,"lower_bound":"MjgxODczMjM0","upper_bound":"MzE2MzE4Mzg0","repeats":1},{"count":1120,"lower_bound":"MzI2OTc0NzAx","upper_bound":"MzU2Mjk1MTY1","repeats":1},{"count":1128,"lower_bound":"MzYxOTY5MzEy","upper_bound":"MzY1MDUyNDA5","repeats":1},{"count":1136,"lower_bound":"MzY5ODA1ODAy","upper_bound":"Mzg0OTExOTMy","repeats":1},{"count":1144,"lower_bound":"Mzg1MzQyNTcz","upper_bound":"Mzk2MTE5NzE1","repeats":1},{"count":1152,"lower_bound":"Mzk4ODQ4MzM2","upper_bound":"NDAyMTU5NDY3","repeats":1},{"count":1160,"lower_bound":"NDA0MTIxNjA3","upper_bound":"NDEyOTYyNDE4","repeats":1},{"count":1168,"lower_bound":"NDE2NzQ2NDI3","upper_bound":"NDE5NjA2OTI0","repeats":1},{"count":1176,"lower_bound":"NDI3NDYwMTM3","upper_bound":"NDM3NTY4NDE1","repeats":1},{"count":1184,"lower_bound":"NDM3NzE5MzM3","upper_bound":"NDQ0MDExNjc0","repeats":1},{"count":1192,"lower_bound":"NDQ2MjcxNjc3","upper_bound":"NDU5MjY0NTc5","repeats":1},{"count":1200,"lower_bound":"NDY1MjA2NTg4","upper_bound":"NDc2MjA5NTA0","repeats":1},{"count":1208,"lower_bound":"NDgwNDU0OTY2","upper_bound":"NTAwNjM5NzY0","repeats":1},{"count":1216,"lower_bound":"NTA3OTYyNTc1","upper_bound":"NTE4ODg4MDUy","repeats":1},{"count":1224,"lower_bound":"NTIxMzA5Njg4","upper_bound":"NTM0MTEyNTA5","repeats":1},{"count":1232,"lower_bound":"NTM3MzE5Mjgy","upper_bound":"NTQyOTAyMzUw","repeats":1},{"count":1240,"lower_bound":"NTQ4Njc3NDc2","upper_bound":"NTY0NzY1NjEy","repeats":1},{"count":1248,"lower_bound":"NTY3MDczMzE0","upper_bound":"NTc3NTE1NTE2","repeats":1},{"count":1256,"lower_bound":"NTgyNzQwNDYy","upper_bound":"NTkyMDIwODQ0","repeats":1},{"count":1264,"lower_bound":"NjA0MzgwOTgw","upper_bound":"NjE1NDg1NTY4","repeats":1},{"count":1272,"lower_bound":"NjM2OTM1NjIx","upper_bound":"NjQ1NDY4NjIz","repeats":1},{"count":1280,"lower_bound":"NjQ3MjE1Mjk5","upper_bound":"NjY4OTk0OTIw","repeats":1},{"count":1288,"lower_bound":"NjcyNjE2OTUx","upper_bound":"NjkyMTAzMTE3","repeats":1},{"count":1296,"lower_bound":"NjkzNDk5NjAz","upper_bound":"NzEyMDI4Nzk0","repeats":1},{"count":1304,"lower_bound":"NzE1NDM3MDA3","upper_bound":"NzMxNzE3MTgz","repeats":1},{"count":1312,"lower_bound":"NzM4OTE0MjQw","upper_bound":"NzUyOTgwNDcy","repeats":1},{"count":1320,"lower_bound":"NzUzNjcxOTEw","upper_bound":"NzYxNTgxMzQ2","repeats":1},{"count":1328,"lower_bound":"NzY3MTE5MjEx","upper_bound":"NzY5NDA0Njgz","repeats":1},{"count":1336,"lower_bound":"NzY5NDc0Nzk2","upper_bound":"ODA4MzQxOTg1","repeats":1},{"count":1344,"lower_bound":"ODEyNDM0OTY1","upper_bound":"ODIwMTEwNDM1","repeats":1},{"count":1352,"lower_bound":"ODIwNDMwODc5","upper_bound":"ODI2ODUwMDM5","repeats":1},{"count":1360,"lower_bound":"ODM3NDc0NDUy","upper_bound":"ODUxODA2Nzkw","repeats":1},{"count":1368,"lower_bound":"ODUyMDY1OTAw","upper_bound":"ODcwNjYxNjk2","repeats":1},{"count":1376,"lower_bound":"ODcxMDQ2NDMw","upper_bound":"ODk1NTA2NTM2","repeats":1},{"count":1384,"lower_bound":"ODk1NTI5NTk5","upper_bound":"OTAzNTk3NDkx","repeats":1},{"count":1392,"lower_bound":"OTA0MTkzOTYw","upper_bound":"OTExNTI1NzA1","repeats":1},{"count":1400,"lower_bound":"OTE0NDkyMDgx","upper_bound":"OTIxNTQ3OTc2","repeats":1},{"count":1408,"lower_bound":"OTI3NTY3OTgx","upper_bound":"OTM1NDg3NDA5","repeats":1},{"count":1416,"lower_bound":"OTQwNTQwMTg0","upper_bound":"OTUwMDkyNjY2","repeats":1},{"count":1424,"lower_bound":"OTUyMTUzNjA5","upper_bound":"OTU5MTE4MzIx","repeats":1},{"count":1432,"lower_bound":"OTYwMDgxODA3","upper_bound":"OTgyNzc0MjMx","repeats":1},{"count":1440,"lower_bound":"OTg1NTE1MjY2","upper_bound":"OTkwNzQzMTc4","repeats":1},{"count":1448,"lower_bound":"OTk2NjgzNTgy","upper_bound":"MTAwODE0ODkzMg==","repeats":1},{"count":1456,"lower_bound":"MTAxMjA4MjA0Ng==","upper_bound":"MTAyNTgxMTc1MA==","repeats":1},{"count":1464,"lower_bound":"MTAzMTM5MTE1MA==","upper_bound":"MTAzNjU3OTAwMw==","repeats":1},{"count":1472,"lower_bound":"MTAzOTMzOTkwMQ==","upper_bound":"MTA0NTcxMTgyMw==","repeats":1},{"count":1480,"lower_bound":"MTA1NzEzMTQzNw==","upper_bound":"MTA3NjA2MzMwNQ==","repeats":1},{"count":1488,"lower_bound":"MTA4NTc1MTc1Mw==","upper_bound":"MTA5NTQ3OTYwMg==","repeats":1},{"count":1496,"lower_bound":"MTA5NzA3NzM4Mw==","upper_bound":"MTExOTg5NDE4MQ==","repeats":1},{"count":1504,"lower_bound":"MTEyNjI0ODczNg==","upper_bound":"MTE1MjIwOTI1NQ==","repeats":1},{"count":1512,"lower_bound":"MTE1NTY4MDQ1Ng==","upper_bound":"MTE2NjEzNzQyOQ==","repeats":1},{"count":1520,"lower_bound":"MTE2ODE0MjIyMA==","upper_bound":"MTE3NDczOTM3OA==","repeats":1},{"count":1528,"lower_bound":"MTE4MDE3MzEwNA==","upper_bound":"MTE4ODUyODU0Nw==","repeats":1},{"count":1536,"lower_bound":"MTE5MTU1MjE4MA==","upper_bound":"MTIwNTIxMTc3Ng==","repeats":1},{"count":1544,"lower_bound":"MTIwODY0MTU3Ng==","upper_bound":"MTIxNzA2NDQ1Mg==","repeats":1},{"count":1552,"lower_bound":"MTIxOTkxOTU5MQ==","upper_bound":"MTIzNjA3ODg2NQ==","repeats":1},{"count":1560,"lower_bound":"MTIzNjkxNjAwOA==","upper_bound":"MTI0NDI3NjAyNQ==","repeats":1},{"count":1568,"lower_bound":"MTI1MjAwMzM4MA==","upper_bound":"MTI1NDU3MzI2Ng==","repeats":1},{"count":1576,"lower_bound":"MTI1NjY5MjU1OQ==","upper_bound":"MTI2MDI4ODczMw==","repeats":1},{"count":1584,"lower_bound":"MTI2MTMxMjM3OQ==","upper_bound":"MTI3ODIzMjkzNA==","repeats":1},{"count":1592,"lower_bound":"MTI3OTI2MDU1Mw==","upper_bound":"MTI4Mzg3MDUzNQ==","repeats":1},{"count":1600,"lower_bound":"MTI4NTcwNjUwNQ==","upper_bound":"MTI5NzI1NDMxNA==","repeats":1},{"count":1608,"lower_bound":"MTI5Nzk0MzIxNw==","upper_bound":"MTMwMDEzNzE3NA==","repeats":1},{"count":1616,"lower_bound":"MTMwMDUyODc0NQ==","upper_bound":"MTMxMjc2NTc4Mg==","repeats":1},{"count":1624,"lower_bound":"MTMxNDk1MjM4Mw==","upper_bound":"MTMyNDI4OTEzNw==","repeats":1},{"count":1632,"lower_bound":"MTMyODM1NTAyNQ==","upper_bound":"MTM0ODA3MzcxMQ==","repeats":1},{"count":1640,"lower_bound":"MTM1MTA0NTg4MA==","upper_bound":"MTM2MzU4NzMzNg==","repeats":1},{"count":1648,"lower_bound":"MTM2Mzc2MjIzNA==","upper_bound":"MTM3MTE4OTE5Ng==","repeats":1},{"count":1656,"lower_bound":"MTM3NDMxNjE0NQ==","upper_bound":"MTM5NzYxOTg2OQ==","repeats":1},{"count":1664,"lower_bound":"MTQwNTI3ODYxOA==","upper_bound":"MTQxMTg1OTMwNw==","repeats":1},{"count":1672,"lower_bound":"MTQyMDUyOTIzNg==","upper_bound":"MTQyNzYzMjI0OQ==","repeats":1},{"count":1680,"lower_bound":"MTQyNzg3OTIzOQ==","upper_bound":"MTQ0NDc3MTczNA==","repeats":1},{"count":1688,"lower_bound":"MTQ0NjY4NDUyMw==","upper_bound":"MTQ2NzI4NTgyNg==","repeats":1},{"count":1696,"lower_bound":"MTQ2NzMxMTI2OQ==","upper_bound":"MTQ3NTg0NDMzMQ==","repeats":1},{"count":1704,"lower_bound":"MTQ3OTUxNjU4OA==","upper_bound":"MTUwMTgwODUyOQ==","repeats":1},{"count":1712,"lower_bound":"MTUxMDEwMzY4NA==","upper_bound":"MTUyMTIzNjAxNw==","repeats":1},{"count":1720,"lower_bound":"MTUyMjYzNTg4OA==","upper_bound":"MTU0NTk3OTU1Nw==","repeats":1},{"count":1728,"lower_bound":"MTU1NDY4ODg1OA==","upper_bound":"MTU1NzYzOTczNw==","repeats":1},{"count":1736,"lower_bound":"MTU2MzQyMTM4MQ==","upper_bound":"MTU2NzQwMjIwNg==","repeats":1},{"count":1744,"lower_bound":"MTU3NTQ3MTQzNA==","upper_bound":"MTYwMDg0OTc2NQ==","repeats":1},{"count":1752,"lower_bound":"MTYwMTE2OTg4OQ==","upper_bound":"MTYyOTgyMTU0Ng==","repeats":1},{"count":1760,"lower_bound":"MTYzMjcyNTg4Ng==","upper_bound":"MTYzOTYxMDUxOQ==","repeats":1},{"count":1768,"lower_bound":"MTY0NTU3ODAzMQ==","upper_bound":"MTY2Njk5OTg2Nw==","repeats":1},{"count":1776,"lower_bound":"MTY3NzM4OTc5NQ==","upper_bound":"MTY4MjUxMTkxNA==","repeats":1},{"count":1784,"lower_bound":"MTY4MjU5NzI4Ng==","upper_bound":"MTY5NDkyOTkyMw==","repeats":1},{"count":1792,"lower_bound":"MTY5OTQ2MDU5OQ==","upper_bound":"MTcwODU0ODA2MA==","repeats":1},{"count":1800,"lower_bound":"MTcxNjEzODUyMw==","upper_bound":"MTcyNDcwNDI1Ng==","repeats":1},{"count":1808,"lower_bound":"MTcyNTkxNjU0Nw==","upper_bound":"MTc0MjY3MTA5Nw==","repeats":1},{"count":1816,"lower_bound":"MTc0Mjc0OTY3OQ==","upper_bound":"MTc3MTQ4ODcwMg==","repeats":1},{"count":1824,"lower_bound":"MTc3MzQ1ODEzNg==","upper_bound":"MTc4MzIwMjQ1Mg==","repeats":1},{"count":1832,"lower_bound":"MTc4Mzc2MzUwMA==","upper_bound":"MTc4Nzk5Mzc4Mg==","repeats":1},{"count":1840,"lower_bound":"MTc4ODk5MDc5Ng==","upper_bound":"MTgwNzM1MDcxMA==","repeats":1},{"count":1848,"lower_bound":"MTgwODU0NjgxNQ==","upper_bound":"MTgzMTA3NzEzNQ==","repeats":1},{"count":1856,"lower_bound":"MTgzMzQ2NDg3NA==","upper_bound":"MTg1NDEzMDQ5NQ==","repeats":1},{"count":1864,"lower_bound":"MTg1ODkzMzI3MA==","upper_bound":"MTg2Njc0NTQ0NA==","repeats":1},{"count":1872,"lower_bound":"MTg2ODUxNDMxMw==","upper_bound":"MTg4MTU5NzQzMQ==","repeats":1},{"count":1880,"lower_bound":"MTg4MTY1NDU2NA==","upper_bound":"MTg5MTA0OTU4Mw==","repeats":1},{"count":1888,"lower_bound":"MTg5MTg4MTc0MQ==","upper_bound":"MTkxNzkzNDk1Ng==","repeats":1},{"count":1896,"lower_bound":"MTkyMTcyNzA1Ng==","upper_bound":"MTkzNzU4NjI1NA==","repeats":1},{"count":1904,"lower_bound":"MTkzOTM3OTg4OA==","upper_bound":"MTk1MTQ2ODM1Ng==","repeats":1},{"count":1912,"lower_bound":"MTk1MTk0NDc1Nw==","upper_bound":"MTk2NzI4OTkyOA==","repeats":1},{"count":1920,"lower_bound":"MTk3MDQ1NzA4Nw==","upper_bound":"MTk5Mjk2MzAwMg==","repeats":1},{"count":1928,"lower_bound":"MTk5MzAxNzYxMA==","upper_bound":"MjAwMDg2NjQyOQ==","repeats":1},{"count":1936,"lower_bound":"MjAwMzA3ODQ4MA==","upper_bound":"MjAwOTUzODY5MQ==","repeats":1},{"count":1944,"lower_bound":"MjAxMTI2MjYyMQ==","upper_bound":"MjAyNzcyODc3Ng==","repeats":1},{"count":1952,"lower_bound":"MjAyODUwMzA4OA==","upper_bound":"MjAzNjcxMzg5MQ==","repeats":1},{"count":1960,"lower_bound":"MjAzNzE0MjAwMA==","upper_bound":"MjA0MDUzODI3NQ==","repeats":1},{"count":1968,"lower_bound":"MjA0MzYxMjc4OA==","upper_bound":"MjA0NzcyNzExNg==","repeats":1},{"count":1976,"lower_bound":"MjA2MzkzMjk1NQ==","upper_bound":"MjA3MjU4MTAyNA==","repeats":1},{"count":1984,"lower_bound":"MjA4MzA0MTU4Ng==","upper_bound":"MjA5MzI4OTExNw==","repeats":1},{"count":1992,"lower_bound":"MjEwNzEwNTgzMQ==","upper_bound":"MjEyMzgxMDc3Ng==","repeats":1},{"count":2000,"lower_bound":"MjEzNTI5NTI5MA==","upper_bound":"MjE0MzI0MDExOQ==","repeats":1}]},"cm_sketch":{"rows":[{"counters":[1,3,0,1,2,0,2,4,1,0,0,0,0,0,3,1,0,0,0,1,1,0,2,1,1,3,1,0,0,1,2,1,0,2,1,2,1,1,1,1,0,3,2,3,5,0,3,0,2,0,0,0,0,1,0,1,0,1,0,3,1,0,0,0,0,0,0,3,1,3,0,2,0,0,1,1,1,0,0,0,0,2,0,1,2,1,0,0,2,1,0,1,0,1,1,0,0,0,1,1,1,0,2,2,2,1,0,3,1,3,1,0,1,2,1,1,2,0,0,2,0,1,2,0,1,1,0,3,0,1,1,4,1,1,0,0,4,2,2,0,1,0,3,2,1,1,2,1,3,2,1,0,1,0,0,0,0,2,0,0,0,2,0,0,0,0,1,0,1,0,1,3,0,1,0,0,0,1,0,3,1,1,1,1,0,1,0,1,0,0,0,1,0,2,3,0,0,0,0,1,2,2,0,3,2,1,0,0,1,2,0,1,2,3,0,1,1,1,0,2,1,0,1,1,0,0,1,1,0,0,0,0,1,0,2,2,2,1,1,0,3,0,1,0,4,1,0,2,0,0,0,1,0,1,2,1,1,1,1,1,0,1,2,1,1,1,0,0,1,0,1,1,1,1,1,0,0,1,0,2,1,1,0,0,3,0,1,1,1,2,0,1,0,1,1,2,0,1,0,1,0,1,0,2,1,1,1,0,1,1,0,2,2,1,0,2,1,1,0,0,3,1,1,0,2,2,2,0,2,0,0,1,1,2,1,2,0,1,3,0,0,0,1,0,2,1,1,2,0,1,0,1,1,0,1,0,3,2,2,1,1,0,2,0,0,3,1,0,2,1,2,1,1,1,2,1,0,1,3,3,1,0,1,2,0,0,1,0,2,1,0,0,0,0,1,0,0,0,2,2,0,1,3,2,1,1,0,1,0,0,2,0,0,1,1,0,2,2,1,1,1,0,1,2,0,0,1,1,1,0,3,1,0,1,0,0,2,0,0,0,0,0,1,0,0,1,3,0,2,2,0,2,0,1,1,0,0,2,1,1,0,1,1,2,3,2,1,1,1,1,1,0,2,0,2,1,4,1,1,0,2,1,2,0,5,2,2,0,3,2,1,1,0,1,2,3,1,0,1,4,2,0,0,2,0,3,1,1,1,0,0,1,0,3,1,2,0,1,0,0,0,0,2,1,1,0,1,3,0,1,0,0,0,2,2,0,1,1,0,2,1,0,1,0,2,2,0,2,2,1,0,0,1,1,4,2,1,0,1,1,3,2,1,1,0,1,2,2,0,2,2,0,0,2,0,3,1,1,1,0,0,1,3,0,1,0,0,2,1,1,0,0,2,1,1,1,0,1,0,2,3,1,0,0,0,0,1,0,2,0,1,0,1,1,2,0,3,2,0,0,3,1,1,0,1,1,1,2,0,4,0,1,1,2,0,0,1,1,0,0,0,2,0,3,0,1,2,2,1,2,1,0,2,1,0,0,2,0,0,0,0,1,1,1,0,0,0,2,1,3,1,0,0,1,1,0,0,0,0,1,0,1,0,1,0,0,1,3,0,1,0,2,1,0,0,0,4,0,2,0,1,0,0,0,0,1,3,0,0,0,2,2,2,1,2,0,0,0,0,1,1,2,1,3,0,2,2,3,2,1,1,1,0,0,1,1,1,0,5,0,0,1,1,2,2,1,1,1,4,1,2,0,1,0,0,2,4,2,1,1,3,1,3,0,1,0,0,0,0,1,0,2,2,0,0,2,1,1,0,1,3,1,0,2,1,0,1,2,0,0,1,4,0,1,0,0,1,2,0,0,2,0,1,2,2,1,1,4,1,1,1,0,3,2,0,1,0,0,0,0,0,0,1,1,2,0,2,0,0,0,0,1,0,1,2,0,0,0,0,1,1,0,0,2,0,2,0,2,0,2,1,0,0,1,2,0,1,1,1,2,0,2,1,1,0,0,1,0,0,3,3,0,0,1,0,3,1,0,0,0,0,2,1,0,1,2,0,1,1,1,1,0,0,1,0,2,1,0,0,1,1,0,3,1,2,0,0,1,0,0,1,2,1,0,2,2,0,1,1,0,2,1,2,1,1,1,1,2,1,1,1,0,0,2,1,1,1,0,2,1,2,3,1,2,1,0,2,2,0,0,0,2,0,1,0,2,2,1,1,0,0,1,2,2,2,0,0,0,0,0,3,1,1,0,2,3,1,0,1,0,0,1,0,1,1,1,0,0,1,1,3,1,0,2,1,0,2,0,2,3,0,0,1,0,1,3,0,3,2,0,0,1,1,2,3,0,2,0,0,0,3,0,0,2,1,1,0,1,1,1,0,1,1,0,0,1,1,1,0,1,1,1,2,0,0,1,1,0,2,0,0,1,0,5,2,6,1,0,2,0,1,1,1,1,0,0,0,2,1,1,1,1,2,2,1,0,0,0,0,4,1,0,2,1,2,2,2,1,1,0,1,0,0,2,0,3,1,0,1,2,1,3,0,1,0,1,0,2,1,1,1,1,0,1,0,4,1,0,1,1,1,1,2,3,0,1,0,0,0,0,1,0,1,1,0,2,1,2,1,0,1,2,1,0,1,1,0,0,2,3,0,1,1,1,0,1,1,0,1,0,0,3,1,2,0,1,1,1,1,1,2,0,1,1,0,2,1,1,1,3,1,1,1,0,0,1,0,1,1,0,2,0,1,0,5,2,2,2,1,0,0,2,0,2,1,2,1,3,0,1,0,0,1,0,1,1,3,1,0,0,0,0,1,1,1,2,1,2,0,0,2,1,1,1,1,3,2,2,1,0,0,1,1,1,1,0,3,1,1,4,2,0,3,0,0,2,1,0,1,2,0,2,4,0,2,2,0,2,1,1,3,0,1,0,1,1,2,1,0,0,2,2,1,1,2,3,0,0,0,0,1,2,2,0,2,0,1,0,2,2,0,3,0,1,0,0,0,1,2,0,0,3,1,1,0,3,0,0,1,2,0,2,1,1,1,3,2,1,0,1,1,2,0,0,1,0,0,0,0,1,0,2,1,4,0,0,2,1,1,0,0,1,0,0,0,3,1,0,0,1,1,0,3,2,3,2,4,0,1,1,1,0,0,2,2,0,0,0,1,0,1,2,0,0,0,1,1,3,0,0,2,2,0,2,0,1,2,1,2,2,0,1,3,1,0,0,2,1,2,1,1,2,2,0,1,0,2,2,1,2,1,1,2,1,0,0,0,0,1,1,0,1,2,1,0,1,2,1,0,1,0,2,2,2,1,1,0,0,1,1,1,1,0,0,2,0,3,1,1,0,1,1,0,1,0,0,1,1,4,0,0,2,2,2,1,1,2,0,0,1,0,1,0,0,1,1,0,2,1,1,1,2,1,0,1,3,0,0,2,3,0,0,3,0,0,1,0,1,0,2,3,0,0,0,0,2,1,1,2,0,0,2,1,0,1,1,2,1,1,1,1,0,1,0,0,1,2,2,1,1,0,2,2,0,1,3,1,0,1,1,0,3,0,0,0,0,1,0,1,0,1,3,2,2,0,1,3,1,2,2,2,3,0,2,1,2,2,1,0,1,1,1,0,2,0,2,2,1,2,5,0,3,1,0,2,1,1,0,0,1,1,0,0,1,3,0,0,3,2,1,0,3,2,1,1,0,1,1,1,2,0,0,1,2,1,1,2,1,1,0,1,2,2,1,2,0,1,0,1,0,1,1,0,0,1,1,2,0,0,1,0,3,0,0,0,0,2,0,0,1,1,1,0,1,1,2,1,0,1,0,0,1,0,0,1,2,1,0,1,0,2,1,1,0,0,0,1,4,0,0,0,0,0,0,0,0,0,1,0,1,2,0,1,2,2,3,2,0,0,2,1,0,2,2,3,2,0,2,2,1,2,2,0,0,0,0,1,2,1,0,1,1,2,0,0,1,1,0,1,3,0,2,1,0,0,0,3,2,1,0,0,1,2,1,0,2,0,0,1,1,0,1,0,0,0,0,1,3,0,1,2,0,1,0,2,1,3,0,1,1,1,0,1,1,1,1,1,2,0,0,0,1,0,1,0,2,0,1,0,0,1,0,0,0,2,1,0,3,0,0,0,2,1,1,1,3,1,0,0,1,1,2,1,2,0,2,0,2,0,3,3,1,2,2,0,2,0,1,3,0,0,0,0,0,3,0,1,1,2,1,0,1,0,0,0,1,1,0,1,2,0,1,0,2,1,0,2,1,1,1,0,1,1,2,0,0,0,1,2,2,0,1,0,0,0,0,0,0,2,1,1,1,0,0,1,0,0,2,2,2,1,2,5,1,0,0,1,2,3,0,4,2,2,0,1,3,1,2,3,0,0,1,1,2,1,1,1,1,0,0,2,0,2,1,2,0,2,2,2,0,1,2,0,2,0,2,0,0,1,0,3,2,0,1,1,0,1,1,0,1,1,2,0,2,0,0,0,1,0,0,1,0,1,4,0,0,1,0,0,0,0,1,1,0,2,0,2,1,2,0,2,2,0,3,1,3,1,2,1,1,0,0,0,2,1,0,0,3,0,1,1,0,2,0,2,1,1,2,2,1,0,1,0,1,1,1,2,2,2,2,0,0,3,1,2,2,1,1,3,2,1,2,1,1,2,0,4,2]},{"counters":[1,0,1,3,1,0,1,0,1,0,0,0,3,0,1,0,1,1,1,2,1,2,1,0,1,0,2,0,2,1,3,0,1,2,0,0,3,1,2,1,2,0,1,1,3,3,0,2,0,2,2,1,1,0,1,0,1,1,2,1,0,1,0,0,2,0,0,0,2,0,0,0,0,0,1,2,3,1,1,2,1,3,2,0,0,1,2,0,1,0,3,1,1,0,0,1,1,1,1,2,0,1,1,1,1,2,1,0,1,2,1,0,1,0,2,1,1,0,0,3,2,0,0,4,1,0,1,1,0,4,0,1,3,2,1,0,0,3,1,3,0,0,2,1,2,0,0,2,0,0,3,0,0,0,2,1,0,3,1,2,0,1,0,0,1,4,0,0,0,1,1,2,2,0,2,2,0,0,0,1,1,2,0,2,0,1,2,0,0,2,1,1,1,0,1,0,0,0,3,2,1,1,2,1,1,0,1,0,2,0,0,0,0,2,1,1,3,0,0,0,1,1,2,0,0,1,1,0,1,1,0,1,0,0,2,2,0,1,0,1,1,2,0,1,0,0,2,0,0,2,2,0,3,0,3,0,3,0,1,2,2,0,0,5,1,0,0,1,1,2,1,1,2,2,3,0,2,0,0,4,1,1,0,1,0,1,3,1,0,1,1,1,2,1,3,0,0,3,1,1,1,0,2,1,0,1,0,1,0,2,0,0,0,4,2,0,3,0,0,1,1,4,0,3,0,1,3,4,1,0,0,0,2,0,1,2,0,2,1,1,0,1,1,0,1,3,0,1,0,1,0,1,3,4,0,2,1,0,0,1,0,1,0,2,0,1,3,0,2,2,0,0,0,2,1,1,3,0,0,1,0,2,1,1,0,0,2,0,0,2,1,2,1,2,1,1,1,2,1,0,4,1,0,1,0,0,0,0,1,0,2,1,1,1,2,0,1,1,3,1,1,1,1,2,1,3,1,1,3,2,0,2,1,0,1,2,0,0,0,1,0,2,1,1,0,2,2,2,0,1,0,1,1,0,0,1,0,0,0,1,0,0,0,1,0,0,2,0,0,2,1,0,1,1,2,3,0,1,1,1,0,2,3,2,3,2,2,1,2,2,0,1,1,0,1,1,0,0,1,0,1,2,1,1,1,0,0,1,2,0,0,1,1,1,0,0,3,0,1,0,0,0,0,0,2,0,1,2,1,0,0,0,0,2,2,0,1,0,2,0,0,3,1,0,1,0,1,0,1,0,2,1,0,3,4,3,0,2,2,2,0,0,0,1,2,2,3,0,0,2,0,1,1,1,0,0,0,0,0,0,0,3,0,0,1,0,0,1,1,0,1,2,1,0,2,2,1,0,0,0,2,0,2,2,3,0,1,0,4,0,1,3,0,2,0,1,1,1,1,0,1,4,1,2,1,1,1,1,0,0,3,1,1,0,1,1,2,0,2,4,1,0,1,0,2,0,1,3,2,1,0,2,1,2,0,1,2,0,3,2,0,1,2,3,1,0,2,2,0,3,3,0,3,1,2,0,1,0,2,1,1,0,2,1,3,1,1,3,1,0,0,1,1,0,0,0,0,1,2,1,0,1,6,1,1,0,1,0,1,2,0,0,0,1,0,0,2,0,0,1,0,1,1,0,1,1,1,1,1,0,2,0,1,1,1,0,1,1,0,1,3,0,0,2,4,0,1,0,2,2,1,0,1,2,2,0,1,0,1,4,1,0,1,2,0,2,2,2,2,1,3,1,1,1,0,2,1,1,2,1,0,1,0,1,2,3,1,2,0,1,0,1,0,0,1,0,1,0,1,1,1,0,1,1,2,0,1,1,0,1,2,2,1,2,2,1,2,1,1,0,0,0,1,1,4,1,2,0,0,1,0,1,0,2,2,0,0,1,1,3,1,0,1,1,1,2,1,1,1,1,1,0,0,3,0,0,2,0,0,0,2,1,1,1,1,0,1,0,4,1,0,1,3,3,0,1,0,0,0,3,2,1,1,0,1,2,1,2,1,3,3,0,0,1,1,0,0,2,0,0,0,0,1,0,0,1,0,0,2,0,0,2,1,1,2,0,2,1,0,2,1,0,0,2,0,3,0,1,1,0,0,2,2,0,0,2,1,1,0,1,2,0,0,0,0,4,0,0,1,1,0,0,0,1,2,0,2,1,1,1,2,0,0,2,0,0,0,1,1,1,0,1,0,1,3,2,0,1,0,0,0,1,1,1,1,2,1,1,1,0,0,0,2,1,1,1,2,2,2,0,1,0,0,0,2,0,1,1,2,3,1,0,0,2,1,0,3,1,1,1,1,0,1,0,1,2,0,1,0,1,1,1,2,1,1,1,2,2,2,1,3,2,1,3,2,0,2,0,1,1,1,0,0,0,0,1,0,1,0,0,0,2,0,2,3,0,1,0,0,1,3,1,1,1,2,1,1,0,1,1,0,1,0,0,1,0,1,1,0,4,1,1,1,0,1,0,1,1,1,0,1,1,2,1,0,2,3,0,0,1,1,0,4,0,1,1,0,1,0,0,1,1,3,1,0,1,0,0,1,1,1,2,0,2,1,1,1,1,1,2,0,1,1,0,5,2,1,1,0,0,2,0,0,3,1,0,2,0,1,0,1,0,1,1,2,3,0,0,0,1,1,2,0,1,0,0,1,2,0,2,3,0,1,2,1,1,1,1,1,3,0,1,0,2,2,1,2,0,1,1,0,0,2,1,2,2,2,1,0,0,0,2,0,0,2,2,1,1,3,2,0,0,0,0,0,0,2,0,2,1,0,1,1,1,1,2,2,0,1,0,1,1,1,0,0,1,0,0,2,2,1,3,1,0,4,0,2,1,1,0,1,1,1,1,1,2,0,1,0,0,1,1,3,1,2,0,2,1,1,0,1,2,2,0,0,2,3,3,1,0,2,2,3,0,0,3,0,2,1,0,0,0,0,1,0,1,0,0,0,1,1,3,1,0,0,1,0,0,1,1,2,1,1,0,0,2,0,1,1,0,0,1,2,3,2,3,0,2,1,0,0,1,1,0,2,1,1,0,2,5,0,0,0,1,0,0,0,2,0,3,2,0,0,1,1,1,1,1,2,0,2,2,0,0,0,0,0,4,0,0,0,3,2,1,1,0,0,1,2,0,1,1,2,3,3,1,1,0,1,0,0,0,1,0,1,0,0,0,2,1,1,0,2,0,0,0,1,0,2,0,0,0,2,0,0,1,0,0,2,0,1,1,2,0,2,0,1,1,0,0,0,0,1,1,0,0,2,3,1,2,3,1,0,0,2,0,0,1,1,2,1,1,0,0,1,3,0,2,0,2,0,0,0,0,2,2,3,0,1,1,2,0,0,1,2,1,1,1,0,0,0,1,1,1,0,2,1,0,2,0,0,0,2,2,1,1,0,0,0,1,0,3,2,0,0,0,1,0,0,2,0,3,1,3,0,2,2,0,1,0,1,0,0,3,0,4,0,1,0,0,1,0,1,1,2,3,1,2,2,0,2,1,2,0,3,1,1,2,3,2,2,0,0,1,4,1,2,1,0,2,0,1,0,1,0,2,1,1,1,0,1,0,0,2,0,0,0,0,2,0,1,0,2,1,1,2,3,0,0,0,0,0,1,1,0,3,0,1,0,1,2,1,0,1,0,1,0,0,0,1,0,0,0,1,0,1,3,1,0,1,3,3,3,1,1,1,2,1,1,1,1,2,1,1,1,1,3,0,3,2,0,0,1,1,1,3,0,1,0,0,0,0,0,1,1,1,1,2,0,0,1,2,1,1,0,2,1,0,1,1,0,0,0,2,1,1,3,1,0,2,1,1,1,2,1,1,1,4,0,1,3,1,1,2,1,1,3,0,0,0,3,2,2,0,0,0,3,0,0,1,0,2,2,1,0,1,0,1,2,2,2,0,0,1,0,1,2,0,0,0,1,3,2,0,1,1,0,2,1,0,1,1,0,2,2,1,0,1,1,2,0,1,1,0,0,0,1,1,1,1,1,0,0,1,1,1,0,1,2,1,1,1,2,0,1,0,2,1,1,0,1,1,1,0,1,2,1,2,0,1,2,2,2,1,1,2,0,0,0,2,4,2,0,2,1,1,0,1,1,1,1,1,0,3,1,2,2,2,0,1,2,0,3,0,1,0,1,1,0,0,1,0,1,2,2,2,1,1,0,1,2,1,1,1,0,0,1,3,1,1,0,1,1,1,1,0,0,1,2,1,1,1,0,1,1,1,0,3,0,0,0,0,2,2,0,1,0,2,1,1,1,1,1,1,1,1,2,0,2,1,1,0,0,1,1,0,0,0,0,0,2,2,0,1,0,0,0,2,2,0,1,2,4,0,0,2,2,0,1,0,0,1,0,1,0,0,0,0,1,0,0,2,0,3,0,1,1,1,3,4,2,3,0,0,1,5,4,1,0,1,2,1,1,1,0,4,1,0,1,0,1,0,1,3,1,0,0,1,1,1,0,0,4,2,0,2,1,0,0,1,1,0,0,1,1,1,1,0,0,0,1,1,0,3,1,0,1,3,2,0,0,1,2,1,0,0,0,1,0,1,2,0,1,1,1,0,1,1,0,1,0,1,1,1,0,3,0,2,1,3,1,0,0,0,0,0,2,1]},{"counters":[0,0,1,0,1,0,3,0,1,1,1,0,2,1,2,0,2,0,1,2,1,0,2,0,1,0,0,2,1,0,0,1,0,1,2,1,0,1,0,1,1,1,1,1,1,1,2,0,1,1,3,1,1,5,1,2,1,0,2,1,2,0,0,0,2,1,0,0,2,0,4,1,1,1,1,1,1,1,0,1,2,1,0,3,0,0,2,0,2,0,0,0,2,0,0,0,2,3,2,1,0,2,0,0,1,0,1,0,1,0,1,0,0,0,1,2,0,2,1,1,0,2,1,2,0,2,1,1,0,0,2,1,2,0,3,1,1,0,1,0,0,0,0,1,0,0,0,2,0,1,1,1,2,1,0,0,2,0,2,2,1,0,2,0,1,2,1,1,0,0,0,1,1,0,0,3,1,2,0,0,2,2,1,2,1,1,1,1,1,1,1,1,1,0,2,2,1,1,2,1,0,2,1,0,1,0,0,1,0,1,0,1,1,0,1,1,1,1,1,1,0,1,0,0,0,0,2,2,0,1,1,3,0,2,2,0,3,1,2,1,2,0,0,0,1,1,0,0,0,1,2,1,0,1,0,1,2,3,1,1,2,2,0,0,3,2,1,2,0,1,3,1,1,0,1,4,1,0,1,1,2,0,0,0,0,0,5,0,4,3,0,1,0,0,0,1,0,2,2,0,1,0,0,1,2,1,1,2,1,0,0,1,2,2,1,2,2,0,1,0,2,2,0,3,2,2,1,1,0,0,0,0,1,2,2,0,0,1,2,1,1,0,1,1,1,1,0,2,0,0,2,0,0,2,2,1,1,1,1,0,2,0,2,2,1,1,0,1,0,1,0,1,1,1,1,1,2,2,0,0,1,1,0,2,1,1,2,2,1,1,1,1,1,0,1,2,0,2,1,1,1,1,0,0,0,2,1,0,1,1,2,0,0,2,0,0,1,1,1,0,0,0,0,0,0,0,0,0,0,1,0,3,0,1,1,1,1,1,1,1,1,1,0,1,1,1,4,2,2,0,1,0,0,1,1,1,0,1,0,2,1,2,0,1,1,1,2,2,0,0,1,0,1,0,0,1,1,1,1,2,1,2,1,1,0,0,0,1,0,1,0,2,1,0,0,1,1,0,4,4,1,3,2,0,1,1,1,0,2,1,0,2,0,0,2,1,0,1,1,0,1,1,2,0,2,0,1,1,0,1,1,1,0,0,2,2,2,1,2,1,1,1,0,1,0,2,0,2,0,3,0,1,2,3,2,2,0,2,0,2,0,0,0,0,1,0,2,1,0,2,0,0,1,1,2,1,1,0,1,2,3,3,2,0,1,0,0,2,0,3,1,1,1,1,0,1,0,1,2,2,2,1,0,0,0,0,0,1,0,0,0,0,2,0,0,1,0,2,1,2,1,3,1,1,0,1,2,2,1,1,0,0,3,0,3,1,0,1,0,1,1,0,3,2,1,0,1,2,1,1,1,3,1,2,1,0,1,2,1,0,2,1,1,0,3,2,0,0,2,0,2,3,1,1,1,1,2,2,3,2,0,1,0,1,5,1,1,1,1,0,1,0,2,1,0,0,2,1,1,0,0,1,2,0,1,0,0,1,1,0,1,1,1,0,0,0,1,2,4,0,0,1,4,0,1,0,0,2,1,2,1,2,1,1,2,2,0,1,1,2,1,1,0,1,2,1,3,1,1,4,0,0,1,0,1,1,0,0,0,3,1,1,0,2,1,3,1,0,1,1,0,3,1,1,1,0,0,0,0,1,1,0,1,3,0,2,1,0,2,1,1,2,2,0,2,2,3,2,0,0,2,1,1,2,1,1,3,0,0,2,1,0,1,3,1,0,1,0,1,2,0,1,0,0,0,2,1,1,1,0,1,3,1,3,1,1,2,1,1,0,1,1,1,1,2,0,2,1,0,2,0,0,3,0,1,1,2,1,0,1,0,0,1,1,1,2,2,2,3,1,3,1,0,1,2,0,1,3,0,1,0,0,1,1,1,2,1,2,0,0,0,2,0,1,0,2,3,1,1,0,4,1,1,1,3,2,2,0,1,0,0,1,0,2,2,1,0,2,3,1,1,0,0,3,1,1,0,3,0,0,0,0,1,1,2,1,2,0,0,1,0,3,0,1,1,0,2,3,1,1,1,0,0,0,0,1,1,0,1,2,0,1,1,0,2,2,1,0,2,0,1,1,1,0,0,0,0,1,0,2,1,0,0,3,0,1,1,0,0,0,0,0,2,0,1,0,1,2,0,0,0,0,0,0,2,2,0,3,4,0,1,1,0,3,3,0,0,1,1,2,0,1,1,1,1,1,1,0,0,3,0,2,1,0,2,3,1,4,2,2,1,1,1,0,0,0,3,0,0,0,0,0,2,1,0,1,1,2,1,0,1,0,3,1,1,2,0,1,0,4,3,3,2,0,1,0,0,0,1,1,0,1,0,2,2,0,0,0,1,0,2,0,3,2,2,1,0,1,0,0,1,1,1,1,0,2,1,0,0,0,1,1,1,1,1,3,1,0,0,1,0,0,1,1,2,0,1,0,2,5,0,0,1,0,0,2,1,0,2,1,0,0,1,0,0,0,1,0,1,0,1,0,1,0,0,0,1,0,1,2,1,0,0,1,2,3,1,0,0,4,0,2,1,1,0,1,0,1,0,2,3,0,1,1,2,0,0,4,1,0,1,1,0,1,2,0,4,1,0,0,0,0,1,0,2,1,1,1,0,0,0,2,2,2,1,0,1,1,0,2,1,3,1,1,0,3,0,1,3,0,1,0,0,0,0,0,0,2,0,1,1,1,0,1,1,3,2,1,0,0,0,1,0,0,0,0,0,2,0,0,0,0,1,3,1,5,1,2,0,1,0,1,1,1,1,4,1,2,0,1,1,2,0,2,3,3,4,1,3,1,2,1,0,0,1,1,2,0,1,3,2,2,0,1,2,1,1,1,0,1,1,1,0,1,1,0,2,0,0,1,0,2,0,1,0,0,3,2,0,1,0,1,1,1,1,2,2,0,1,0,3,0,0,1,0,1,0,1,1,2,3,0,0,4,0,0,1,3,1,0,0,0,1,2,0,2,1,1,1,1,0,0,0,2,4,1,1,0,3,1,2,2,3,1,0,1,1,3,2,3,1,0,1,0,2,0,0,0,0,0,4,1,0,0,0,2,0,1,0,2,0,1,0,0,0,1,1,0,1,2,1,1,0,1,2,1,2,1,0,1,0,0,0,1,0,3,1,2,0,2,1,0,0,3,3,2,1,1,1,0,0,0,0,1,2,1,2,0,1,1,1,1,0,3,1,1,0,0,2,1,0,0,2,0,0,1,0,0,0,0,0,1,0,1,0,0,0,0,0,0,3,1,0,1,1,1,1,0,1,3,0,1,0,0,3,1,1,0,0,1,0,0,2,2,1,3,2,0,1,0,1,3,1,1,0,0,0,1,0,1,1,1,1,0,0,4,2,0,0,1,2,1,0,1,1,2,2,3,4,0,1,2,0,1,1,3,1,1,0,1,1,0,1,1,2,0,0,0,0,1,0,2,1,1,2,1,0,1,3,3,1,1,0,2,1,3,0,0,1,0,0,1,1,0,1,2,3,1,0,2,0,2,0,0,0,1,1,1,0,0,0,0,1,0,2,0,3,3,1,1,0,2,0,0,1,1,1,2,0,0,1,1,0,2,1,0,1,1,2,1,2,1,0,1,0,0,1,1,1,2,1,0,2,0,2,1,2,2,2,2,1,3,1,2,1,0,1,0,1,1,0,0,0,1,0,1,0,0,0,2,0,3,1,2,2,1,1,1,1,0,0,1,2,2,0,1,1,2,1,1,1,0,2,2,2,0,0,0,0,1,0,2,1,0,0,3,0,1,1,0,1,2,0,0,2,0,0,0,2,0,0,0,2,1,1,2,0,2,0,2,0,4,1,4,1,1,1,0,1,3,1,0,0,2,1,0,0,1,3,2,0,0,1,2,1,1,1,2,1,2,0,0,1,2,0,2,1,1,2,0,0,1,0,0,0,1,1,0,1,1,1,1,2,0,0,1,2,2,1,2,2,1,2,2,1,1,1,2,2,2,0,2,4,1,0,2,1,0,0,1,0,1,2,3,1,0,0,1,1,0,0,1,1,1,0,2,1,0,2,2,1,1,0,0,0,1,1,0,2,0,3,3,3,1,0,0,1,0,1,1,0,0,2,1,1,2,0,1,2,1,0,0,1,2,1,1,0,1,2,1,1,0,1,0,1,0,0,1,3,0,0,0,2,1,1,0,3,2,0,2,1,2,2,1,0,1,1,0,2,1,2,1,0,1,3,2,0,0,0,1,0,1,2,2,3,2,1,0,4,1,1,0,1,0,1,2,2,4,0,0,2,1,1,0,1,0,1,1,2,0,0,3,0,1,1,0,0,0,0,2,1,1,0,3,0,1,2,1,0,1,3,0,1,0,1,1,1,3,1,0,1,0,1,0,1,2,2,1,1,0,0,1,0,2,0,1,0,2,0,0,2,2,0,0,0,0,0,2,2,1,2,3,1,1,0,0,3,0,2,1,1,0,0,0,0,0,2,2,0,0,1,1,0,2,2,0,1,2,3,2,1,3,1,1,2,2,1,0]},{"counters":[0,0,1,1,2,1,1,0,1,1,1,4,1,1,3,1,3,1,0,3,1,0,1,1,1,0,1,3,1,1,0,2,0,2,0,3,1,3,0,1,1,3,1,0,1,0,0,3,2,1,1,2,0,0,1,0,2,1,0,1,0,1,2,3,3,2,1,1,1,0,1,0,2,1,2,1,1,2,1,1,1,0,4,2,2,1,3,0,0,0,1,2,2,1,0,1,2,1,0,0,1,0,1,1,1,0,2,1,1,1,1,0,1,1,0,0,0,0,0,1,2,0,0,1,2,2,0,1,1,1,0,2,1,1,3,1,3,2,0,2,2,3,1,2,0,3,2,0,0,3,1,0,0,2,1,2,0,0,0,0,1,2,1,0,1,2,1,1,2,2,1,2,2,2,1,1,1,2,1,0,0,0,0,1,2,0,1,1,0,3,1,3,1,1,0,0,3,1,1,1,0,2,0,2,1,2,1,4,1,0,1,0,0,0,1,0,1,2,1,0,3,4,3,1,3,1,3,4,0,0,0,2,2,0,2,1,1,1,1,0,1,0,1,1,0,1,0,1,3,2,0,3,2,1,1,0,1,0,0,3,1,2,0,3,0,1,2,0,0,0,0,0,0,2,1,5,1,2,3,1,4,0,1,2,1,0,1,1,1,1,1,1,2,1,3,0,1,1,1,0,2,0,0,1,3,0,1,1,0,0,2,0,0,0,1,1,1,1,1,0,0,0,2,0,0,1,2,2,0,1,1,1,2,1,2,0,1,5,0,0,0,0,0,1,1,1,0,1,0,1,0,0,1,1,4,0,0,0,0,1,0,0,2,2,0,1,2,0,0,0,0,1,0,0,0,0,1,0,0,1,0,1,2,0,3,2,2,1,3,1,1,2,3,1,1,2,0,1,1,0,1,0,1,1,2,0,1,0,0,1,3,2,2,0,1,1,1,0,0,3,2,3,0,1,1,3,4,0,0,1,1,1,1,0,2,0,2,2,0,0,0,2,1,0,1,1,2,0,2,1,0,3,1,1,2,1,1,0,0,1,1,1,0,0,0,1,0,0,1,0,0,1,1,1,1,0,0,0,1,3,1,1,0,1,1,1,0,1,1,1,3,0,3,0,2,2,0,0,2,0,0,0,2,2,0,2,3,1,1,4,3,0,1,2,0,2,0,2,0,3,1,1,3,2,0,0,1,2,1,3,3,0,2,0,1,3,1,0,0,1,0,0,2,0,0,0,2,1,2,3,0,2,2,1,1,0,2,0,1,1,0,0,0,1,0,0,0,3,1,1,1,1,1,1,0,1,1,2,2,3,0,0,2,1,0,0,1,0,1,2,1,0,1,0,2,0,0,1,3,2,1,1,0,2,0,2,2,0,1,4,3,0,4,2,0,0,0,2,2,0,2,1,1,0,2,0,0,2,1,1,0,0,1,1,0,1,0,0,1,0,0,1,1,1,0,2,1,3,0,0,0,0,0,0,0,1,0,0,1,1,1,0,1,4,1,1,0,0,0,1,4,1,0,2,1,0,1,1,0,1,0,0,3,1,1,2,0,2,1,0,0,1,4,1,3,0,2,0,2,3,1,1,2,0,0,1,0,1,0,0,1,4,3,1,1,1,2,0,0,1,1,0,2,0,0,0,1,2,0,0,2,0,0,0,3,0,2,1,0,1,1,0,1,0,1,1,2,1,1,1,1,0,3,0,1,1,0,2,0,3,1,1,0,3,0,1,0,0,1,1,2,3,1,1,1,0,1,1,1,2,0,0,0,3,1,1,0,1,1,1,1,1,1,0,1,1,1,2,1,1,1,1,2,2,2,0,1,2,0,3,0,1,0,0,1,1,0,3,2,1,2,2,1,2,2,2,2,0,3,0,0,1,0,1,1,1,0,0,0,0,3,0,0,2,1,1,0,1,1,0,0,1,1,0,0,1,2,1,0,0,1,0,0,2,2,3,0,0,1,1,1,0,1,1,2,1,1,1,1,1,0,1,2,1,3,1,0,2,1,1,3,0,2,1,1,1,1,2,2,2,0,2,0,0,0,0,0,1,0,1,2,1,2,0,0,0,1,3,1,0,0,0,1,0,2,1,1,2,1,1,1,0,0,1,0,0,1,0,1,1,0,0,2,1,1,0,0,1,0,1,0,1,1,1,2,1,1,1,1,0,0,0,1,0,0,0,1,1,0,2,0,1,0,1,1,1,0,3,1,1,1,2,0,0,2,0,1,1,1,2,0,2,2,0,1,1,2,3,0,0,0,0,1,1,2,2,0,0,2,0,0,1,2,0,2,1,0,1,1,0,1,0,0,1,0,1,1,0,3,1,1,0,1,2,1,1,0,1,0,1,2,1,1,1,0,1,1,2,0,1,1,1,0,1,0,1,1,1,3,0,3,0,1,1,0,0,2,0,2,1,0,0,2,0,0,0,1,0,2,2,1,2,1,1,3,2,0,0,0,2,2,1,1,1,2,0,0,0,2,1,2,2,0,0,1,1,0,0,1,0,0,0,1,0,2,1,1,0,0,0,1,3,1,0,2,2,1,1,0,0,1,1,2,2,0,0,0,0,0,0,1,1,2,1,0,0,0,1,1,1,0,2,4,0,0,1,0,3,1,0,0,0,0,0,2,0,1,0,1,1,0,2,1,1,2,0,1,0,0,1,0,1,0,1,0,1,0,1,0,1,0,1,2,1,0,3,2,1,1,1,2,1,0,1,0,0,2,1,1,0,0,1,0,1,0,0,0,1,2,1,1,1,3,0,0,1,1,1,1,0,0,0,0,0,1,2,1,0,0,0,1,0,1,0,1,1,0,0,0,1,0,1,1,1,0,0,1,2,1,2,1,0,4,2,0,1,1,1,2,0,0,1,1,1,3,0,1,1,0,0,2,2,0,0,2,0,0,2,0,2,1,1,0,0,1,1,1,3,0,1,0,2,0,3,2,2,2,1,0,2,2,2,1,1,1,0,2,2,1,0,2,0,1,1,2,0,3,0,1,2,0,1,0,2,1,3,1,1,1,1,1,2,1,0,0,1,2,0,0,1,0,1,2,0,0,0,2,1,0,1,0,0,1,1,0,0,0,2,2,3,1,1,0,0,2,3,1,3,0,1,0,0,2,1,1,1,2,0,0,1,0,1,1,2,0,0,2,0,0,2,0,0,1,4,1,0,3,1,3,1,1,0,2,1,1,2,1,1,2,0,1,1,2,3,1,3,0,2,1,4,1,2,2,1,0,2,1,3,1,2,1,1,0,1,1,2,1,2,0,0,3,1,2,1,0,1,2,3,4,1,2,3,0,0,2,3,1,0,0,2,1,1,0,0,1,0,3,2,1,0,0,0,0,0,0,1,1,2,2,0,0,1,1,0,2,1,2,5,1,0,0,0,1,1,0,1,0,1,0,0,2,0,0,1,1,0,0,0,1,0,1,1,2,0,2,1,2,1,1,0,4,2,1,0,4,1,1,0,1,1,2,0,0,0,1,0,0,1,1,0,0,0,2,2,0,0,1,1,0,1,0,1,0,0,2,3,2,0,1,2,2,0,0,0,1,1,1,2,1,1,0,1,1,1,4,0,1,1,4,0,1,1,1,2,1,1,1,1,2,1,1,1,2,1,0,0,1,3,1,1,1,1,1,0,0,1,1,0,1,1,0,1,3,0,0,2,2,2,1,1,0,0,0,0,0,0,1,0,1,1,3,0,1,0,0,0,0,1,1,1,3,3,0,1,0,0,0,3,3,1,0,1,2,1,0,2,0,0,0,0,0,0,1,2,0,0,3,1,1,0,1,0,3,1,1,0,2,1,0,0,0,0,1,1,3,0,0,3,0,4,1,0,1,2,1,1,0,0,0,0,3,2,1,0,1,1,1,1,1,2,1,1,2,2,1,0,1,1,0,0,0,0,0,2,0,1,1,2,0,1,1,2,1,1,0,2,1,2,1,2,1,1,1,1,0,2,2,0,1,1,0,0,2,3,1,1,0,3,0,0,1,0,1,3,2,2,1,1,0,0,1,1,2,2,0,0,2,0,1,0,0,2,1,0,1,2,1,0,1,1,3,0,3,0,2,0,2,0,0,1,0,1,0,1,2,1,0,2,0,0,0,1,1,1,2,0,0,3,1,0,3,3,1,0,3,1,1,4,1,2,1,0,2,0,1,3,1,0,2,1,2,2,0,1,1,0,1,2,0,0,0,0,1,0,1,2,2,1,3,0,1,0,1,2,1,2,2,0,0,0,2,0,3,0,0,1,1,1,2,2,0,1,1,1,1,0,2,2,1,0,0,3,1,0,2,2,1,1,1,0,1,2,0,4,1,2,1,1,1,2,1,2,1,1,0,2,3,2,0,1,1,0,3,2,1,2,1,1,1,1,0,1,1,2,0,2,0,0,2,1,1,0,2,0,1,0,0,0,1,2,1,0,3,1,0,0,0,0,1,0,1,3,1,0,0,1,0,1,0,2,0,0,0,1,1,2,1,1,2,0,1,3,1,0,2,2,0,1,0,1,1,1,1,1,0,2,1,0,0,1,0,0,2,4,0,0,0,1,0,1,0,1,2,1,2,0,0,0,0,0,0,1,1,1,0,0,1,0,1,0,2,0,1,1,0,0,0,1]},{"counters":[2,0,0,0,1,0,1,2,1,0,2,1,1,1,1,0,0,5,2,0,0,0,0,1,0,1,1,1,0,1,1,1,1,1,2,1,1,4,6,2,0,1,2,3,1,2,3,2,1,2,0,0,1,2,0,1,1,1,1,2,2,0,3,0,0,0,1,2,3,0,0,0,1,3,1,2,3,0,0,1,1,1,0,2,1,1,1,1,1,0,0,1,0,1,0,0,3,1,1,2,1,0,1,0,0,0,1,1,0,1,1,0,1,0,1,2,0,0,0,0,2,0,1,1,0,0,1,1,4,0,1,1,1,1,2,1,0,2,1,0,3,2,0,0,1,0,2,1,0,2,2,4,0,0,1,0,2,1,1,0,1,0,1,2,3,0,0,1,1,0,0,0,2,0,1,1,0,2,0,2,2,0,1,0,1,1,1,1,1,1,1,1,1,3,1,2,3,0,1,0,1,0,1,1,2,1,1,0,1,1,3,1,0,1,1,3,1,0,1,0,0,0,0,0,1,0,2,1,0,0,0,0,0,1,1,1,0,0,1,2,1,0,2,0,2,0,0,2,1,3,0,1,1,2,1,0,2,1,1,1,2,3,2,0,0,2,1,0,1,0,0,3,1,1,0,0,0,1,0,0,0,2,1,2,1,2,0,3,3,0,1,0,0,2,0,3,0,1,1,1,0,2,0,1,1,0,0,1,4,1,0,1,1,1,0,2,0,0,0,2,1,0,0,1,1,1,0,0,1,1,0,3,0,0,0,0,2,3,1,1,1,1,2,0,1,0,2,1,3,1,2,1,1,0,1,0,1,1,3,3,0,1,2,1,0,0,0,1,0,2,0,1,1,0,1,2,1,0,1,1,2,0,2,2,0,2,3,2,1,0,3,1,0,1,1,0,1,0,1,2,0,0,0,1,0,0,0,1,0,1,1,1,0,0,1,2,0,0,2,2,1,0,0,5,1,1,2,1,0,1,0,3,1,1,0,2,0,1,0,1,0,0,0,3,0,1,2,0,3,0,2,1,1,2,1,1,0,2,1,1,1,0,0,1,1,0,0,1,0,0,0,2,2,2,1,4,0,0,0,2,1,0,2,1,0,0,1,2,2,2,1,2,0,0,0,0,0,1,1,3,0,0,1,1,3,1,1,2,0,0,0,0,4,1,2,1,1,1,1,1,0,1,0,1,1,0,0,0,0,0,0,0,1,0,1,2,2,0,3,0,1,3,0,1,1,2,0,0,1,1,2,0,0,1,1,2,1,0,2,0,0,0,1,1,0,0,0,0,2,2,0,1,0,0,1,4,0,0,2,0,2,0,2,1,0,0,0,1,1,0,0,0,4,1,0,1,1,0,1,0,1,0,3,0,0,0,0,0,1,0,2,2,1,1,2,3,0,4,1,1,0,0,0,2,0,1,1,3,2,2,2,2,2,1,1,3,1,2,1,2,0,1,0,0,0,3,2,3,1,1,0,2,0,0,2,0,2,2,0,0,0,2,3,2,1,0,1,0,1,1,2,3,0,1,0,1,1,0,2,0,2,1,2,0,1,1,1,2,1,0,2,0,1,1,1,1,1,1,0,2,0,0,1,2,0,4,1,0,0,4,2,1,1,1,0,1,1,2,0,1,0,0,2,2,0,2,1,1,2,1,1,0,2,0,0,2,0,0,0,0,0,3,2,3,1,2,0,2,0,0,2,2,2,0,1,1,1,1,0,0,0,0,0,2,0,2,0,0,1,1,2,0,0,2,1,1,0,0,1,1,2,1,3,1,0,1,2,1,0,0,2,1,1,4,1,0,1,1,0,2,0,0,2,0,1,0,2,2,0,0,3,2,1,0,0,2,2,0,0,1,1,0,0,1,0,0,4,0,0,2,0,0,1,3,0,1,0,0,1,0,1,2,2,2,2,0,2,1,1,0,2,4,1,0,1,3,1,1,0,4,0,1,0,2,2,2,0,2,1,2,0,0,0,1,0,1,1,0,1,0,1,2,2,0,2,0,0,2,2,1,3,1,0,1,2,2,0,1,1,1,0,0,0,2,1,2,1,4,3,0,1,1,2,2,1,3,1,0,3,2,1,1,0,1,2,0,0,0,0,2,1,3,1,1,1,1,1,0,0,0,0,0,1,1,0,0,0,2,2,0,0,2,1,1,0,0,3,1,0,1,0,2,1,0,0,0,4,1,2,1,0,1,1,1,1,0,1,1,3,0,2,0,1,1,2,1,0,2,0,0,0,2,2,1,0,1,0,0,0,0,2,1,2,1,1,0,0,0,0,0,0,1,2,1,0,0,1,1,0,2,1,0,0,2,1,0,1,0,0,0,1,0,2,1,0,0,1,2,1,0,2,2,0,0,2,0,1,0,0,2,2,0,3,2,0,0,1,0,0,1,0,2,0,3,1,2,1,1,2,1,0,3,1,1,0,2,2,2,1,0,1,3,2,2,2,0,2,1,0,1,3,1,0,2,2,1,0,1,0,2,0,2,2,1,3,3,2,1,1,2,1,0,3,0,2,2,2,0,1,1,1,2,0,1,2,2,2,0,0,0,1,0,2,1,2,3,1,0,1,0,1,3,0,0,0,1,1,0,0,1,2,0,0,4,0,0,0,2,1,0,2,2,0,1,1,0,0,0,0,0,0,2,1,1,1,1,1,1,2,0,2,1,0,0,0,2,0,0,1,1,3,0,0,2,1,0,2,0,1,0,4,0,4,0,0,1,1,1,0,0,3,0,4,1,1,0,1,3,0,0,0,0,0,2,1,1,1,1,0,0,2,1,1,2,1,3,1,1,0,2,1,1,1,1,0,1,1,0,0,3,0,0,0,0,2,0,1,0,1,0,1,1,1,2,1,0,3,2,0,2,1,2,0,1,0,1,1,3,0,1,1,1,0,1,1,1,1,0,0,0,1,0,2,1,1,1,2,0,0,0,1,0,0,2,3,3,0,1,2,2,1,3,0,3,0,2,1,4,0,2,1,0,2,1,4,1,3,1,1,3,1,4,0,0,0,0,4,0,1,2,4,0,2,0,3,1,1,0,1,1,1,1,0,1,0,1,0,0,1,1,2,1,0,0,0,0,3,0,0,3,0,0,1,3,0,1,0,0,0,2,1,0,0,0,1,0,0,0,0,2,0,0,2,0,1,2,0,0,1,2,1,0,1,1,1,0,3,3,0,0,0,1,0,1,0,0,1,1,0,1,1,2,3,3,2,2,0,1,0,0,2,1,1,0,0,0,1,1,3,2,1,1,0,1,0,1,1,2,2,1,1,0,0,0,0,2,1,2,1,0,1,2,3,2,0,0,1,1,0,0,3,1,0,0,0,2,0,0,2,0,4,2,0,1,1,2,0,0,1,0,1,0,1,2,1,1,1,2,1,1,0,2,3,1,0,0,0,0,1,1,2,0,3,1,0,1,0,0,2,4,1,0,0,2,0,1,1,0,0,1,1,3,0,0,0,3,2,0,1,2,0,2,1,2,1,1,1,3,0,1,0,2,0,0,2,2,2,2,2,0,2,0,1,2,0,1,2,5,0,1,0,2,2,0,4,0,2,3,0,0,0,2,1,1,2,0,2,0,0,1,2,0,1,1,2,2,3,1,2,3,3,0,0,0,1,0,0,0,1,2,2,0,1,1,1,2,0,2,2,2,3,1,0,0,1,3,0,2,3,1,1,3,1,3,0,0,2,3,0,1,0,0,0,2,1,1,2,2,1,1,0,0,1,3,2,1,0,0,0,1,0,1,0,1,3,0,1,2,4,0,3,0,1,2,1,4,2,2,0,0,1,0,2,0,2,1,3,0,0,0,3,2,1,3,0,1,0,1,1,2,0,1,0,4,1,2,1,0,0,2,0,0,0,0,3,2,1,2,2,0,0,1,0,0,2,0,1,0,0,1,0,1,0,0,1,0,1,0,2,0,2,2,0,2,0,0,1,0,1,0,0,0,1,0,2,1,1,1,0,2,0,0,1,0,0,4,0,3,0,1,1,1,3,0,0,1,0,0,0,1,1,2,0,1,1,0,1,2,0,1,2,3,2,0,1,1,0,1,3,0,0,0,0,2,2,1,0,0,0,0,0,3,0,1,2,1,0,0,0,1,0,0,1,3,1,1,1,0,0,1,2,0,0,3,0,1,0,0,0,1,0,0,0,1,1,0,0,0,1,1,2,1,0,1,1,2,1,0,2,1,2,1,0,0,1,4,2,0,1,0,1,1,1,2,0,2,0,0,0,1,0,1,2,2,1,0,0,2,1,1,2,0,0,2,2,1,0,1,0,2,3,1,0,1,0,2,1,1,1,1,2,1,0,0,3,1,1,0,1,0,0,2,1,0,2,0,3,3,1,0,0,1,1,1,3,0,3,0,0,1,3,0,2,0,0,2,0,2,0,0,1,1,0,0,0,0,0,1,0,1,0,1,1,1,1,0,1,2,1,2,1,2,0,1,0,0,1,0,1,2,1,1,0,0,0,0,1,0,1,1,1,2,2,1,1,0,0,3,1,0,0,1,1,4,0,1,0,0,1,1,0,0,1,1,1,2,1,0,2,0,2,1,1,0,2,1,0,1,1,2,0,0,4,2,3,2,1,1,1,1,1,2,0,1,1,2,1,1]}]},"null_count":0,"last_update_version":397952045772439552}},"indices":{},"count":2000,"modify_count":0,"version":0}