{"database_name":"test","table_name":"tbl_001","columns":{"a":{"histogram":{"ndv":2000,"buckets":[{"count":8,"lower_bound":"LTIxNDE0MjY2MTQ=","upper_bound":"LTIxMzI2NzI3NTA=","repeats":1},{"count":16,"lower_bound":"LTIxMjY0MDYzMDQ=","upper_bound":"LTIxMDM3NTU3OTU=","repeats":1},{"count":24,"lower_bound":"LTIwODQxNDY4NTU=","upper_bound":"LTIwNjIxODYwOTI=","repeats":1},{"count":32,"lower_bound":"LTIwNjIwNDQxMzI=","upper_bound":"LTIwNTg1NTkyNDY=","repeats":1},{"count":40,"lower_bound":"LTIwNTgzNjg4ODc=","upper_bound":"LTIwNDE5NzQ4OTI=","repeats":1},{"count":48,"lower_bound":"LTIwMzUxMzM2OTE=","upper_bound":"LTIwMzIzMDkyOTE=","repeats":1},{"count":56,"lower_bound":"LTIwMzIwMTg0ODA=","upper_bound":"LTIwMDE1NTQzOTY=","repeats":1},{"count":64,"lower_bound":"LTE5OTI2MTkyNzA=","upper_bound":"LTE5NzA0NzkxMTQ=","repeats":1},{"count":72,"lower_bound":"LTE5NjY4NjcxNjE=","upper_bound":"LTE5NTM1NTEyMTg=","repeats":1},{"count":80,"lower_bound":"LTE5NTA0ODQwMDg=","upper_bound":"LTE5MTk5OTIzNDQ=","repeats":1},{"count":88,"lower_bound":"LTE5MTU1Njc3Nzg=","upper_bound":"LTE4OTk1MDM3NjE=","repeats":1},{"count":96,"lower_bound":"LTE4OTQ5MTM4MzA=","upper_bound":"LTE4ODMwNzIwODQ=","repeats":1},{"count":104,"lower_bound":"LTE4ODA4NDgwMDE=","upper_bound":"LTE4NTU1MzIyODY=","repeats":1},{"count":112,"lower_bound":"LTE4NTUxMTQ3MzI=","upper_bound":"LTE4MzY2NDk1MTQ=","repeats":1},{"count":120,"lower_bound":"LTE4MzQ3OTc1MzA=","upper_bound":"LTE4MjAwNDM5NTA=","repeats":1},{"count":128,"lower_bound":"LTE4MTg0NzYyOTY=","upper_bound":"LTE4MDUyNTIyOTQ=","repeats":1},{"count":136,"lower_bound":"LTE4MDMyMDQwNDA=","upper_bound":"LTE3Njc4MDgxMDc=","repeats":1},{"count":144,"lower_bound":"LTE3NjcxOTgxODg=","upper_bound":"LTE3NjM1NzEzNDk=","repeats":1},{"count":152,"lower_bound":"LTE3NjEzNjYwMjA=","upper_bound":"LTE3NTA0NjQyMDQ=","repeats":1},{"count":160,"lower_bound":"LTE3NTAyNzc0NzU=","upper_bound":"LTE3NDE0NjUxODE=","repeats":1},{"count":168,"lower_bound":"LTE3Mzg2MDM0NTQ=","upper_bound":"LTE3MDI1MjA2NTA=","repeats":1},{"count":176,"lower_bound":"LTE2OTg3NjgxNTI=","upper_bound":"LTE2ODE0OTMxNTA=","repeats":1},{"count":184,"lower_bound":"LTE2Nzk3MjI1MTU=","upper_bound":"LTE2Njc3ODI5MjM=","repeats":1},{"count":192,"lower_bound":"LTE2NTY3MTY5MjU=","upper_bound":"LTE2Mzg4Nzc3ODc=","repeats":1},{"count":200,"lower_bound":"LTE2Mzg0NDYyMDI=","upper_bound":"LTE2MjIwMDM0MzY=","repeats":1},{"count":208,"lower_bound":"LTE2MTgzNDc5NTc=","upper_bound":"LTE2MTY4ODQzMjU=","repeats":1},{"count":216,"lower_bound":"LTE2MTY3MjI3ODc=","upper_bound":"LTE2MTM0MTY4Mjc=","repeats":1},{"count":224,"lower_bound":"LTE2MTMzMTg4ODM=","upper_bound":"LTE2MDQ4NTMxMTM=","repeats":1},{"count":232,"lower_bound":"LTE1OTc3ODA2ODg=","upper_bound":"LTE1OTI3OTE3MTg=","repeats":1},{"count":240,"lower_bound":"LTE1ODAyOTYwODM=","upper_bound":"LTE1NjY4OTYyMjg=","repeats":1},{"count":248,"lower_bound":"LTE1NjU4MzQ4NjY=","upper_bound":"LTE1NDY3ODEzNjY=","repeats":1},{"count":256,"lower_bound":"LTE1NDU2MzMxMDc=","upper_bound":"LTE1MzI0NzYxNzg=","repeats":1},{"count":264,"lower_bound":"LTE1MzA5OTA4MDQ=","upper_bound":"LTE1MTM2NjQyMjA=","repeats":1},{"count":272,"lower_bound":"LTE1MTE0NjQzMjc=","upper_bound":"LTE1MDA4MzA4MTI=","repeats":1},{"count":280,"lower_bound":"LTE1MDAxNDg0MDM=","upper_bound":"LTE0OTI2NDUxMTA=","repeats":1},{"count":288,"lower_bound":"LTE0ODk0MTQzNjM=","upper_bound":"LTE0NjY2MTczNzA=","repeats":1},{"count":296,"lower_bound":"LTE0NjQ2MTcxMzM=","upper_bound":"LTE0NTk2MjIwMjg=","repeats":1},{"count":304,"lower_bound":"LTE0NTgwMjE0NDA=","upper_bound":"LTE0NTA1MTA4OTI=","repeats":1},{"count":312,"lower_bound":"LTE0NDk1OTQ0ODg=","upper_bound":"LTE0MzE0NTg5NTE=","repeats":1},{"count":320,"lower_bound":"LTE0MjM4NzMzMDI=","upper_bound":"LTE0MDc0MTc3NDk=","repeats":1},{"count":328,"lower_bound":"LTE0MDY2MzkyOTM=","upper_bound":"LTEzOTYyODY4ODE=","repeats":1},{"count":336,"lower_bound":"LTEzOTU3NjQ1NTA=","upper_bound":"LTEzNzEzMTE0NzI=","repeats":1},{"count":344,"lower_bound":"LTEzNjA5NTEzMzI=","upper_bound":"LTEzNDc5NDQwMDk=","repeats":1},{"count":352,"lower_bound":"LTEzNDMzMTAxNDc=","upper_bound":"LTEzMjU5MDMzMTc=","repeats":1},{"count":360,"lower_bound":"LTEzMTk5MTU2OTM=","upper_bound":"LTEzMDk2NTEyMzA=","repeats":1},{"count":368,"lower_bound":"LTEzMDI2NDkzNzU=","upper_bound":"LTEyODk0NTA1MjI=","repeats":1},{"count":376,"lower_bound":"LTEyODg0ODQ5OTQ=","upper_bound":"LTEyNjYwNTg4NzA=","repeats":1},{"count":384,"lower_bound":"LTEyNjMyNTQwNTY=","upper_bound":"LTEyNDkyNzMxMzk=","repeats":1},{"count":392,"lower_bound":"LTEyNDcyNjQ3MDE=","upper_bound":"LTEyMzg4Nzk1NDQ=","repeats":1},{"count":400,"lower_bound":"LTEyMzc3MTMzOTg=","upper_bound":"LTEyMzIwNTc3ODU=","repeats":1},{"count":408,"lower_bound":"LTEyMzE1OTA2MzI=","upper_bound":"LTEyMTg2NTYxMDM=","repeats":1},{"count":416,"lower_bound":"LTEyMTQ3Njc2MjA=","upper_bound":"LTEyMDMwNzU5NTE=","repeats":1},{"count":424,"lower_bound":"LTEyMDI0MjgwNDc=","upper_bound":"LTExOTU2NjgzOTU=","repeats":1},{"count":432,"lower_bound":"LTExOTM5MTQwMzE=","upper_bound":"LTExNzc2MDI4MTA=","repeats":1},{"count":440,"lower_bound":"LTExNjE4MjI0ODg=","upper_bound":"LTExNTU3NTQzNzY=","repeats":1},{"count":448,"lower_bound":"LTExNTQ3NzM3MDQ=","upper_bound":"LTExNDI3MzMzODI=","repeats":1},{"count":456,"lower_bound":"LTExNDAzNDkyNzg=","upper_bound":"LTExMzA3ODcyOTI=","repeats":1},{"count":464,"lower_bound":"LTExMjg0NzgwMTA=","upper_bound":"LTExMTc1MTM2ODI=","repeats":1},{"count":472,"lower_bound":"LTExMTU2OTgxOTc=","upper_bound":"LTEwOTk3OTIxNDc=","repeats":1},{"count":480,"lower_bound":"LTEwOTk0ODQ0OTc=","upper_bound":"LTEwODc2ODYxNjg=","repeats":1},{"count":488,"lower_bound":"LTEwODM5NjI2MzY=","upper_bound":"LTEwNzU3ODg2MTM=","repeats":1},{"count":496,"lower_bound":"LTEwNjQ4NTU2ODQ=","upper_bound":"LTEwNTk0MjUxNzg=","repeats":1},{"count":504,"lower_bound":"LTEwNTMyOTg4MTU=","upper_bound":"LTEwNDU1Njc3NTk=","repeats":1},{"count":512,"lower_bound":"LTEwNDExMDM4MTM=","upper_bound":"LTEwMzI2Nzk5ODU=","repeats":1},{"count":520,"lower_bound":"LTEwMjAwNzM3NjI=","upper_bound":"LTk4OTA0OTIxNQ==","repeats":1},{"count":528,"lower_bound":"LTk3NTk0NzA1OA==","upper_bound":"LTk2NDgyMDIwMA==","repeats":1},{"count":536,"lower_bound":"LTk2MzM3MzY5OA==","upper_bound":"LTk1NzU5NTQwOQ==","repeats":1},{"count":544,"lower_bound":"LTk1NTk5NDc4Mw==","upper_bound":"LTk0MjEzODMxNA==","repeats":1},{"count":552,"lower_bound":"LTkzOTcwODIwMQ==","upper_bound":"LTkxNzEwMDkxNQ==","repeats":1},{"count":560,"lower_bound":"LTg5ODM5ODI4Nw==","upper_bound":"LTg3ODU3MTE0MA==","repeats":1},{"count":568,"lower_bound":"LTg3Njk3MTk4Mg==","upper_bound":"LTg1MDAzMDExNA==","repeats":1},{"count":576,"lower_bound":"LTg0OTkxMjE5Ng==","upper_bound":"LTgzNjIyMDY1OA==","repeats":1},{"count":584,"lower_bound":"LTgzNTI5ODkzNg==","upper_bound":"LTgyMjQ2NzA5OA==","repeats":1},{"count":592,"lower_bound":"LTgxOTkzMTc3Nw==","upper_bound":"LTgwMjI1ODY1Ng==","repeats":1},{"count":600,"lower_bound":"LTgwMDk4NzcxNg==","upper_bound":"LTc5MTcwOTc2NA==","repeats":1},{"count":608,"lower_bound":"LTc4ODc0OTU3NQ==","upper_bound":"LTc3Nzc5NjQyNQ==","repeats":1},{"count":616,"lower_bound":"LTc3MzUxNTE1Mg==","upper_bound":"LTc2NDkzODk2MA==","repeats":1},{"count":624,"lower_bound":"LTc2NDM2MjczOA==","upper_bound":"LTczMjE4OTUxMQ==","repeats":1},{"count":632,"lower_bound":"LTcyMzU0MjcwOQ==","upper_bound":"LTcyMDI1MzgwMQ==","repeats":1},{"count":640,"lower_bound":"LTcyMDE1NzIwMA==","upper_bound":"LTY5MjE3ODQxMQ==","repeats":1},{"count":648,"lower_bound":"LTY5MjAyMTg0Mw==","upper_bound":"LTY4NDc5NzcxNw==","repeats":1},{"count":656,"lower_bound":"LTY3ODg3NDgyMA==","upper_bound":"LTY3Mjg3OTg4NQ==","repeats":1},{"count":664,"lower_bound":"LTY2NjIzNjMyNg==","upper_bound":"LTY1Mzc0NDk3Ng==","repeats":1},{"count":672,"lower_bound":"LTY1MzY5MTYzNQ==","upper_bound":"LTY0MDU1NzAyMg==","repeats":1},{"count":680,"lower_bound":"LTYzMjk0Njc5Mw==","upper_bound":"LTYzMTYxMDQxOQ==","repeats":1},{"count":688,"lower_bound":"LTYyNTQ1NjQ4Mw==","upper_bound":"LTYwMzM1MzM0Nw==","repeats":1},{"count":696,"lower_bound":"LTU5OTIwMzY0MA==","upper_bound":"LTU4MDA0MTU0MA==","repeats":1},{"count":704,"lower_bound":"LTU3ODY1NzI3Mw==","upper_bound":"LTU2Mjg4NjYzOA==","repeats":1},{"count":712,"lower_bound":"LTU2MTU5MTEyOA==","upper_bound":"LTUzNjQ4NzY5MA==","repeats":1},{"count":720,"lower_bound":"LTUzMzMyNjk0Ng==","upper_bound":"LTUyMzI0NTE5Mw==","repeats":1},{"count":728,"lower_bound":"LTUyMjkzOTk5Ng==","upper_bound":"LTUxNjQwNDM2OA==","repeats":1},{"count":736,"lower_bound":"LTUwNDY5NzQ2Mg==","upper_bound":"LTQ5NTY5ODYwOA==","repeats":1},{"count":744,"lower_bound":"LTQ5MjU0MDY3Mw==","upper_bound":"LTQ4NjI4Nzc5OQ==","repeats":1},{"count":752,"lower_bound":"LTQ4NTk5Njg3Mw==","upper_bound":"LTQ3Njc5MzYwNQ==","repeats":1},{"count":760,"lower_bound":"LTQ3NjQ5NzQ0Mw==","upper_bound":"LTQ2NjE0MjM2Nw==","repeats":1},{"count":768,"lower_bound":"LTQ0NzgxODQ3Mg==","upper_bound":"LTQ0NDIyMTE4NQ==","repeats":1},{"count":776,"lower_bound":"LTQ0MzQxNzUwMA==","upper_bound":"LTQzNTgyNTE5Mg==","repeats":1},{"count":784,"lower_bound":"LTQzMTc3MjIzNQ==","upper_bound":"LTQxMDc5MDE2NQ==","repeats":1},{"count":792,"lower_bound":"LTQwMjA3Nzc1Mw==","upper_bound":"LTM3NDk3NTQwNQ==","repeats":1},{"count":800,"lower_bound":"LTM3MzE4NTE1Mg==","upper_bound":"LTM2NzI2NjgzMA==","repeats":1},{"count":808,"lower_bound":"LTM2NjI1NjQ1MA==","upper_bound":"LTM1NDUyNTMwMg==","repeats":1},{"count":816,"lower_bound":"LTM1MjkxMDMxNg==","upper_bound":"LTMzNzM1ODI0MA==","repeats":1},{"count":824,"lower_bound":"LTMzNTM1MDUwOQ==","upper_bound":"LTMyNzc2ODM5Mg==","repeats":1},{"count":832,"lower_bound":"LTMyNzE3Nzg4NQ==","upper_bound":"LTMxOTU4NDMwNQ==","repeats":1},{"count":840,"lower_bound":"LTMxMjExNzY5OQ==","upper_bound":"LTMwNDQyNDM1Mw==","repeats":1},{"count":848,"lower_bound":"LTMwMjQzMjQzNg==","upper_bound":"LTI5MTUwOTQzNw==","repeats":1},{"count":856,"lower_bound":"LTI4Mjg5NzY0Ng==","upper_bound":"LTI3MjE5Njk5Mw==","repeats":1},{"count":864,"lower_bound":"LTI3MDY2MzczMQ==","upper_bound":"LTI2Mjk2ODI5NA==","repeats":1},{"count":872,"lower_bound":"LTI2MjA1MzA4MA==","upper_bound":"LTI0NTc4NDI3Nw==","repeats":1},{"count":880,"lower_bound":"LTI0NDQwOTcwNg==","upper_bound":"LTIzMzczNjI1Mg==","repeats":1},{"count":888,"lower_bound":"LTIzMDk3MzcyNQ==","upper_bound":"LTIyMjIwODA0OA==","repeats":1},{"count":896,"lower_bound":"LTIxNTcwOTQ5Mw==","upper_bound":"LTIwNTE0OTcyNA==","repeats":1},{"count":904,"lower_bound":"LTIwMTU5NzMzNg==","upper_bound":"LTE5MjIzMzI4Mg==","repeats":1},{"count":912,"lower_bound":"LTE5MTEzMTk3Mg==","upper_bound":"LTE3NjY5MDkxMw==","repeats":1},{"count":920,"lower_bound":"LTE3MzI0NjI0Nw==","upper_bound":"LTE3MTkyMDMxMQ==","repeats":1},{"count":928,"lower_bound":"LTE3MTY3ODg5OQ==","upper_bound":"LTE2MjQ1NjY5NQ==","repeats":1},{"count":936,"lower_bound":"LTE1NzIwMTUwMA==","upper_bound":"LTE1MTA3MTg1NA==","repeats":1},{"count":944,"lower_bound":"LTE0MDE3MzQ3MA==","upper_bound":"LTEyNjkwODc5MA==","repeats":1},{"count":952,"lower_bound":"LTEyNTY0MDYzMg==","upper_bound":"LTExNTk1MDc1Mg==","repeats":1},{"count":960,"lower_bound":"LTExMjQyNTk3NA==","upper_bound":"LTEwMTU0ODkyNw==","repeats":1},{"count":968,"lower_bound":"LTkzNzY4NjM3","upper_bound":"LTc0OTM1MDgy","repeats":1},{"count":976,"lower_bound":"LTczNDUxODgy","upper_bound":"LTYzMjQzNzA3","repeats":1},{"count":984,"lower_bound":"LTQ2ODE1OTYy","upper_bound":"LTI3NTMxODU0","repeats":1},{"count":992,"lower_bound":"LTI2NTk2OTU0","upper_bound":"LTMwMjIyODk=","repeats":1},{"count":1000,"lower_bound":"NDczMTAw","upper_bound":"ODgxMDc5MA==","repeats":1},{"count":1008,"lower_bound":"MTAwNjUyODE=","upper_bound":"MjczNDUwNDc=","repeats":1},{"count":1016,"lower_bound":"Mjc1NTE3NzQ=","upper_bound":"NDA1NjUwMTI=","repeats":1},{"count":1024,"lower_bound":"NDI1Mzc4MDY=","upper_bound":"NTEwOTU5NDQ=","repeats":1},{"count":1032,"lower_bound":"NTM4MzYzNjc=","upper_bound":"NzMwODM3ODM=","repeats":1},{"count":1040,"lower_bound":"Nzk0OTY3OTM=","upper_bound":"MTA2OTEyMTEx","repeats":1},{"count":1048,"lower_bound":"MTE2MDU1MDg0","upper_bound":"MTI0MDc3Mjkz","repeats":1},{"count":1056,"lower_bound":"MTMyMTA3MjE5","upper_bound":"MTQxNzA4NTk3","repeats":1},{"count":1064,"lower_bound":"MTQ1MzY2OTgz","upper_bound":"MTc3ODA2ODIx","repeats":1},{"count":1072,"lower_bound":"MTgxNTY1NTY1","upper_bound":"MTg4NzgyNjg5","repeats":1},{"count":1080,"lower_bound":"MTk5MjY1NzE5","upper_bound":"MjEyNzM3MTYy","repeats":1},{"count":1088,"lower_bound":"MjE2OTcyNjU4","upper_bound":"MjI2NDMwNzM2","repeats":1},{"count":1096,"lower_bound":"MjI3MTAzNzY2","upper_bound":"MjMyMDMwNjQx","repeats":1},{"count":1104,"lower_bound":"MjMzNDE4NTc0","upper_bound":"MjQ1MDgyNDcx","repeats":1},{"count":1112,"lower_bound":"MjQ4MTA3OTk2","upper_bound":"MjUxMjA5NTA5","repeats":1},{"count":1120,"lower_bound":"MjU0MzE1NTc1","upper_bound":"MjYyNDI4NzQ3","repeats":1},{"count":1128,"lower_bound":"MjYyNTIwODA3","upper_bound":"Mjc1MzI3Njg2","repeats":1},{"count":1136,"lower_bound":"Mjc2NjY4NTg2","upper_bound":"Mjk3NTk4NjI5","repeats":1},{"count":1144,"lower_bound":"MzAyMzg0OTMw","upper_bound":"MzEzMzk5NjIw","repeats":1},{"count":1152,"lower_bound":"MzIwNjAxNzQ3","upper_bound":"MzQxOTk4OTA3","repeats":1},{"count":1160,"lower_bound":"MzQ5MTgwNDM0","upper_bound":"MzczMDgwODM1","repeats":1},{"count":1168,"lower_bound":"Mzc0MzE1NjY3","upper_bound":"Mzc5MzU0MTAx","repeats":1},{"count":1176,"lower_bound":"MzkxMjU4MDA0","upper_bound":"NDIyNTg4MDIw","repeats":1},{"count":1184,"lower_bound":"NDI3OTUwMDk3","upper_bound":"NDQ5MzQ1NjUx","repeats":1},{"count":1192,"lower_bound":"NDUxMjEyOTkw","upper_bound":"NDY0MjQ1MDkx","repeats":1},{"count":1200,"lower_bound":"NDY5MDcyNTQ5","upper_bound":"NDgwMjkzODY0","repeats":1},{"count":1208,"lower_bound":"NDg1NzM1NTgy","upper_bound":"NTAyOTU2NzQ5","repeats":1},{"count":1216,"lower_bound":"NTA2NzY5NzIz","upper_bound":"NTQ5OTE2NDEy","repeats":1},{"count":1224,"lower_bound":"NTcxNDk0MzU0","upper_bound":"NTc2NDYyNDUw","repeats":1},{"count":1232,"lower_bound":"NTgwMDMzNzUy","upper_bound":"NTgzNzcyODQx","repeats":1},{"count":1240,"lower_bound":"NTg0MDczNTkz","upper_bound":"NTk4Nzg0NzI2","repeats":1},{"count":1248,"lower_bound":"NjAyNzA2NzUw","upper_bound":"NjE4OTAwNzk5","repeats":1},{"count":1256,"lower_bound":"NjIxMjQ5MTAx","upper_bound":"NjM0NTE4ODk3","repeats":1},{"count":1264,"lower_bound":"NjM1NTI0MDcy","upper_bound":"NjQ2MTA1ODk4","repeats":1},{"count":1272,"lower_bound":"NjQ3NjcxNTA4","upper_bound":"Njc1ODQwMDA5","repeats":1},{"count":1280,"lower_bound":"Njc2MzA4MDE3","upper_bound":"Njg2NjYwMTU5","repeats":1},{"count":1288,"lower_bound":"Njg3OTEyMjUx","upper_bound":"NjkyNzMyMTQx","repeats":1},{"count":1296,"lower_bound":"NjkzNzYwOTA0","upper_bound":"NzEyNzEzMTc1","repeats":1},{"count":1304,"lower_bound":"NzE0NzI0NDU3","upper_bound":"NzUwOTEzNzA1","repeats":1},{"count":1312,"lower_bound":"NzUwOTk0ODI4","upper_bound":"NzY4MjI4MzMw","repeats":1},{"count":1320,"lower_bound":"NzcyMjUwMDE0","upper_bound":"Nzc1NjU2MzUx","repeats":1},{"count":1328,"lower_bound":"NzgwMTEzNjE0","upper_bound":"ODAwNjYwNDY5","repeats":1},{"count":1336,"lower_bound":"ODE0NzI2NTgx","upper_bound":"ODIxMDQzOTQy","repeats":1},{"count":1344,"lower_bound":"ODI5MDU5MjA0","upper_bound":"ODQwNzk5NzQw","repeats":1},{"count":1352,"lower_bound":"ODUwOTQyMjkw","upper_bound":"ODY4MTc1MzEw","repeats":1},{"count":1360,"lower_bound":"ODc1NzYwNDk3","upper_bound":"OTA1MzYxMTc1","repeats":1},{"count":1368,"lower_bound":"OTA4MjUxMzI2","upper_bound":"OTIxMzYyODI4","repeats":1},{"count":1376,"lower_bound":"OTIxODIyNTIw","upper_bound":"OTQzMTcxNDAx","repeats":1},{"count":1384,"lower_bound":"OTUyMzQ4NDkz","upper_bound":"OTc2ODExNTIy","repeats":1},{"count":1392,"lower_bound":"OTc3MTM1MDgx","upper_bound":"OTg1MDQyMjMy","repeats":1},{"count":1400,"lower_bound":"OTkyNzI0NDg2","upper_bound":"MTAwNjQxNDI2OQ==","repeats":1},{"count":1408,"lower_bound":"MTAxODQxNTY0NA==","upper_bound":"MTA0MzgyMDIyNg==","repeats":1},{"count":1416,"lower_bound":"MTA0NTYzOTYzMA==","upper_bound":"MTA1ODA5NTAwOA==","repeats":1},{"count":1424,"lower_bound":"MTA2MzE1NzU1Ng==","upper_bound":"MTA3OTMxNTAwNw==","repeats":1},{"count":1432,"lower_bound":"MTA4MjU5OTE2NA==","upper_bound":"MTA5MTA2NzgyMw==","repeats":1},{"count":1440,"lower_bound":"MTA5MzM3NDE4OA==","upper_bound":"MTEwMjkxODU5MA==","repeats":1},{"count":1448,"lower_bound":"MTEwNjgzNTI2OQ==","upper_bound":"MTExMzQ3Mzk5NA==","repeats":1},{"count":1456,"lower_bound":"MTExNDkwOTIwMg==","upper_bound":"MTExOTkyODA4Mg==","repeats":1},{"count":1464,"lower_bound":"MTEyMzQ3NTE3Mw==","upper_bound":"MTE0NDM2OTk0NA==","repeats":1},{"count":1472,"lower_bound":"MTE0OTEyMzI3MA==","upper_bound":"MTE1NjM3ODgwNw==","repeats":1},{"count":1480,"lower_bound":"MTE1OTU1MDAyMA==","upper_bound":"MTE4MTU0MDY5OA==","repeats":1},{"count":1488,"lower_bound":"MTE4MjIyMzkxOQ==","upper_bound":"MTE4NjQ3ODYwMg==","repeats":1},{"count":1496,"lower_bound":"MTE5NjQ0MjUwMQ==","upper_bound":"MTE5OTYyMzYzNA==","repeats":1},{"count":1504,"lower_bound":"MTIwMzYxMzIyNA==","upper_bound":"MTIxMjg4MjY0OQ==","repeats":1},{"count":1512,"lower_bound":"MTIxNTUyMTM0Ng==","upper_bound":"MTIxNjcwMDkxOA==","repeats":1},{"count":1520,"lower_bound":"MTIxODY3MTgwOQ==","upper_bound":"MTI0MTk5MjYzNg==","repeats":1},{"count":1528,"lower_bound":"MTI0NTAyOTk1MQ==","upper_bound":"MTI1MDgyNzg2Mg==","repeats":1},{"count":1536,"lower_bound":"MTI1NzMxMzQwMA==","upper_bound":"MTI2MTk1ODA3NQ==","repeats":1},{"count":1544,"lower_bound":"MTI3MjU4NTc4Mg==","upper_bound":"MTI5MTAxNzAxNQ==","repeats":1},{"count":1552,"lower_bound":"MTI5MTA0NTk0Mg==","upper_bound":"MTMwMzIxMDE3NQ==","repeats":1},{"count":1560,"lower_bound":"MTMwNjAyODcwNw==","upper_bound":"MTMxMjAxOTA2Mg==","repeats":1},{"count":1568,"lower_bound":"MTMxMjM5ODY2Nw==","upper_bound":"MTMyMjM1MzExNw==","repeats":1},{"count":1576,"lower_bound":"MTMzMTA1MjYzNA==","upper_bound":"MTMzNDMwMjgwNA==","repeats":1},{"count":1584,"lower_bound":"MTMzNTM3OTI4Nw==","upper_bound":"MTM1MTA3MzgzMQ==","repeats":1},{"count":1592,"lower_bound":"MTM1NDg5MTkzMg==","upper_bound":"MTM3NDU3MzM1Mw==","repeats":1},{"count":1600,"lower_bound":"MTM3NzQ4NDgzNw==","upper_bound":"MTM5ODQ2MDkyMQ==","repeats":1},{"count":1608,"lower_bound":"MTQwMDQyMTUyMQ==","upper_bound":"MTQxMjM2Mjg4OA==","repeats":1},{"count":1616,"lower_bound":"MTQxMjgxNjA2OA==","upper_bound":"MTQyMTc2NjI5NA==","repeats":1},{"count":1624,"lower_bound":"MTQyMzI4MjI4Nw==","upper_bound":"MTQ2MDA5ODYyMQ==","repeats":1},{"count":1632,"lower_bound":"MTQ2NjQyOTE0MA==","upper_bound":"MTQ2NzY5NTUwNA==","repeats":1},{"count":1640,"lower_bound":"MTQ2ODU1NDk3OQ==","upper_bound":"MTQ4MjI2NzczNg==","repeats":1},{"count":1648,"lower_bound":"MTQ4OTExMDEwOQ==","upper_bound":"MTUwNzQ2MDkzMQ==","repeats":1},{"count":1656,"lower_bound":"MTUwOTU5MjU0Nw==","upper_bound":"MTUxNzA3ODA5OA==","repeats":1},{"count":1664,"lower_bound":"MTUyMjkwOTQxMw==","upper_bound":"MTUyNzAyODA4OQ==","repeats":1},{"count":1672,"lower_bound":"MTUyOTkwMzI3MA==","upper_bound":"MTUzNTY1NjkzNQ==","repeats":1},{"count":1680,"lower_bound":"MTUzNjg0ODcwNA==","upper_bound":"MTU2MzExMjEwNg==","repeats":1},{"count":1688,"lower_bound":"MTU3MjM1MzcwNg==","upper_bound":"MTU3NjA0NzMyMw==","repeats":1},{"count":1696,"lower_bound":"MTU3OTU3NTg2NQ==","upper_bound":"MTU5NTg5MjAwNA==","repeats":1},{"count":1704,"lower_bound":"MTYwODIyNDMxNw==","upper_bound":"MTYyMTAwMjYwNw==","repeats":1},{"count":1712,"lower_bound":"MTYyMzI5ODg3NQ==","upper_bound":"MTY1NDcyODQ4MQ==","repeats":1},{"count":1720,"lower_bound":"MTY2MjA5MTc4OA==","upper_bound":"MTY2Mjc5NDgzNA==","repeats":1},{"count":1728,"lower_bound":"MTY2NjM1OTY2MQ==","upper_bound":"MTY3NjgwNzIxMg==","repeats":1},{"count":1736,"lower_bound":"MTY4MTE2NTE3Mg==","upper_bound":"MTY4MzUwMTU4Mw==","repeats":1},{"count":1744,"lower_bound":"MTY4OTc1ODM1Mg==","upper_bound":"MTY5NjQzMzQzOQ==","repeats":1},{"count":1752,"lower_bound":"MTcwODU2MDI3MA==","upper_bound":"MTcxNzM0MTQzMw==","repeats":1},{"count":1760,"lower_bound":"MTcxODQzODA0Ng==","upper_bound":"MTcyNTM3NTM3Mw==","repeats":1},{"count":1768,"lower_bound":"MTcyODU0ODEzMQ==","upper_bound":"MTczNDQ4NzA0OA==","repeats":1},{"count":1776,"lower_bound":"MTczNzc4OTM0MA==","upper_bound":"MTc0MzkzOTExMw==","repeats":1},{"count":1784,"lower_bound":"MTc0NTgzMDY5MA==","upper_bound":"MTc1NTY1OTg5MQ==","repeats":1},{"count":1792,"lower_bound":"MTc1NTY5NzY5MA==","upper_bound":"MTc1ODU1OTMxNw==","repeats":1},{"count":1800,"lower_bound":"MTc2MzUzODczMA==","upper_bound":"MTc4MTkwMzAzMg==","repeats":1},{"count":1808,"lower_bound":"MTc4MjIzOTkxOA==","upper_bound":"MTc4NjMyNDkxMw==","repeats":1},{"count":1816,"lower_bound":"MTc4OTYxMTE5MQ==","upper_bound":"MTgwMzAxOTczNg==","repeats":1},{"count":1824,"lower_bound":"MTgxMTQ0NzcyMQ==","upper_bound":"MTgyOTQwNzc2Mw==","repeats":1},{"count":1832,"lower_bound":"MTgzNTIyNDkwNA==","upper_bound":"MTg0MjI4MTI0OA==","repeats":1},{"count":1840,"lower_bound":"MTg0MjM4OTI1Ng==","upper_bound":"MTg0NTk2MjIxNw==","repeats":1},{"count":1848,"lower_bound":"MTg0NzQxMjAwOA==","upper_bound":"MTg1MDg2MTg4NQ==","repeats":1},{"count":1856,"lower_bound":"MTg1NTExMzg2OA==","upper_bound":"MTg3MDI3MTY3MA==","repeats":1},{"count":1864,"lower_bound":"MTg3MzY1OTkzMw==","upper_bound":"MTg4MjQ0ODA0Mg==","repeats":1},{"count":1872,"lower_bound":"MTg4MzUyNzgwOA==","upper_bound":"MTg5MDQ1OTI0NA==","repeats":1},{"count":1880,"lower_bound":"MTg5MTIzMjY0NQ==","upper_bound":"MTkwNTUxODE3NQ==","repeats":1},{"count":1888,"lower_bound":"MTkwOTk1NDI5OA==","upper_bound":"MTkyNDAyMjM4OQ==","repeats":1},{"count":1896,"lower_bound":"MTkyNTA4MDU1Mg==","upper_bound":"MTk0MTk5OTg3Nw==","repeats":1},{"count":1904,"lower_bound":"MTk0MzMyNDE4OQ==","upper_bound":"MTk1NTk3ODgzNQ==","repeats":1},{"count":1912,"lower_bound":"MTk1ODUwNzM5OQ==","upper_bound":"MTk2NzYxODkyNw==","repeats":1},{"count":1920,"lower_bound":"MTk2NzgzNDQ2OQ==","upper_bound":"MTk3ODUwMzA4Mw==","repeats":1},{"count":1928,"lower_bound":"MTk3OTM3Nzg5NQ==","upper_bound":"MTk4NTU0NzcyMg==","repeats":1},{"count":1936,"lower_bound":"MjAwMDE4Mjc1Ng==","upper_bound":"MjAyMjc0ODY2MA==","repeats":1},{"count":1944,"lower_bound":"MjAyMjg3OTc1NA==","upper_bound":"MjAzODczODUyNw==","repeats":1},{"count":1952,"lower_bound":"MjA0NDI2ODU0Ng==","upper_bound":"MjA0ODY0NzU1Ng==","repeats":1},{"count":1960,"lower_bound":"MjA1NTYwMjA2MA==","upper_bound":"MjA2NDI1ODA1MA==","repeats":1},{"count":1968,"lower_bound":"MjA2OTYzNjg2MQ==","upper_bound":"MjA4ODQyNjQyOA==","repeats":1},{"count":1976,"lower_bound":"MjA5MTAxOTA5NA==","upper_bound":"MjA5ODI1MjkwOQ==","repeats":1},{"count":1984,"lower_bound":"MjEwMzI1ODQ4Ng==","upper_bound":"MjExNDA4NTUxNA==","repeats":1},{"count":1992,"lower_bound":"MjEyMjU2MDE4NA==","upper_bound":"MjEzMzg3OTkzNA==","repeats":1},{"count":2000,"lower_bound":"MjEzNDIxMDEwMg==","upper_bound":"MjE0Njg3NTgzMA==","repeats":1}]},"cm_sketch":{"rows":[{"counters":[2,1,4,2,0,1,0,1,1,2,1,1,2,2,0,3,1,0,0,0,2,0,1,0,1,1,1,2,3,0,0,0,0,1,2,0,3,0,1,0,0,0,2,0,1,2,0,2,0,3,2,0,1,0,0,0,0,1,0,1,1,0,1,1,2,0,3,1,2,1,0,0,1,2,0,1,1,0,1,3,1,0,1,0,0,2,3,4,0,2,0,1,2,0,0,2,1,0,3,0,0,1,0,0,0,3,1,0,4,0,3,2,0,2,0,0,0,2,0,0,3,3,1,0,1,0,0,0,0,1,1,0,0,2,3,1,1,0,0,1,1,2,1,0,1,1,1,0,1,2,0,2,0,0,2,1,0,1,0,0,1,2,1,0,0,2,0,0,0,1,3,0,0,2,0,1,0,2,1,0,1,1,2,1,1,1,1,1,1,2,0,1,3,0,1,2,2,1,0,2,0,2,1,1,3,0,0,1,1,0,1,1,1,0,0,2,1,5,1,1,1,2,1,1,0,0,0,0,0,1,1,1,5,1,2,0,0,0,2,3,0,2,0,2,1,0,1,1,0,1,2,1,1,1,1,1,1,2,1,0,1,0,0,0,1,1,2,0,2,1,1,1,3,0,2,1,0,1,4,4,4,2,1,1,2,1,0,2,2,2,1,2,0,0,1,1,1,2,0,1,0,1,0,2,1,2,0,1,0,2,0,1,3,1,2,2,3,1,2,1,2,0,1,1,1,0,0,1,4,1,1,1,1,1,1,0,0,2,2,1,1,2,0,2,0,1,1,2,1,3,0,1,1,2,1,0,2,1,3,0,4,1,0,1,1,0,0,2,1,4,2,1,2,1,2,0,0,2,1,0,1,0,0,0,1,0,0,0,0,5,1,1,2,1,0,1,1,1,0,0,1,0,0,1,0,2,1,0,0,0,1,1,1,1,1,4,1,2,1,2,4,0,1,2,0,1,1,1,2,1,1,1,3,2,1,0,3,1,0,0,0,0,1,2,3,1,1,0,1,0,1,2,2,2,3,1,0,3,3,0,0,1,2,1,2,0,0,1,2,1,2,1,2,0,1,1,0,1,2,0,0,1,2,0,0,0,0,1,1,0,1,2,0,0,0,0,1,1,2,3,0,1,0,3,2,1,1,0,1,0,1,2,0,2,1,1,0,1,1,2,0,1,1,2,0,1,1,0,1,0,0,1,1,1,2,1,2,1,0,0,1,2,0,1,0,1,0,1,3,0,0,0,1,2,0,0,1,0,2,0,1,3,5,2,1,0,0,2,1,1,1,1,0,1,1,0,1,0,3,0,1,3,1,1,1,0,0,2,1,2,0,0,1,1,1,0,1,1,0,2,1,0,2,1,2,1,0,2,0,1,0,0,1,0,3,0,2,1,0,0,2,1,0,1,0,1,2,1,1,2,2,2,1,2,1,0,4,0,0,0,0,1,1,1,4,2,0,1,2,0,0,0,0,1,1,3,0,1,2,1,0,0,0,1,2,1,2,1,2,1,1,0,1,2,0,3,1,1,0,1,1,0,1,2,2,5,2,1,0,2,0,0,2,0,0,1,1,3,0,1,0,0,0,1,1,2,0,2,0,1,0,1,2,2,0,0,0,0,0,0,1,0,0,0,0,0,1,0,2,1,1,3,0,1,0,1,3,1,1,1,1,0,2,1,1,0,1,2,1,1,0,0,1,1,1,2,0,2,1,0,1,0,0,2,2,0,1,0,0,1,1,0,2,0,0,1,0,1,3,0,0,1,1,2,1,0,0,1,2,0,1,0,0,2,1,0,0,2,2,1,2,1,1,1,0,1,0,0,1,2,1,3,1,4,0,2,1,0,1,1,2,1,1,0,1,3,1,1,2,1,0,2,3,0,2,1,1,1,2,0,0,2,0,0,0,1,0,0,0,0,1,0,0,0,2,1,1,1,0,1,1,2,0,1,4,3,1,1,1,0,0,2,1,3,0,1,0,1,0,0,0,0,0,1,1,1,0,0,0,1,0,1,1,0,0,0,2,0,3,2,1,1,3,0,1,1,1,0,0,3,1,2,1,0,0,1,0,1,0,0,1,0,0,1,1,1,0,1,1,0,0,2,2,1,0,1,0,0,1,1,1,1,0,1,1,2,1,2,1,1,0,2,0,1,1,0,0,3,1,0,0,0,2,1,0,1,1,3,1,2,1,0,0,2,2,0,1,1,2,3,1,1,3,1,2,0,1,4,2,0,0,0,1,0,0,2,3,0,0,2,0,1,0,0,3,0,0,1,1,1,0,0,1,0,3,1,2,2,0,0,0,0,1,0,1,1,1,1,1,0,1,2,1,1,0,3,0,0,2,0,1,2,0,3,1,1,0,1,1,0,1,1,2,1,0,1,2,1,2,2,0,1,2,1,2,4,1,0,2,2,0,0,1,1,0,2,1,1,1,0,0,0,0,1,2,1,0,2,0,0,0,1,2,1,1,1,2,1,0,1,2,3,1,0,0,0,0,0,1,1,3,2,1,3,5,2,1,2,0,1,0,0,2,0,0,1,2,0,2,1,2,0,1,0,0,2,2,0,0,2,1,1,1,0,0,3,1,1,0,0,1,0,0,1,0,2,0,3,0,1,4,1,2,1,0,2,0,2,2,1,2,0,0,0,1,1,1,0,2,1,0,0,1,0,0,0,0,1,0,1,4,1,1,1,1,0,0,3,1,0,2,1,0,0,1,1,1,2,1,2,3,0,2,0,0,1,3,1,1,2,2,3,2,3,2,0,1,2,1,2,3,1,0,1,1,0,2,2,1,1,2,1,1,3,0,2,1,2,1,0,1,0,2,3,1,1,1,0,2,2,0,2,0,4,1,1,0,2,2,0,0,0,1,0,0,0,1,0,2,2,0,0,0,0,3,2,0,1,2,1,0,1,1,3,2,0,0,2,1,0,0,1,0,0,1,0,1,0,0,0,0,1,0,1,0,0,0,1,0,0,2,0,1,0,0,0,0,3,0,1,2,0,1,1,0,1,1,3,1,0,2,2,3,0,2,0,2,0,0,0,0,0,0,1,2,3,0,1,2,1,2,2,0,0,0,1,2,1,0,0,0,0,1,1,2,0,1,0,1,1,2,2,2,2,1,2,1,1,2,2,1,0,0,0,3,1,1,1,0,0,1,2,0,1,2,2,0,1,1,1,1,0,1,0,3,1,1,1,1,1,1,1,0,0,1,1,0,0,0,2,3,2,0,1,1,1,1,0,0,0,2,3,2,2,0,1,1,0,0,1,0,2,0,2,2,0,1,1,0,2,0,1,1,2,1,1,2,0,2,1,1,0,0,2,1,1,3,0,1,1,0,0,2,0,0,1,2,1,3,1,0,0,0,1,0,1,1,2,0,2,1,1,3,1,1,1,1,0,0,0,1,2,2,3,1,1,0,1,2,0,0,1,1,1,2,1,1,0,1,0,1,1,0,1,0,0,1,1,0,3,2,0,0,0,1,0,1,2,2,1,2,0,0,0,0,1,0,0,0,2,2,1,0,0,0,1,0,0,0,0,1,2,2,0,2,1,1,0,0,2,0,3,0,0,2,0,1,0,2,2,0,2,2,1,2,2,3,0,1,3,0,1,0,2,1,1,0,1,1,1,1,0,4,0,2,1,2,2,2,1,2,2,0,1,1,0,2,0,0,1,0,1,0,0,0,2,1,1,1,1,0,2,4,3,1,1,1,1,3,1,1,0,0,3,1,3,2,2,1,1,0,2,1,0,1,2,1,1,1,1,1,1,2,1,1,2,1,1,1,1,1,0,0,0,2,2,1,4,1,0,1,0,1,2,0,0,2,1,1,0,0,1,2,1,0,1,1,0,3,0,0,1,1,0,1,1,0,0,0,0,1,2,1,1,1,2,2,2,0,1,3,3,1,0,1,0,0,1,2,1,1,0,3,0,1,1,1,1,1,1,1,1,2,0,2,5,3,1,1,2,1,0,1,2,2,0,2,0,5,0,0,1,0,2,0,0,1,1,0,0,0,2,3,1,1,1,1,0,0,1,2,2,1,0,0,3,1,3,2,1,0,1,1,1,0,0,0,0,1,1,0,0,0,1,1,1,1,0,1,0,2,0,2,0,1,0,1,1,1,0,1,0,0,0,1,0,0,4,1,0,0,0,4,2,0,0,1,0,2,2,0,0,1,0,1,2,0,0,0,1,1,2,2,2,1,1,0,0,0,0,1,0,3,1,1,0,0,2,2,0,0,1,1,2,3,2,2,3,0,1,1,0,2,1,0,0,1,1,0,3,0,0,0,2,1,1,0,2,0,0,0,1,0,0,0,0,0,0,2,1,1,1,3,1,1,0,1,2,0,0,1,1,0,1,0,2,2,1,1,3,1,1,0,2,1,4,0,1,0,0,2,0,1,0,2,2,1,1,1,0,1,1,1,0,2,0,2,0,1,1,1,1,0,3,1,2,0,1,2,0,0,1,1,3,0,1,2,0,2,0,0,1,1,0,2,0,0,1,0,1,0,1,1,0,1,2,0,0,0,0,1,1,1,2,0,2,0,2,1,0,2,0,1,1,1,1,0,0,1,1,1,1,1,1,0,0,0,2,1,0,0,3,1,1,2,0,0,2]},{"counters":[0,1,0,1,0,0,1,0,0,1,2,0,0,1,1,1,0,2,2,2,1,2,1,1,2,1,1,2,1,1,1,0,2,0,0,2,1,2,2,1,1,0,0,2,2,1,1,1,1,0,0,1,0,0,0,1,0,2,2,4,0,1,1,0,0,0,2,1,0,1,1,2,1,1,0,1,1,0,1,1,1,1,0,0,2,2,4,3,0,3,1,1,0,0,1,1,1,0,0,0,0,2,1,0,1,0,0,0,1,0,0,1,0,0,0,1,0,3,1,2,1,1,2,2,0,4,1,0,1,3,1,1,2,2,1,0,1,1,0,2,1,2,1,1,0,2,1,1,0,1,0,0,0,0,1,4,1,1,1,2,0,2,3,0,0,1,4,0,2,2,0,1,2,2,0,3,1,0,1,0,2,3,1,0,0,1,0,0,1,1,1,2,0,1,1,1,2,1,0,3,0,1,4,1,1,0,1,2,0,0,0,3,1,0,3,1,2,0,1,1,1,0,2,0,0,1,0,1,2,0,0,2,1,0,0,1,1,2,1,3,0,0,0,1,0,2,1,2,1,3,1,1,0,1,0,1,2,0,2,4,2,0,0,0,0,1,2,2,0,4,0,3,3,0,0,3,3,1,3,0,1,1,1,0,1,0,1,0,0,1,2,1,1,0,1,1,0,3,0,0,1,1,1,0,2,0,2,2,1,0,0,0,1,3,3,0,0,0,1,0,0,0,1,1,2,1,1,1,2,1,1,1,0,1,2,1,1,0,1,0,0,0,1,0,1,1,1,0,2,0,1,1,2,0,3,0,0,1,0,1,1,3,1,0,1,1,0,1,2,3,1,0,1,1,2,1,0,1,2,3,2,0,1,1,1,1,2,0,0,0,2,1,3,1,0,1,0,1,2,1,0,2,1,0,1,1,0,0,1,3,0,1,2,0,0,0,0,1,1,1,0,2,2,0,1,0,4,1,1,2,2,1,2,0,0,2,1,1,2,0,1,2,0,0,0,1,1,1,0,2,1,2,4,0,2,1,0,0,0,0,1,0,0,2,0,1,0,1,1,1,1,1,0,2,0,1,2,1,0,0,1,1,2,0,4,1,1,1,3,1,0,1,2,1,1,3,2,2,0,0,1,0,0,0,0,1,0,1,1,2,1,2,3,1,1,2,0,1,0,0,0,2,3,1,2,0,1,3,1,0,0,0,0,0,0,0,1,2,2,0,0,1,0,1,0,3,2,1,0,0,1,1,1,2,1,1,1,0,1,1,0,1,1,1,3,0,1,1,1,2,0,2,1,0,1,0,1,0,0,0,2,0,0,3,1,1,0,1,2,0,1,2,2,2,0,1,3,0,0,2,2,1,1,2,1,0,1,0,0,0,1,1,0,0,1,2,0,1,1,0,0,0,0,2,0,1,0,1,2,1,2,0,0,1,2,3,1,0,0,0,1,0,0,2,0,1,1,1,0,0,0,3,0,1,0,0,1,0,2,2,1,2,0,2,0,1,1,0,1,2,1,2,2,2,3,2,2,0,1,1,0,0,1,0,1,5,0,1,2,2,1,2,0,1,1,2,0,2,0,2,1,1,3,2,2,1,0,1,0,1,2,0,0,2,1,0,0,2,0,0,1,2,0,1,0,2,0,3,1,2,1,1,0,0,1,2,1,2,1,0,1,2,1,0,0,0,1,0,2,1,1,1,1,1,2,1,1,0,0,2,0,1,1,1,0,4,2,1,2,0,0,2,1,1,4,0,1,0,1,0,0,0,0,3,1,1,0,2,2,1,2,1,1,0,1,0,1,1,0,1,0,0,1,1,0,3,0,1,0,1,3,0,0,1,0,1,1,1,1,2,2,3,2,0,0,1,0,1,1,0,0,1,2,1,2,2,0,2,1,1,0,1,0,0,0,1,3,0,1,3,0,0,1,0,1,1,1,1,1,1,1,1,1,2,1,1,0,1,1,2,0,0,1,0,0,0,1,1,1,0,0,2,0,1,2,0,2,0,1,1,0,0,0,1,0,2,1,1,0,0,2,1,0,0,1,0,0,1,2,3,1,1,2,2,1,1,0,2,0,0,1,0,1,0,0,1,1,1,0,0,2,1,1,3,0,7,0,1,1,1,2,2,0,1,1,1,0,1,0,1,1,1,0,0,1,0,0,1,3,1,0,2,2,2,2,2,1,1,2,1,1,0,1,1,1,1,2,1,0,1,0,2,1,2,1,2,0,0,2,0,0,0,0,2,0,0,0,0,2,0,0,1,2,2,0,0,0,0,3,0,2,0,0,3,0,4,1,0,1,0,3,0,2,0,1,1,1,1,1,0,4,0,0,1,2,2,1,0,0,3,0,0,1,2,0,2,1,0,0,1,2,2,1,1,2,1,2,4,1,0,0,0,2,0,0,1,0,0,1,2,1,2,2,3,1,2,2,1,1,0,1,0,3,0,1,1,1,0,2,0,1,1,2,5,0,2,0,1,3,1,0,0,1,1,1,0,0,2,2,0,0,2,0,1,1,0,4,2,0,0,2,5,1,1,0,1,0,3,1,2,0,0,0,3,2,0,0,0,0,1,1,0,1,2,1,1,0,1,0,0,0,3,0,0,2,0,1,1,1,0,2,1,1,0,2,3,1,0,0,1,1,2,1,0,0,0,0,4,1,2,1,2,0,1,0,1,2,0,1,1,0,1,0,0,0,0,0,0,1,1,0,2,2,1,0,1,0,2,2,1,0,0,0,3,1,0,1,1,3,2,2,1,0,0,3,2,0,1,1,0,1,1,1,0,1,1,1,4,1,3,1,0,2,1,2,1,1,2,0,0,0,1,1,1,1,1,1,4,0,1,1,0,0,0,0,2,1,4,1,2,0,1,0,2,0,1,1,1,1,3,0,1,0,1,2,0,1,3,2,0,0,1,0,1,1,2,1,0,2,2,0,0,2,1,1,0,1,1,0,0,0,0,0,2,0,0,3,0,1,0,0,1,0,2,0,0,0,0,2,1,1,1,1,0,1,0,1,0,2,1,0,2,1,1,0,1,1,2,0,1,0,1,2,1,1,1,1,2,0,0,0,0,0,2,0,0,0,1,2,0,0,0,0,0,1,0,1,0,1,2,0,1,0,2,0,1,1,3,1,0,3,0,3,2,1,2,0,1,0,2,1,1,0,3,0,0,1,1,1,3,2,0,0,0,0,3,2,2,2,0,1,1,0,3,2,1,1,1,2,1,1,0,0,0,1,1,0,2,1,0,1,1,1,2,1,1,3,1,1,1,0,0,0,1,4,1,2,2,0,0,0,0,2,2,1,2,1,2,1,2,1,0,1,0,2,2,0,0,0,1,1,0,1,0,1,1,3,1,3,1,1,1,3,0,3,1,0,4,1,1,0,0,0,1,1,1,2,1,1,1,1,1,3,0,0,2,1,2,2,1,2,0,2,0,2,1,1,0,2,0,0,0,0,1,5,1,1,2,0,1,0,0,1,1,1,1,1,1,0,0,0,2,1,0,1,0,1,2,2,1,1,1,2,0,2,2,2,1,0,0,1,0,1,0,1,0,0,1,3,0,1,0,1,1,0,1,0,0,0,0,2,1,1,1,1,0,1,1,1,1,0,0,0,2,0,1,1,1,1,0,2,0,0,0,1,0,0,1,0,1,0,0,1,1,1,1,4,1,1,0,0,1,3,0,2,1,2,1,1,1,0,3,1,1,2,5,1,0,1,4,1,0,2,1,2,0,0,1,2,1,1,3,1,0,0,1,1,1,1,1,1,1,2,1,1,0,2,1,0,0,2,0,1,1,0,1,3,0,1,0,1,2,0,1,1,0,0,2,3,0,2,2,2,0,2,2,0,2,0,0,0,2,0,0,2,0,1,2,1,1,2,5,1,0,1,0,1,4,1,0,0,2,1,1,0,3,2,0,1,0,2,0,0,2,1,1,0,1,1,1,2,0,1,2,1,2,1,2,0,1,0,2,1,0,3,0,1,0,0,0,1,2,2,1,1,0,1,0,1,1,5,1,1,0,1,0,2,0,1,1,2,1,2,0,1,4,0,2,2,0,1,1,0,1,2,1,1,3,2,3,0,1,1,0,1,0,2,2,1,1,1,1,2,2,3,1,0,0,1,1,0,1,0,3,0,2,2,2,2,1,0,0,2,1,1,3,1,0,0,2,1,2,1,1,0,0,2,1,1,0,0,1,1,0,0,0,1,0,2,1,1,0,1,1,1,1,0,0,3,3,1,1,0,0,2,0,2,4,1,0,0,0,0,0,1,0,1,0,3,0,2,0,1,0,1,2,2,0,1,0,2,1,0,0,1,3,1,1,1,1,0,0,2,1,0,2,1,1,1,1,1,0,0,0,3,0,4,0,0,2,2,0,2,0,2,1,0,0,3,2,0,0,2,0,1,2,0,1,1,1,0,0,1,2,1,2,0,1,0,0,0,1,1,0,2,1,0,3,3,2,2,3,1,1,1,0,3,2,1,1,0,1,2,0,2,2,0,0,2,1,1,2,2,2,1,0,0,1,1,1,4,0,0,1,1,1,2,0,2,0,3,1,1,1,0,1,0,0,1,1,0,0,0,0,0,1,1,0,0,1,0,1,1,0,1,1,0,0]},{"counters":[1,0,0,1,0,2,0,2,3,1,1,1,1,1,1,1,1,1,0,1,1,2,1,0,1,0,0,0,0,2,1,1,3,1,1,1,1,1,1,0,1,0,1,2,0,2,0,0,1,0,2,1,1,0,1,2,0,1,0,1,0,1,1,0,1,0,0,1,2,1,0,2,2,0,1,1,2,3,1,0,1,0,2,0,0,1,0,0,2,0,0,0,0,1,2,0,0,0,1,0,2,1,0,3,0,2,0,2,1,2,0,2,1,2,0,3,0,0,2,3,0,0,0,1,1,0,2,2,1,1,1,0,0,0,2,0,1,1,1,2,1,2,2,0,1,1,1,1,2,2,1,0,0,0,1,2,0,1,0,1,0,1,0,1,1,3,1,1,4,3,1,0,1,0,3,2,2,1,0,2,2,1,1,0,1,1,1,0,1,2,1,0,1,1,1,0,3,1,1,3,3,1,2,0,2,0,0,1,1,0,2,1,2,2,0,1,2,0,1,0,1,2,0,1,1,2,0,1,1,2,1,0,0,3,3,0,0,2,0,1,2,2,2,4,1,4,2,0,1,0,0,0,1,0,3,2,0,1,0,3,2,5,0,2,1,0,0,1,1,0,3,1,1,0,1,0,1,1,0,1,1,3,1,2,3,2,1,1,2,0,3,1,0,1,2,1,1,1,3,0,0,1,1,0,2,2,3,1,1,1,2,1,0,1,0,0,0,1,1,0,1,2,1,1,2,1,2,1,2,0,0,3,1,0,0,0,0,1,0,1,0,4,0,3,0,1,1,1,2,2,0,2,1,1,2,2,0,1,2,2,2,0,1,0,1,1,0,1,2,0,0,0,1,2,0,0,0,0,1,1,1,0,0,0,1,1,0,1,1,0,0,2,3,0,0,0,2,1,1,0,3,1,0,0,1,0,0,0,1,2,0,1,0,3,1,0,1,0,1,0,2,0,2,0,2,1,1,2,1,0,0,3,2,2,0,1,1,3,0,0,2,0,2,1,1,3,0,1,1,1,2,0,1,1,1,0,1,3,0,2,0,2,0,2,2,0,0,2,0,2,0,1,0,1,1,0,1,3,0,2,1,0,3,3,0,2,1,1,2,3,4,0,2,0,1,1,1,1,0,2,0,3,2,0,0,0,0,0,1,3,1,0,2,2,3,0,0,2,0,0,0,0,1,2,1,2,1,1,2,0,3,1,2,0,2,2,1,0,2,0,1,0,1,0,0,0,0,1,1,0,3,2,1,1,0,0,2,2,1,0,0,1,0,1,0,0,1,1,2,1,1,0,1,1,2,0,0,1,0,1,1,0,1,1,0,1,1,0,1,0,0,1,1,1,1,2,0,2,0,2,3,3,1,1,2,1,0,0,4,0,0,3,3,1,0,1,2,1,0,1,3,0,1,0,1,1,2,2,0,2,0,3,1,3,1,2,1,1,0,0,1,4,1,1,0,0,0,0,0,1,1,1,1,0,1,0,2,0,1,1,1,1,3,1,0,1,0,1,3,2,1,0,0,1,0,1,3,0,0,1,0,2,3,0,1,1,1,0,2,2,1,1,1,2,0,2,3,2,3,2,1,1,0,3,2,1,1,0,1,1,1,0,1,0,2,1,0,1,1,0,3,0,1,0,1,1,0,1,1,1,2,3,1,2,0,3,1,0,1,1,1,1,2,0,0,0,1,1,0,3,2,0,0,0,1,0,0,1,0,0,0,2,2,1,0,2,2,2,1,1,0,1,3,0,0,2,1,2,1,1,3,2,0,1,2,0,2,1,1,2,1,1,2,1,1,0,0,2,0,0,2,0,0,1,0,0,1,0,1,1,0,1,1,1,0,3,0,0,1,0,0,2,2,1,0,3,0,0,0,0,0,0,1,3,0,0,2,3,1,1,1,3,0,2,0,2,0,2,1,0,1,0,2,0,2,2,0,2,0,1,2,1,0,0,2,0,3,2,1,2,1,2,1,2,0,2,1,2,0,2,1,1,2,1,1,0,1,3,0,2,1,2,1,0,1,0,1,0,0,1,2,0,1,0,0,2,1,1,3,2,0,2,1,0,1,0,1,0,0,1,0,1,1,1,2,1,0,0,0,1,2,0,1,2,0,1,0,1,4,1,1,2,2,1,0,0,1,2,0,2,0,0,2,0,3,2,1,2,0,0,0,1,0,2,0,2,2,4,1,1,1,2,2,1,1,0,1,1,1,0,0,0,1,0,1,0,1,0,0,1,2,2,0,0,1,2,1,0,1,3,1,0,1,1,2,1,0,0,2,0,1,0,1,1,0,0,2,1,0,0,0,1,1,1,2,1,1,0,0,2,0,1,2,0,1,3,1,0,0,2,0,1,1,0,0,2,0,1,1,1,1,0,1,0,0,1,1,0,0,2,0,1,3,1,1,0,0,2,0,0,0,1,0,0,0,0,1,3,1,0,4,0,2,1,0,0,2,2,0,1,0,0,1,2,1,2,1,1,1,0,2,0,1,1,1,1,3,1,0,0,1,0,0,1,3,2,1,1,0,1,1,0,2,1,2,2,0,2,1,1,1,0,3,2,2,1,2,1,1,0,0,2,0,1,0,0,2,1,0,1,0,1,0,1,2,1,0,0,1,0,0,0,0,0,0,2,0,1,1,0,0,2,0,0,2,2,0,0,1,1,0,0,1,0,0,3,1,2,1,0,2,0,1,2,1,2,0,2,0,0,0,2,3,2,2,0,0,2,0,0,0,0,0,1,2,3,3,1,0,2,0,2,0,0,0,1,0,0,1,0,0,2,2,2,0,2,2,0,0,2,4,3,2,2,2,0,1,2,0,3,1,1,1,0,0,3,4,0,3,1,0,0,1,2,1,1,1,0,1,2,1,3,1,1,2,2,1,0,0,0,0,0,1,1,2,0,4,1,0,0,2,2,1,1,0,0,3,2,2,0,0,2,2,1,1,0,1,0,0,0,0,1,1,0,3,0,1,2,1,0,2,0,0,0,1,3,1,3,0,0,2,0,1,0,1,2,1,0,0,2,1,0,3,1,0,1,0,0,1,1,1,1,2,1,0,2,0,0,1,2,3,0,2,1,2,0,2,2,2,1,1,3,1,3,1,4,1,0,1,1,0,0,1,1,1,1,1,1,0,2,2,0,0,1,1,1,1,1,0,0,2,2,0,1,3,1,1,0,3,4,1,2,0,2,1,1,0,1,1,1,4,1,0,2,0,2,1,0,0,2,2,0,0,0,0,1,2,1,0,0,0,1,0,2,0,1,0,0,0,0,0,2,0,1,0,0,0,1,1,4,0,2,1,1,0,1,1,1,1,2,1,2,1,1,1,2,1,2,1,0,1,0,1,2,1,1,2,1,3,3,0,0,0,0,3,0,1,0,1,2,0,0,4,0,2,3,0,3,0,1,3,1,0,1,2,0,1,1,1,0,3,1,2,2,2,0,0,0,1,1,0,0,0,1,1,0,2,1,0,1,3,0,2,1,2,1,1,0,2,2,1,1,1,2,0,1,2,0,1,1,0,1,1,1,0,3,1,0,3,1,0,0,1,1,1,1,2,1,3,1,1,0,1,2,0,2,2,0,1,1,0,0,0,2,2,0,1,0,4,2,2,0,2,0,1,0,2,0,0,2,1,2,1,0,0,1,1,2,0,1,1,1,0,0,0,0,0,2,0,1,0,1,2,1,0,0,4,0,1,0,1,0,0,3,1,1,1,1,0,0,2,1,0,1,1,0,2,3,4,1,0,0,0,0,0,2,0,0,0,1,2,2,1,2,0,2,1,0,2,0,1,2,1,0,0,0,1,0,3,1,2,0,0,0,2,1,1,0,0,1,1,0,1,1,0,0,1,0,1,0,2,1,2,1,2,0,2,1,1,0,0,0,0,1,0,0,0,0,0,0,0,2,2,0,1,2,2,2,1,2,4,1,1,1,0,0,0,2,0,0,2,0,0,1,1,1,1,1,2,0,3,0,3,3,2,1,1,1,3,1,1,1,0,0,0,2,0,1,2,1,1,2,3,0,0,3,1,0,0,0,0,1,0,0,1,1,1,0,1,1,0,1,0,3,0,2,2,2,0,2,0,0,0,0,0,0,1,2,2,0,1,0,2,1,0,1,0,0,0,1,1,1,1,0,4,1,1,0,1,0,0,0,0,0,0,0,0,1,1,0,2,2,0,0,0,3,1,0,1,4,0,1,3,1,2,1,2,0,1,0,2,0,1,1,1,1,0,0,2,1,2,0,2,1,1,1,0,1,0,1,0,1,1,1,0,1,1,1,0,0,3,0,0,1,1,1,0,2,3,0,3,0,1,0,1,2,1,0,0,0,1,2,1,0,0,1,1,2,1,1,0,1,1,1,1,3,1,1,1,2,0,1,2,0,1,0,2,2,0,0,2,0,1,0,0,1,3,1,2,0,0,0,1,1,0,3,0,0,0,0,0,1,0,0,1,1,1,2,0,2,1,0,1,2,0,2,0,3,0,0,2,1,1,0,2,0,0,0,0,1,0,0,1,3,1,1,1,2,0,0,0,1,2,0,1,4,2,0,0,1,1,1,4,3,0,2,1,0,2,0,0,1,0,2,0,0,1,2,1,1,1,2,0,2,0,0,0,2]},{"counters":[0,2,2,4,1,1,1,2,1,0,1,0,0,2,1,0,0,0,3,2,0,4,0,1,1,1,0,1,2,2,1,1,3,1,2,1,1,0,2,3,1,2,0,1,0,0,1,5,2,2,0,1,0,2,1,1,1,1,1,2,1,2,0,0,2,0,0,3,0,0,1,2,0,1,1,0,0,2,1,0,0,1,0,0,4,1,1,0,0,0,1,0,1,1,1,0,0,1,1,0,0,1,2,1,0,0,2,1,1,1,1,4,0,0,2,0,1,0,1,2,0,1,1,2,0,0,1,0,0,0,1,0,1,1,2,1,0,0,0,3,3,2,2,1,0,1,0,0,0,0,0,2,1,1,0,1,0,2,0,0,1,1,0,0,1,3,0,1,1,2,0,1,1,0,2,0,1,1,2,2,2,0,1,1,0,0,1,1,1,3,0,0,4,3,2,0,1,0,1,2,4,0,0,1,2,3,1,1,2,0,1,3,0,3,0,2,2,1,1,2,0,1,0,0,1,2,0,0,0,1,1,1,1,0,0,0,2,0,1,0,1,1,0,1,1,1,1,1,2,0,1,0,0,2,1,1,1,1,1,2,1,0,1,2,3,2,0,1,1,0,2,2,3,1,0,0,1,1,3,0,2,2,1,0,1,1,0,1,1,0,3,3,2,0,0,0,1,1,2,1,0,0,0,0,3,0,1,3,0,0,2,2,0,1,2,1,2,1,0,1,1,4,1,0,0,1,0,1,2,0,0,3,1,0,1,0,1,1,0,0,1,1,3,0,3,1,0,0,0,1,1,1,0,2,0,0,1,0,0,0,1,0,1,0,2,1,1,0,2,0,1,1,2,1,2,0,0,2,1,2,0,1,1,1,1,1,1,0,0,1,1,2,1,1,1,0,0,3,2,3,0,1,0,0,0,0,1,0,0,2,3,2,4,4,1,1,1,0,1,1,0,1,2,0,1,2,1,0,1,0,1,1,0,2,1,2,2,1,0,3,0,2,2,3,1,1,0,1,1,2,0,0,0,0,1,1,0,1,0,0,1,1,0,0,3,1,0,0,1,0,0,0,1,1,1,1,1,3,1,2,1,1,0,0,0,0,2,1,3,1,0,1,1,2,0,1,3,1,0,2,0,2,2,1,2,3,2,1,1,1,1,0,3,0,1,1,1,0,1,1,0,1,1,0,1,1,2,2,0,2,0,2,0,1,0,0,1,0,0,1,1,1,2,0,1,1,2,2,0,1,2,4,0,2,0,2,0,0,2,1,0,2,1,0,1,0,0,0,1,0,3,0,1,1,1,1,1,0,2,2,1,1,2,1,0,0,0,1,1,1,0,1,0,2,1,1,1,2,0,1,0,1,2,0,2,1,0,1,2,2,2,0,1,0,1,1,1,0,0,1,0,0,2,0,2,1,0,1,2,1,0,5,2,1,0,0,0,0,0,0,2,2,1,2,3,0,0,2,2,0,0,2,0,2,0,1,1,1,1,1,2,2,2,0,1,0,2,2,1,1,1,4,1,2,0,1,0,2,1,1,3,0,0,1,2,0,0,1,0,1,2,1,0,1,0,0,1,0,1,0,0,0,0,0,3,1,1,3,0,0,3,0,2,1,1,1,1,0,2,0,0,0,0,1,2,0,1,1,1,1,0,0,2,0,2,1,1,1,1,0,2,0,0,3,0,0,0,1,1,0,1,0,2,2,0,2,4,1,0,0,0,0,0,4,0,0,1,1,2,0,2,2,3,3,2,1,0,0,1,0,0,0,1,1,1,1,2,0,1,2,0,0,2,2,0,1,1,1,0,0,0,4,0,0,1,2,5,1,1,0,3,0,1,1,2,1,0,1,0,1,1,1,2,1,1,2,1,0,2,0,1,1,2,0,0,1,3,2,2,0,1,2,3,2,1,1,2,0,0,1,0,1,2,0,2,2,0,0,2,0,2,1,2,1,0,2,0,2,2,1,1,0,0,0,0,0,0,2,0,0,0,1,1,0,1,1,0,1,1,0,1,0,1,2,0,1,2,4,1,0,1,1,3,0,2,2,0,0,0,1,0,1,1,1,2,1,0,0,1,2,0,0,0,1,1,0,1,2,1,1,0,2,1,0,0,3,0,1,2,1,1,1,1,2,0,1,0,1,0,2,2,1,0,0,3,1,1,0,1,2,1,3,1,0,1,2,1,1,0,0,1,1,0,2,2,1,1,1,0,0,1,0,0,2,1,1,0,0,0,1,0,3,0,1,1,0,2,3,1,1,1,1,0,0,2,0,2,0,1,0,0,1,0,0,1,0,0,3,1,1,1,0,1,1,0,3,0,0,0,0,2,2,1,2,1,2,1,0,0,0,0,0,0,0,0,1,2,1,3,1,1,1,0,1,0,1,1,2,3,3,2,3,1,1,3,1,2,1,2,1,1,2,2,1,0,1,2,0,1,2,1,2,0,1,1,2,0,1,1,2,3,2,0,1,0,0,0,0,1,1,0,0,2,3,2,0,0,2,0,0,1,0,3,1,0,0,0,1,2,0,0,1,0,1,2,0,1,1,1,0,0,1,0,1,2,0,2,0,2,1,2,2,0,2,0,1,0,0,1,2,1,1,1,0,2,1,0,0,0,0,2,1,0,2,0,2,0,1,1,1,1,0,1,0,1,1,3,0,1,2,1,0,2,0,2,0,2,1,1,1,2,2,1,0,3,1,1,1,0,1,1,2,0,1,2,1,1,0,1,0,0,1,0,0,0,1,1,1,0,1,0,0,3,1,1,1,0,1,3,0,1,1,1,2,0,2,1,1,2,2,1,1,1,2,2,0,2,1,0,1,1,1,3,1,1,3,2,2,2,0,1,0,0,2,5,1,0,0,1,3,0,1,0,2,0,0,3,2,0,2,0,1,1,1,1,1,0,1,0,1,2,0,0,1,0,3,1,2,1,0,0,0,0,3,0,2,1,0,2,0,0,2,2,1,1,2,2,1,2,1,1,0,1,1,1,1,0,2,1,0,1,0,0,2,1,0,2,2,1,2,1,1,0,0,1,3,2,0,0,0,1,0,0,1,2,2,1,0,1,2,1,1,1,0,1,6,1,3,3,2,0,0,0,1,2,1,0,0,1,1,1,0,0,0,2,0,1,0,0,2,0,3,0,0,0,3,2,2,1,2,0,3,0,0,1,2,1,1,1,2,0,2,2,1,0,0,0,0,1,0,0,0,0,1,1,0,0,0,1,1,0,0,1,0,1,1,0,1,2,1,0,0,1,1,2,0,1,2,1,2,2,1,1,5,1,1,0,0,1,1,0,1,1,0,0,0,0,0,1,1,1,3,1,2,3,0,2,0,2,2,3,1,1,2,4,2,0,1,3,3,1,1,0,0,0,0,2,1,0,0,1,1,1,1,2,1,1,2,2,0,1,2,1,1,0,0,2,2,0,1,1,0,2,1,2,1,1,1,3,0,2,1,2,2,1,1,1,0,0,0,0,3,2,3,0,0,0,0,1,1,0,1,1,1,2,0,1,1,0,0,2,3,0,1,0,1,0,2,2,1,1,3,1,1,0,0,2,1,2,3,0,1,0,2,1,0,2,0,3,0,1,1,1,1,1,3,1,1,0,1,1,0,1,1,1,3,1,5,0,1,1,3,3,2,1,0,0,2,2,0,1,1,2,0,1,3,0,0,1,3,1,0,1,2,0,0,0,1,1,0,1,1,1,1,1,1,0,0,2,1,0,0,0,5,0,1,2,0,2,1,0,1,1,2,3,2,2,1,1,1,1,1,0,1,0,0,2,0,2,1,1,0,2,2,0,3,3,1,0,1,2,1,0,1,1,0,2,0,3,2,0,1,1,0,0,0,0,1,0,3,1,1,0,1,0,0,0,0,0,1,0,0,0,1,2,3,1,1,0,0,0,0,2,1,0,0,0,0,0,1,2,2,0,0,3,0,0,2,1,0,0,0,0,1,0,1,1,0,0,1,0,1,0,2,0,1,1,1,1,0,1,0,2,1,0,1,0,0,3,1,1,0,5,1,2,2,2,1,3,2,1,1,1,1,2,2,1,0,1,1,0,0,0,1,1,2,0,0,0,1,1,2,2,1,3,2,1,1,1,0,0,0,0,2,0,2,2,1,3,1,3,2,0,4,3,0,2,1,1,1,0,1,0,0,0,0,2,0,1,1,3,0,1,0,0,1,0,4,0,0,1,0,0,1,0,0,0,0,0,0,0,1,1,1,1,1,1,1,1,1,0,1,1,0,0,2,2,1,1,1,0,1,0,2,1,0,0,5,0,1,3,1,0,1,0,2,1,2,0,1,3,1,0,1,1,1,0,2,0,1,5,0,0,0,1,1,1,0,0,1,2,1,2,1,1,1,0,0,0,2,1,0,1,0,2,3,0,0,1,1,0,0,0,4,1,1,2,2,1,1,1,3,2,1,0,0,0,0,2,2,0,0,1,1,0,0,0,1,1,2,0,0,2,0,0,1,1,0,1,0,1,2,1,0,1,3,1,0,1,0,1,0,2,0,0,2,1,0,1,2,2,0,1,1,1,3,0,2,2,1,0,0,2,3,0,1,0,1,1,0,1,1,1,1,3,1,1,0,1,1,1,0,1,1,2,1,0,1]},{"counters":[2,0,1,0,1,0,0,1,2,0,1,2,0,0,1,1,0,0,2,2,2,1,0,0,1,0,2,0,0,1,1,1,0,4,1,1,0,1,1,1,0,1,0,0,1,3,1,1,1,0,2,0,0,1,0,1,1,2,2,0,3,1,2,0,1,0,0,1,1,0,1,1,0,1,2,0,0,1,1,1,1,1,2,0,1,4,2,0,1,1,1,2,1,1,0,3,1,5,1,1,2,1,2,0,2,4,1,0,0,0,1,0,4,0,5,0,1,1,0,3,0,1,2,2,0,1,0,2,1,0,1,1,0,1,0,1,0,0,0,1,1,1,2,1,2,0,3,2,0,0,0,2,1,1,0,0,3,0,1,2,0,0,2,0,1,0,1,2,0,3,1,1,1,0,0,1,2,2,0,3,1,1,0,0,0,0,0,0,0,2,1,0,4,2,0,2,0,1,2,2,2,0,2,1,0,1,0,3,1,1,0,1,1,2,1,3,2,0,0,0,0,2,2,1,5,1,1,0,1,2,1,0,0,3,1,2,0,0,0,3,2,1,0,2,0,1,2,0,0,2,0,0,1,1,1,0,4,1,0,1,2,1,0,0,3,3,0,0,0,2,1,1,1,1,1,1,1,0,1,0,3,3,1,0,1,0,0,2,2,5,1,1,0,0,1,1,2,3,0,1,1,2,0,1,1,0,1,2,1,1,0,1,2,3,2,0,1,2,1,0,1,2,0,0,1,1,3,0,0,3,1,0,0,0,0,0,3,0,2,3,1,0,1,1,1,0,1,1,3,0,2,0,0,1,2,0,2,0,2,1,2,1,2,2,0,0,1,1,0,0,1,1,2,2,1,2,0,0,1,0,1,0,1,1,0,2,0,0,3,2,2,1,1,1,1,0,1,0,1,1,0,1,1,3,1,0,1,1,1,0,3,0,2,0,0,1,0,1,0,2,1,0,1,1,2,0,1,0,2,0,1,0,0,0,0,0,2,1,1,0,2,1,2,1,2,1,2,1,2,0,1,1,0,0,0,2,4,0,2,3,2,0,1,3,0,1,1,0,0,2,1,2,2,1,1,0,0,2,1,1,0,0,1,4,2,2,0,0,0,0,1,2,1,0,1,2,1,1,2,1,3,1,1,1,0,0,0,0,1,1,1,1,0,1,1,2,0,2,2,0,2,3,1,0,1,1,0,0,0,2,4,1,0,1,0,0,0,1,1,0,2,3,0,2,4,2,1,1,2,1,1,0,1,2,3,1,1,1,1,0,1,1,0,1,1,1,2,0,1,1,0,0,3,1,0,1,2,1,0,0,0,1,0,1,0,1,3,2,1,3,0,0,0,1,0,1,0,0,2,3,1,3,1,1,1,0,0,1,4,2,1,1,3,2,1,2,0,1,0,0,2,1,0,1,1,2,0,1,0,0,2,1,1,0,0,0,0,0,1,0,1,0,1,0,1,0,0,1,3,2,1,1,0,1,1,0,1,2,0,1,1,1,3,1,0,1,0,1,1,2,1,0,0,1,0,6,0,0,0,2,1,2,0,2,0,2,1,3,0,2,1,1,1,3,0,0,1,0,0,1,4,1,2,0,2,0,2,1,1,1,2,0,0,2,1,2,2,1,3,3,0,2,2,2,1,0,0,0,1,1,2,2,1,0,0,1,0,2,0,0,1,3,1,0,1,1,0,1,1,0,1,1,1,0,4,2,0,2,1,2,1,1,1,1,0,0,1,1,1,0,0,0,0,1,1,0,0,1,0,2,1,1,0,0,0,1,0,2,1,0,2,0,0,2,0,0,0,1,1,1,1,2,1,0,0,2,1,1,0,1,0,2,1,2,2,0,2,0,0,0,1,3,1,2,3,0,1,0,1,3,0,0,0,0,1,0,2,0,2,0,1,0,1,3,0,1,0,0,0,1,1,2,0,2,2,1,0,2,3,2,4,0,0,3,1,1,1,1,1,1,1,1,0,0,1,1,2,0,0,1,1,2,0,0,0,2,1,0,1,0,0,1,2,0,2,2,1,1,1,0,1,0,2,0,1,1,2,0,0,0,4,1,0,0,1,2,3,1,1,0,2,2,1,0,0,1,2,1,1,1,2,1,0,1,3,1,0,0,0,0,0,1,1,1,0,0,1,1,2,0,2,0,3,2,1,1,1,1,1,0,0,0,1,0,0,1,1,3,0,2,0,1,1,3,0,2,2,0,1,1,0,0,1,1,0,1,0,1,2,1,1,0,2,1,3,0,1,1,0,1,1,0,0,0,1,1,1,0,2,4,3,0,2,0,3,1,1,1,1,1,1,0,0,2,2,0,1,2,3,0,0,3,1,0,1,0,0,0,0,3,0,2,2,0,0,1,3,2,1,1,0,0,0,1,2,1,0,1,2,0,2,1,0,1,0,0,1,2,3,0,0,0,1,4,2,0,1,1,0,0,1,2,0,1,3,3,0,1,1,0,1,1,3,3,2,2,0,1,1,2,1,0,0,1,2,2,0,0,1,0,0,2,0,0,0,0,1,0,2,1,2,0,2,2,1,1,0,2,1,1,2,0,3,3,2,3,1,1,1,0,1,0,1,0,0,2,0,1,0,0,1,0,0,1,1,1,1,0,1,1,0,3,1,1,1,1,3,2,4,2,0,2,1,1,2,0,2,0,0,0,1,0,1,1,2,2,0,3,1,1,1,1,2,1,3,0,1,0,1,1,2,1,1,0,1,0,3,0,0,3,1,1,3,0,0,0,4,1,0,0,3,0,1,0,2,0,1,0,2,2,2,1,2,2,1,0,2,0,1,0,0,0,2,1,1,3,1,0,0,2,0,0,0,1,1,2,0,1,0,1,0,1,0,0,0,0,4,2,1,1,0,2,3,1,1,0,1,2,1,0,0,0,1,1,1,0,1,1,2,0,1,0,2,0,2,1,0,0,1,0,1,1,0,0,2,2,0,1,0,1,1,0,1,2,2,2,1,1,1,0,2,2,1,4,1,1,1,3,0,1,1,0,2,0,1,3,1,0,0,2,2,0,1,1,0,1,2,0,0,1,4,1,4,2,3,3,0,1,0,1,3,0,0,0,0,1,1,1,0,0,2,1,0,0,1,0,3,0,1,0,0,2,0,0,1,0,0,0,1,0,1,2,0,0,1,1,0,1,0,1,1,0,0,1,0,0,2,0,0,0,2,1,0,1,2,0,0,0,0,1,1,1,1,1,1,1,0,0,0,2,0,0,0,1,1,1,0,1,2,0,1,0,0,0,1,0,1,0,1,1,0,1,0,0,1,3,3,1,2,0,2,0,0,0,1,3,1,0,0,2,1,1,1,3,0,4,0,1,1,4,0,0,0,0,0,2,0,1,0,3,1,2,3,1,0,1,0,1,1,0,0,1,0,2,1,3,0,3,2,1,0,1,0,1,1,1,3,3,0,1,0,3,0,0,1,1,4,1,2,3,0,0,0,2,0,1,0,1,1,1,1,3,0,0,0,0,0,1,2,1,0,1,0,1,1,3,2,1,1,2,1,2,1,1,1,1,0,1,2,1,0,0,1,1,0,0,0,3,0,3,2,1,1,0,0,0,2,2,1,2,0,0,1,1,1,1,0,1,0,0,2,1,1,0,1,1,1,0,1,3,3,0,0,1,2,0,3,1,1,1,1,2,0,2,0,4,4,1,2,0,0,3,1,1,0,2,0,1,1,0,2,1,1,0,1,1,1,1,0,1,2,2,1,1,2,2,0,1,1,2,0,1,1,2,1,0,0,2,0,2,1,0,1,0,1,1,1,1,1,2,1,0,0,1,0,1,0,0,1,1,0,0,1,1,0,1,0,0,0,1,1,3,0,0,0,3,2,2,1,2,0,1,1,0,0,0,1,2,2,1,1,0,0,2,1,0,0,0,0,0,3,3,1,3,1,0,3,2,0,2,0,2,4,1,0,2,0,1,1,1,0,0,1,1,0,2,1,1,2,2,2,1,0,0,1,0,1,2,0,3,0,1,0,0,0,2,1,1,1,1,1,0,0,0,0,0,1,1,0,0,1,0,0,0,1,0,4,1,0,0,1,1,0,1,0,1,0,1,4,0,2,1,2,0,1,1,1,1,0,0,1,3,0,0,1,1,3,1,2,0,1,0,0,2,1,2,1,1,2,2,1,0,2,1,0,1,0,1,2,2,1,1,0,0,0,2,2,0,0,3,2,1,0,0,2,1,0,1,0,1,2,0,1,1,0,1,3,2,0,2,1,0,0,0,2,1,0,3,0,2,0,0,1,0,0,0,2,0,1,1,5,0,0,1,2,1,3,2,1,2,1,3,0,0,2,1,1,2,2,0,1,0,1,1,2,0,0,3,1,2,0,2,0,0,0,2,2,4,0,2,1,2,1,1,0,2,1,1,0,2,1,0,4,0,0,2,0,1,1,1,0,1,4,1,1,0,1,1,0,2,0,3,1,0,0,2,0,3,0,0,0,1,1,1,1,1,1,1,1,0,2,1,1,1,3,0,0,0,0,1,1,0,1,0,1,0,0,1,1,1,1,1,0,0,0,0,0,0,3,0,0,2,2,0,0,1,1,2,0,1,0,0,0,1,1,0,1,0,2,1,1,0,1,1,0,1,0,0]}]},"null_count":0,"last_update_version":397952044994396160},"b":{"histogram":{"ndv":2000,"buckets":[{"count":8,"lower_bound":"LTIxNDY1NzQ2ODk=","upper_bound":"LTIxMzA1NjM1Mzg=","repeats":1},{"count":16,"lower_bound":"LTIxMTgwMzQyMzA=","upper_bound":"LTIxMDkzNTgyMTY=","repeats":1},{"count":24,"lower_bound":"LTIxMDMyMjM3ODI=","upper_bound":"LTIwODA3MDk0NDI=","repeats":1},{"count":32,"lower_bound":"LTIwNzQzMzY2MTk=","upper_bound":"LTIwNjc5MjQ3NDA=","repeats":1},{"count":40,"lower_bound":"LTIwNjE4OTA5NDI=","upper_bound":"LTIwNTc4NTc1OTg=","repeats":1},{"count":48,"lower_bound":"LTIwNTUzNzQ2MzY=","upper_bound":"LTIwNDM5NjE5MTc=","repeats":1},{"count":56,"lower_bound":"LTIwMzc2OTUzMzk=","upper_bound":"LTIwMjUzODIwODM=","repeats":1},{"count":64,"lower_bound":"LTIwMjQyNDkyNDU=","upper_bound":"LTIwMjEyNjA1OTg=","repeats":1},{"count":72,"lower_bound":"LTIwMjA4NjMxNzM=","upper_bound":"LTIwMDYxOTMwMDE=","repeats":1},{"count":80,"lower_bound":"LTIwMDQyODE4OTk=","upper_bound":"LTE5OTg3OTcxNzI=","repeats":1},{"count":88,"lower_bound":"LTE5OTE3MjgzNTQ=","upper_bound":"LTE5ODU1ODQ1OTk=","repeats":1},{"count":96,"lower_bound":"LTE5ODE5MTIzNDc=","upper_bound":"LTE5NjEzMzQ1OTc=","repeats":1},{"count":104,"lower_bound":"LTE5NTQ4NTkyOTA=","upper_bound":"LTE5NDcwMzYxODA=","repeats":1},{"count":112,"lower_bound":"LTE5NDE0MDM5ODc=","upper_bound":"LTE5MjQxMDYzMDQ=","repeats":1},{"count":120,"lower_bound":"LTE5MjIxNTYxNzU=","upper_bound":"LTE5MTU3OTEzNzk=","repeats":1},{"count":128,"lower_bound":"LTE5MTQ3NTU4Mjc=","upper_bound":"LTE4OTQ3OTg0NDc=","repeats":1},{"count":136,"lower_bound":"LTE4ODcyMTQ0MTE=","upper_bound":"LTE4NzAxNTI3OTI=","repeats":1},{"count":144,"lower_bound":"LTE4NjgzMDM4MzU=","upper_bound":"LTE4NTcyNDcyNjQ=","repeats":1},{"count":152,"lower_bound":"LTE4NTI4NTcxOTI=","upper_bound":"LTE4NDc0ODAxOTE=","repeats":1},{"count":160,"lower_bound":"LTE4MzUzMzY0NTc=","upper_bound":"LTE4MjI5NTIwMTk=","repeats":1},{"count":168,"lower_bound":"LTE4MjE5NzQzNDU=","upper_bound":"LTE4MTAxNTYxMzE=","repeats":1},{"count":176,"lower_bound":"LTE4MDk0NDU3NjI=","upper_bound":"LTE3OTA4MDgwMDY=","repeats":1},{"count":184,"lower_bound":"LTE3ODk5ODk3NjU=","upper_bound":"LTE3ODYyNDQ5MTY=","repeats":1},{"count":192,"lower_bound":"LTE3ODU5MzM0NjU=","upper_bound":"LTE3NzUzNTg4OTY=","repeats":1},{"count":200,"lower_bound":"LTE3NzEwOTE2MTY=","upper_bound":"LTE3NjQ5OTQ4Nzc=","repeats":1},{"count":208,"lower_bound":"LTE3NjA3NTQ1NDQ=","upper_bound":"LTE3NTc0MzI4ODA=","repeats":1},{"count":216,"lower_bound":"LTE3NTQ2ODIzMDE=","upper_bound":"LTE3Mzg3MDUxMzk=","repeats":1},{"count":224,"lower_bound":"LTE3Mzc0MzE2NTE=","upper_bound":"LTE3MjMyOTMxOTQ=","repeats":1},{"count":232,"lower_bound":"LTE3MTgyNzA3MzQ=","upper_bound":"LTE3MTA3MjE4MzM=","repeats":1},{"count":240,"lower_bound":"LTE3MDk5NzIzMjk=","upper_bound":"LTE2ODY0NjE3MDE=","repeats":1},{"count":248,"lower_bound":"LTE2ODQyMTY4MDc=","upper_bound":"LTE2Njk0NDM1MzI=","repeats":1},{"count":256,"lower_bound":"LTE2NjQ0NDIxNTM=","upper_bound":"LTE2NjA4MTg2MTg=","repeats":1},{"count":264,"lower_bound":"LTE2NTc2Njg5MzQ=","upper_bound":"LTE2NTE4NTc2NzY=","repeats":1},{"count":272,"lower_bound":"LTE2NDkwNzUyMzA=","upper_bound":"LTE2Mjc4NTM5MzE=","repeats":1},{"count":280,"lower_bound":"LTE2MTg2OTY2NDA=","upper_bound":"LTE1OTk5NjU2OTY=","repeats":1},{"count":288,"lower_bound":"LTE1ODM1NzE1MjY=","upper_bound":"LTE1NzIzMjM4OTI=","repeats":1},{"count":296,"lower_bound":"LTE1Njk0ODA1MDA=","upper_bound":"LTE1NTc2NTE0NjU=","repeats":1},{"count":304,"lower_bound":"LTE1NDM4NzcwODI=","upper_bound":"LTE1MTcxNDU4MjI=","repeats":1},{"count":312,"lower_bound":"LTE1MTAzNzMzMzY=","upper_bound":"LTE0OTUxMTE2MDM=","repeats":1},{"count":320,"lower_bound":"LTE0ODU2NzE3NTM=","upper_bound":"LTE0Nzc3NTY5ODM=","repeats":1},{"count":328,"lower_bound":"LTE0NjcwNzI5OTY=","upper_bound":"LTE0NDc3MDkwMTU=","repeats":1},{"count":336,"lower_bound":"LTE0NDYxOTc5NDI=","upper_bound":"LTE0MjA4NjE2NDI=","repeats":1},{"count":344,"lower_bound":"LTE0MjA1OTM1NzE=","upper_bound":"LTE0MTM4OTYxODU=","repeats":1},{"count":352,"lower_bound":"LTE0MTM1OTQ5NzM=","upper_bound":"LTEzOTEzMTExNzk=","repeats":1},{"count":360,"lower_bound":"LTEzODc2Mjk2NzY=","upper_bound":"LTEzNTc0Mjk2MDk=","repeats":1},{"count":368,"lower_bound":"LTEzNTY3OTM1NDY=","upper_bound":"LTEzNDQ1NTY3NDA=","repeats":1},{"count":376,"lower_bound":"LTEzMzY4NTMxMzg=","upper_bound":"LTEzMjkxNDY4NzQ=","repeats":1},{"count":384,"lower_bound":"LTEzMjgzMDE0NDk=","upper_bound":"LTEzMDYwMjY3MjQ=","repeats":1},{"count":392,"lower_bound":"LTEzMDEyOTU3MTE=","upper_bound":"LTEyNjU5MjYwNDM=","repeats":1},{"count":400,"lower_bound":"LTEyNjE5NjI3OTk=","upper_bound":"LTEyNDk5NDk4NzU=","repeats":1},{"count":408,"lower_bound":"LTEyNDQ2ODgyMTE=","upper_bound":"LTEyMjU1MTQzODQ=","repeats":1},{"count":416,"lower_bound":"LTEyMjI3MjMwODM=","upper_bound":"LTEyMDc0NjQxMzI=","repeats":1},{"count":424,"lower_bound":"LTEyMDc0MDM5ODg=","upper_bound":"LTExOTUyNjY1OTM=","repeats":1},{"count":432,"lower_bound":"LTExODkxNTkzNjk=","upper_bound":"LTExNjcyMzI1ODc=","repeats":1},{"count":440,"lower_bound":"LTExNjQ5MDM1ODY=","upper_bound":"LTExNTY1NTEyODE=","repeats":1},{"count":448,"lower_bound":"LTExNTYxNjkzNjI=","upper_bound":"LTExNTA4NTAyNTM=","repeats":1},{"count":456,"lower_bound":"LTExNDM3MjYxOTY=","upper_bound":"LTExMjg0MTk2NjI=","repeats":1},{"count":464,"lower_bound":"LTExMTc3MTE0MDI=","upper_bound":"LTExMDIxMDYxMTE=","repeats":1},{"count":472,"lower_bound":"LTEwOTc5MzgwMzg=","upper_bound":"LTEwODQzMzYwOTM=","repeats":1},{"count":480,"lower_bound":"LTEwODMwMjkwNjY=","upper_bound":"LTEwNzY5MDcyNzM=","repeats":1},{"count":488,"lower_bound":"LTEwNzYzNTUyNzQ=","upper_bound":"LTEwNjY0NzI5ODU=","repeats":1},{"count":496,"lower_bound":"LTEwNjA3MzA3Mjc=","upper_bound":"LTEwNDM4MDE5MjQ=","repeats":1},{"count":504,"lower_bound":"LTEwMzk5MTc1NTI=","upper_bound":"LTEwMzM1ODE1NDQ=","repeats":1},{"count":512,"lower_bound":"LTEwMzI3MDc5NTU=","upper_bound":"LTEwMjAzMTE2Njg=","repeats":1},{"count":520,"lower_bound":"LTEwMTYyNDU3MTM=","upper_bound":"LTk4OTMxOTUwMg==","repeats":1},{"count":528,"lower_bound":"LTk4NzkyMTkyMA==","upper_bound":"LTk1Mzk4ODI0MQ==","repeats":1},{"count":536,"lower_bound":"LTk0OTUxNTgyNw==","upper_bound":"LTkzMTE3MTUwNA==","repeats":1},{"count":544,"lower_bound":"LTkzMDQ0MTAyNg==","upper_bound":"LTkyNTUzNzg0MQ==","repeats":1},{"count":552,"lower_bound":"LTkyNTE3ODkxOA==","upper_bound":"LTkxOTI2NzQ4Ng==","repeats":1},{"count":560,"lower_bound":"LTkwMjQ3ODQyNA==","upper_bound":"LTg4ODM5NjQ4MA==","repeats":1},{"count":568,"lower_bound":"LTg4MDc3MDk2OA==","upper_bound":"LTg3NzAyNjQ0NQ==","repeats":1},{"count":576,"lower_bound":"LTg3NjMxODQ0MA==","upper_bound":"LTg2NTgwMzAxOA==","repeats":1},{"count":584,"lower_bound":"LTg1ODE4NDkwMQ==","upper_bound":"LTg1MTY5MjM0OA==","repeats":1},{"count":592,"lower_bound":"LTg1MDEyNDYyOQ==","upper_bound":"LTg0MjYxNDMwMA==","repeats":1},{"count":600,"lower_bound":"LTg0MDM2MTg4MQ==","upper_bound":"LTgzMjMxNjM4MA==","repeats":1},{"count":608,"lower_bound":"LTgyNzIwMTQ2Ng==","upper_bound":"LTgwOTIxMjk3MQ==","repeats":1},{"count":616,"lower_bound":"LTgwNjkwMTk2Ng==","upper_bound":"LTc5ODQ3MzE5Mw==","repeats":1},{"count":624,"lower_bound":"LTc5NDMzNDY4NA==","upper_bound":"LTc4NDA2MTc0Mg==","repeats":1},{"count":632,"lower_bound":"LTc4MDc4MzQ5Nw==","upper_bound":"LTc2OTg2MjA3Mw==","repeats":1},{"count":640,"lower_bound":"LTc2ODY2MDE3Nw==","upper_bound":"LTc1OTE2NDA2OQ==","repeats":1},{"count":648,"lower_bound":"LTc0OTgxMDA4MQ==","upper_bound":"LTc0NDI5ODQxMA==","repeats":1},{"count":656,"lower_bound":"LTczOTg2MTI5MA==","upper_bound":"LTcxODQwMzY5MA==","repeats":1},{"count":664,"lower_bound":"LTcxMzUzNDE5MA==","upper_bound":"LTcwNDkwODgyMg==","repeats":1},{"count":672,"lower_bound":"LTcwNDM4NDYzMA==","upper_bound":"LTY3NjUxNTM0OA==","repeats":1},{"count":680,"lower_bound":"LTY3MjM3NzEwNQ==","upper_bound":"LTY2MDk2MDEwNw==","repeats":1},{"count":688,"lower_bound":"LTY1NzQwMTg2Mg==","upper_bound":"LTYyOTQzNTAzNQ==","repeats":1},{"count":696,"lower_bound":"LTYyODQ4MzIyMg==","upper_bound":"LTYwNDE3MTUyNw==","repeats":1},{"count":704,"lower_bound":"LTYwMTA3MzMxMA==","upper_bound":"LTU4MzI3NjU0OQ==","repeats":1},{"count":712,"lower_bound":"LTU4MjgzMzk4Mg==","upper_bound":"LTU3NDA0NzIzNw==","repeats":1},{"count":720,"lower_bound":"LTU2NzcxNzAxOQ==","upper_bound":"LTU1MzA4OTUyMg==","repeats":1},{"count":728,"lower_bound":"LTU1MDMzMDAxMw==","upper_bound":"LTU0MzE2ODY3Mg==","repeats":1},{"count":736,"lower_bound":"LTU0MTk4MTI5Mg==","upper_bound":"LTUxOTczODA2MA==","repeats":1},{"count":744,"lower_bound":"LTUxNDQ1NDQyNQ==","upper_bound":"LTUxMjA5MTU2MA==","repeats":1},{"count":752,"lower_bound":"LTUwMzE1OTY1Ng==","upper_bound":"LTQ5NjUwOTk2OA==","repeats":1},{"count":760,"lower_bound":"LTQ4OTg4MTM1Ng==","upper_bound":"LTQ4MzA3NjAzMg==","repeats":1},{"count":768,"lower_bound":"LTQ4MDQ5Nzc0MQ==","upper_bound":"LTQ2ODgxNDI3Mw==","repeats":1},{"count":776,"lower_bound":"LTQ2NDU5MDM1OA==","upper_bound":"LTQ1MzkxMDc5Mw==","repeats":1},{"count":784,"lower_bound":"LTQ1MzQxMTExNA==","upper_bound":"LTQzNzMwOTYxOQ==","repeats":1},{"count":792,"lower_bound":"LTQzNjM1MTM3NA==","upper_bound":"LTQyNzU3MTE0MA==","repeats":1},{"count":800,"lower_bound":"LTQyNjY5NjQ3MQ==","upper_bound":"LTQyMTMyMzc1MA==","repeats":1},{"count":808,"lower_bound":"LTQxNTM0MzMxNw==","upper_bound":"LTQwOTc4ODI3OA==","repeats":1},{"count":816,"lower_bound":"LTQwODI2MzE0OQ==","upper_bound":"LTM5NjQ5NzYzNg==","repeats":1},{"count":824,"lower_bound":"LTM5NTUzNDUwNw==","upper_bound":"LTM4Nzk3NTAyNA==","repeats":1},{"count":832,"lower_bound":"LTM4MTQ5NDg2Mg==","upper_bound":"LTM3NzE2MTA4Mg==","repeats":1},{"count":840,"lower_bound":"LTM3NjM1NzM1OA==","upper_bound":"LTM2OTkxOTk1OQ==","repeats":1},{"count":848,"lower_bound":"LTM2Nzc5ODg0NA==","upper_bound":"LTM0NTc0NjU4NQ==","repeats":1},{"count":856,"lower_bound":"LTM0NDM5MDk1Nw==","upper_bound":"LTM0MjY2MjcwMA==","repeats":1},{"count":864,"lower_bound":"LTM0MTAwMjIwMQ==","upper_bound":"LTMzNTc0OTEyOQ==","repeats":1},{"count":872,"lower_bound":"LTMzMzk4NjQ2Mg==","upper_bound":"LTMyNjk2NzgzMQ==","repeats":1},{"count":880,"lower_bound":"LTMxMjcxMDUxOA==","upper_bound":"LTI5NDE1MzM1Ng==","repeats":1},{"count":888,"lower_bound":"LTI5MDk2ODYwOA==","upper_bound":"LTI3MzE5MDQ3Mw==","repeats":1},{"count":896,"lower_bound":"LTI2OTIxMjM1NA==","upper_bound":"LTI1ODEzODU5Mg==","repeats":1},{"count":904,"lower_bound":"LTI0MDQyNDY3Nw==","upper_bound":"LTIxNzU0MzY4MQ==","repeats":1},{"count":912,"lower_bound":"LTIxMzkwOTEzNw==","upper_bound":"LTIwNDQyODExMw==","repeats":1},{"count":920,"lower_bound":"LTIwMzQ5MzM0MQ==","upper_bound":"LTE4NDAwMDY5NQ==","repeats":1},{"count":928,"lower_bound":"LTE4MjUzNjQzNg==","upper_bound":"LTE2OTMyNDk0Nw==","repeats":1},{"count":936,"lower_bound":"LTE2Nzc1MTE3MA==","upper_bound":"LTE1NzMzNzA4OQ==","repeats":1},{"count":944,"lower_bound":"LTE1NjYyNjgxNA==","upper_bound":"LTE0NzYwOTg4MQ==","repeats":1},{"count":952,"lower_bound":"LTE0MzA0NDQ3NA==","upper_bound":"LTE0MjM1NjE4OA==","repeats":1},{"count":960,"lower_bound":"LTE0MDMyODc3Ng==","upper_bound":"LTEyNzk2MDczNg==","repeats":1},{"count":968,"lower_bound":"LTEyMzM5OTI3OA==","upper_bound":"LTExODM3MDQ5Mw==","repeats":1},{"count":976,"lower_bound":"LTExNjEzNDY0Ng==","upper_bound":"LTExMDE5Njk1MQ==","repeats":1},{"count":984,"lower_bound":"LTEwMjM3NzUxOQ==","upper_bound":"LTgzNzI5OTY3","repeats":1},{"count":992,"lower_bound":"LTgyNTc2NjEy","upper_bound":"LTY3NTU3NzYw","repeats":1},{"count":1000,"lower_bound":"LTY2NzU3MDAx","upper_bound":"LTQ3MTc4ODY4","repeats":1},{"count":1008,"lower_bound":"LTQ2NjMxMzk3","upper_bound":"LTMxNTA3MDMw","repeats":1},{"count":1016,"lower_bound":"LTI0NDM5OTIy","upper_bound":"LTE2NDE4MjI0","repeats":1},{"count":1024,"lower_bound":"LTEyODc3MTg4","upper_bound":"NDEwNDgzMA==","repeats":1},{"count":1032,"lower_bound":"NTAyODcxMw==","upper_bound":"MTY2MTc3MDg=","repeats":1},{"count":1040,"lower_bound":"MjYxODMyODY=","upper_bound":"NDgyNjI2NzY=","repeats":1},{"count":1048,"lower_bound":"NDk2MDU3Mjg=","upper_bound":"NTc5ODg3Mjk=","repeats":1},{"count":1056,"lower_bound":"NjczMDIzMzA=","upper_bound":"NzM0NTYzMDY=","repeats":1},{"count":1064,"lower_bound":"NzU0Nzg0MTQ=","upper_bound":"ODM2MTg0NDM=","repeats":1},{"count":1072,"lower_bound":"ODM4MTk0NTY=","upper_bound":"OTA5ODIzNjU=","repeats":1},{"count":1080,"lower_bound":"OTEwMzU2NjI=","upper_bound":"OTgwMTcwMzM=","repeats":1},{"count":1088,"lower_bound":"MTAwNTgyMjIy","upper_bound":"MTEyNzA0MDE4","repeats":1},{"count":1096,"lower_bound":"MTIwNTAzNDUw","upper_bound":"MTI4ODczNDQ2","repeats":1},{"count":1104,"lower_bound":"MTMzMzQ2ODAx","upper_bound":"MTQzNTQ1MTI1","repeats":1},{"count":1112,"lower_bound":"MTQ0ODkyODk0","upper_bound":"MTQ4Njg4MzQ0","repeats":1},{"count":1120,"lower_bound":"MTU0MDczNTIx","upper_bound":"MTY5NzMxMDEy","repeats":1},{"count":1128,"lower_bound":"MTcyODMwNzk4","upper_bound":"MTg2ODk4NTUz","repeats":1},{"count":1136,"lower_bound":"MTkxNjY5MDM0","upper_bound":"MTk4NzYyNTM3","repeats":1},{"count":1144,"lower_bound":"MjAzODI3OTUw","upper_bound":"MjEzNzIxMTk1","repeats":1},{"count":1152,"lower_bound":"MjE0NzEzNDAw","upper_bound":"MjI3NzE5OTUy","repeats":1},{"count":1160,"lower_bound":"MjMzMzE3MzUx","upper_bound":"MjQwNjAxMTA4","repeats":1},{"count":1168,"lower_bound":"MjQyMzIzMzA0","upper_bound":"Mjc1ODY1OTM5","repeats":1},{"count":1176,"lower_bound":"MjgyOTIyNDk4","upper_bound":"MjkwNDE2NTEz","repeats":1},{"count":1184,"lower_bound":"MzAwMDkxOTg0","upper_bound":"MzA4OTk1NjY2","repeats":1},{"count":1192,"lower_bound":"MzEwOTEwMTIx","upper_bound":"MzMwODg4NjE0","repeats":1},{"count":1200,"lower_bound":"MzMxNTQ1MjYz","upper_bound":"MzQyMTQ2Mzk5","repeats":1},{"count":1208,"lower_bound":"MzQ0MTQ4Mzcw","upper_bound":"MzUxNTU2NDY3","repeats":1},{"count":1216,"lower_bound":"MzU4OTQxMjI3","upper_bound":"MzY1MDU0MDc3","repeats":1},{"count":1224,"lower_bound":"MzY2ODk2ODA1","upper_bound":"Mzc2MjY5MDIz","repeats":1},{"count":1232,"lower_bound":"Mzc2NTU0NTE5","upper_bound":"MzkzMTg5ODM2","repeats":1},{"count":1240,"lower_bound":"NDAwNDU4ODAz","upper_bound":"NDIzODIxMzE1","repeats":1},{"count":1248,"lower_bound":"NDI2Mzg4OTYx","upper_bound":"NDMyMDIxMzYw","repeats":1},{"count":1256,"lower_bound":"NDM0MDY4MDQx","upper_bound":"NDQ1NjQzNzI2","repeats":1},{"count":1264,"lower_bound":"NDUxODEyMzI5","upper_bound":"NDc3MzEyNDMx","repeats":1},{"count":1272,"lower_bound":"NDc4NzMwNDQ4","upper_bound":"NDkxNjI4Nzgy","repeats":1},{"count":1280,"lower_bound":"NDkyNDAyODg1","upper_bound":"NTExMzE0Mzk3","repeats":1},{"count":1288,"lower_bound":"NTM4MzMzMjk0","upper_bound":"NTQ0MDAzMjgy","repeats":1},{"count":1296,"lower_bound":"NTQ5NzEzNzE4","upper_bound":"NTY0NzE0MTUz","repeats":1},{"count":1304,"lower_bound":"NTY2OTQ1NDIx","upper_bound":"NTgwMDU0ODky","repeats":1},{"count":1312,"lower_bound":"NTg0MTMyNzk4","upper_bound":"NjAzMTgwNjgx","repeats":1},{"count":1320,"lower_bound":"NjA5NjU0ODYz","upper_bound":"NjI1OTE2ODEx","repeats":1},{"count":1328,"lower_bound":"NjMwNDAzMzQ4","upper_bound":"NjQxMTA1NTAy","repeats":1},{"count":1336,"lower_bound":"NjUxMTk3OTk4","upper_bound":"NjczMDQzNjg4","repeats":1},{"count":1344,"lower_bound":"NjgzMzY0MjY5","upper_bound":"NzA0MTk4MzU1","repeats":1},{"count":1352,"lower_bound":"NzEwNjkxNzcz","upper_bound":"NzMxNjg2Mjgy","repeats":1},{"count":1360,"lower_bound":"NzM0MzM5OTg2","upper_bound":"NzQwMTM4MjE4","repeats":1},{"count":1368,"lower_bound":"NzQyNDc5NjQz","upper_bound":"NzYwMjczOTU1","repeats":1},{"count":1376,"lower_bound":"NzYzNDg5NjEy","upper_bound":"NzcwNDE4Njk3","repeats":1},{"count":1384,"lower_bound":"NzczNDYyMDkw","upper_bound":"Nzk0NTQwMzUz","repeats":1},{"count":1392,"lower_bound":"Nzk3OTkyNzIy","upper_bound":"ODA1MDIzODQy","repeats":1},{"count":1400,"lower_bound":"ODIwNTA1NDcx","upper_bound":"ODI0ODQwNTc5","repeats":1},{"count":1408,"lower_bound":"ODI5MjYxNDcz","upper_bound":"ODQ1NjExOTY3","repeats":1},{"count":1416,"lower_bound":"ODQ4Nzg3NTUx","upper_bound":"ODU0MTg0OTM3","repeats":1},{"count":1424,"lower_bound":"ODYxMjYzMzk3","upper_bound":"ODcwODc1ODI5","repeats":1},{"count":1432,"lower_bound":"ODc0MDgxODU3","upper_bound":"ODgyMDQwNTM0","repeats":1},{"count":1440,"lower_bound":"ODgzMzg1MDcw","upper_bound":"ODk1NjM0MjE4","repeats":1},{"count":1448,"lower_bound":"ODk3OTc4NjA2","upper_bound":"OTE3MjIxOTYw","repeats":1},{"count":1456,"lower_bound":"OTI0MzA3MjY4","upper_bound":"OTM2NzYwNTU4","repeats":1},{"count":1464,"lower_bound":"OTM5MzI3MTA3","upper_bound":"OTczNjczOTcz","repeats":1},{"count":1472,"lower_bound":"OTc0NjMxNjk3","upper_bound":"OTgwMjI2MzYz","repeats":1},{"count":1480,"lower_bound":"OTgxNzIzMzk5","upper_bound":"MTAwNjEyMzg3OA==","repeats":1},{"count":1488,"lower_bound":"MTAwNjk4MjM0MA==","upper_bound":"MTAxNjkwOTQ1Nw==","repeats":1},{"count":1496,"lower_bound":"MTAyNzgzMjk4NQ==","upper_bound":"MTAzODgzOTIxMQ==","repeats":1},{"count":1504,"lower_bound":"MTA0NTA2NjY3Nw==","upper_bound":"MTA1OTQ3MTc4NA==","repeats":1},{"count":1512,"lower_bound":"MTA2MDYzOTAxMA==","upper_bound":"MTA3NjIwMjk4Mg==","repeats":1},{"count":1520,"lower_bound":"MTA3NjIxOTY2MA==","upper_bound":"MTA4NDgwMTMxOQ==","repeats":1},{"count":1528,"lower_bound":"MTA4NTA5NDUzMA==","upper_bound":"MTExNjYyMTE1NA==","repeats":1},{"count":1536,"lower_bound":"MTExODQ0NDM0Ng==","upper_bound":"MTEyMzAxMzk0Mg==","repeats":1},{"count":1544,"lower_bound":"MTEyMzI1Njc3Mw==","upper_bound":"MTEzNDQzOTEwNw==","repeats":1},{"count":1552,"lower_bound":"MTEzNzU5NTk3Nw==","upper_bound":"MTE1ODMyNTI4Mg==","repeats":1},{"count":1560,"lower_bound":"MTE3MzE1NjgzOA==","upper_bound":"MTE4MTk2Njc3OA==","repeats":1},{"count":1568,"lower_bound":"MTE4NzIzODc3Mw==","upper_bound":"MTE5NTcyNDA3Mw==","repeats":1},{"count":1576,"lower_bound":"MTIwMDAyMTExNg==","upper_bound":"MTIxNTI2NjA1Nw==","repeats":1},{"count":1584,"lower_bound":"MTIxNzQ1MzgyMg==","upper_bound":"MTIzNjAyMTcxMQ==","repeats":1},{"count":1592,"lower_bound":"MTIzNjE1OTczNg==","upper_bound":"MTI0NDk4ODg3NQ==","repeats":1},{"count":1600,"lower_bound":"MTI0NzIxOTU4Mw==","upper_bound":"MTI1MTkyNTA0MA==","repeats":1},{"count":1608,"lower_bound":"MTI1MzU5NDAwMw==","upper_bound":"MTI2NDk4MzY1OQ==","repeats":1},{"count":1616,"lower_bound":"MTI2Nzk3Mjg5NQ==","upper_bound":"MTI4MzY5Mzk1Mw==","repeats":1},{"count":1624,"lower_bound":"MTI4NDg5MTg3NQ==","upper_bound":"MTI4ODA5OTA3Ng==","repeats":1},{"count":1632,"lower_bound":"MTI5MDc2Njk4OA==","upper_bound":"MTI5NjgzMjM5NA==","repeats":1},{"count":1640,"lower_bound":"MTI5ODk5NzAxOQ==","upper_bound":"MTMxMTA3NzE3NQ==","repeats":1},{"count":1648,"lower_bound":"MTMxMTgxMTQ1OA==","upper_bound":"MTMyNjQxMDYzNg==","repeats":1},{"count":1656,"lower_bound":"MTMyNzQ4NzI2NA==","upper_bound":"MTM0NTUyNTkwNQ==","repeats":1},{"count":1664,"lower_bound":"MTM1MTU4NDM5MQ==","upper_bound":"MTM3ODIxNjY1MQ==","repeats":1},{"count":1672,"lower_bound":"MTM4MTI3NzAxNw==","upper_bound":"MTM5NTYxMzc0MQ==","repeats":1},{"count":1680,"lower_bound":"MTM5NjIxMzU4Mg==","upper_bound":"MTQyMTE4Mzk2Mw==","repeats":1},{"count":1688,"lower_bound":"MTQyNDY3Nzg3MA==","upper_bound":"MTQyODQ4ODQwOA==","repeats":1},{"count":1696,"lower_bound":"MTQzODk1Mzk2Mg==","upper_bound":"MTQ1MzI2MjQ1NA==","repeats":1},{"count":1704,"lower_bound":"MTQ1NTIxOTg4OQ==","upper_bound":"MTQ1ODk2MjQzOQ==","repeats":1},{"count":1712,"lower_bound":"MTQ1OTAyNTQyNA==","upper_bound":"MTQ3MTk0NDc1MQ==","repeats":1},{"count":1720,"lower_bound":"MTQ3NzM2MDU4OA==","upper_bound":"MTQ4NjMxMTMwMQ==","repeats":1},{"count":1728,"lower_bound":"MTQ4OTQxMTY4Mg==","upper_bound":"MTUwMzg1NzY3OA==","repeats":1},{"count":1736,"lower_bound":"MTUxMDQyOTQ0Mg==","upper_bound":"MTUyMjY5NDgxMg==","repeats":1},{"count":1744,"lower_bound":"MTUyNTY4OTcwMg==","upper_bound":"MTUzODAzODQxNw==","repeats":1},{"count":1752,"lower_bound":"MTU0MDMwNTY5MQ==","upper_bound":"MTU0OTA0NTIxOQ==","repeats":1},{"count":1760,"lower_bound":"MTU1NTcxNTg4MA==","upper_bound":"MTU3MDc5ODAxOQ==","repeats":1},{"count":1768,"lower_bound":"MTU4MTg5MjI1Ng==","upper_bound":"MTU5NTk2NzgzNQ==","repeats":1},{"count":1776,"lower_bound":"MTYwMDA2OTkxOQ==","upper_bound":"MTYwNzkwODYzMg==","repeats":1},{"count":1784,"lower_bound":"MTYxMjAxMTczMw==","upper_bound":"MTYyODk4MTcwMQ==","repeats":1},{"count":1792,"lower_bound":"MTYzMjExNjYzNw==","upper_bound":"MTY1OTM5MzUzNA==","repeats":1},{"count":1800,"lower_bound":"MTY2MDc1NjU2Mw==","upper_bound":"MTY3NDM2Mjc1NA==","repeats":1},{"count":1808,"lower_bound":"MTY4MTExNTUwNw==","upper_bound":"MTY5NDgzODY0MQ==","repeats":1},{"count":1816,"lower_bound":"MTY5NzUxMTY4Mw==","upper_bound":"MTcxNjMxNDQwMQ==","repeats":1},{"count":1824,"lower_bound":"MTcxODgwNzEyNQ==","upper_bound":"MTczODg1NzQ2OA==","repeats":1},{"count":1832,"lower_bound":"MTc0NTgxMzEwMQ==","upper_bound":"MTc2MDQwNTk2MA==","repeats":1},{"count":1840,"lower_bound":"MTc3NTAyNjU0Nw==","upper_bound":"MTc4Mjc0NjAzMg==","repeats":1},{"count":1848,"lower_bound":"MTc4MzQ1NjEwNA==","upper_bound":"MTc5Nzg0NzM3Mg==","repeats":1},{"count":1856,"lower_bound":"MTgwODc1ODc0Mw==","upper_bound":"MTgzOTIxNTkyNw==","repeats":1},{"count":1864,"lower_bound":"MTg0MjM2NzY3OA==","upper_bound":"MTg2NTczNTI3MQ==","repeats":1},{"count":1872,"lower_bound":"MTg2OTI0MzgwOA==","upper_bound":"MTg4MDA5MDcyNA==","repeats":1},{"count":1880,"lower_bound":"MTg4MDQxMDUyNA==","upper_bound":"MTg5MzM0MTAxNw==","repeats":1},{"count":1888,"lower_bound":"MTg5NDg1MjgwOA==","upper_bound":"MTkwMTc2MTE0Ng==","repeats":1},{"count":1896,"lower_bound":"MTkwMjY5ODExMA==","upper_bound":"MTkxMzAxMzYxNg==","repeats":1},{"count":1904,"lower_bound":"MTkxNzEyNzM2MQ==","upper_bound":"MTkyNDYzODUzMg==","repeats":1},{"count":1912,"lower_bound":"MTkyNzQ4MTc4Mw==","upper_bound":"MTkzNjIxMDQzMg==","repeats":1},{"count":1920,"lower_bound":"MTkzNjg3NTA3OA==","upper_bound":"MTk0MjIzNzE4Mw==","repeats":1},{"count":1928,"lower_bound":"MTk0NzIzODc1NA==","upper_bound":"MTk1OTc5MzIzNw==","repeats":1},{"count":1936,"lower_bound":"MTk2ODAzODM5NA==","upper_bound":"MTk3ODgzOTc4NA==","repeats":1},{"count":1944,"lower_bound":"MTk5NjU1MTUzNQ==","upper_bound":"MjAxODYxNDMzOQ==","repeats":1},{"count":1952,"lower_bound":"MjAyMTQ0MTgyMA==","upper_bound":"MjAzNDg2NTIxMg==","repeats":1},{"count":1960,"lower_bound":"MjAzNzcwMDQzNg==","upper_bound":"MjA1MTEzNjUxNg==","repeats":1},{"count":1968,"lower_bound":"MjA1MTI0MDEyMw==","upper_bound":"MjA1OTA5NDk2Mw==","repeats":1},{"count":1976,"lower_bound":"MjA4ODc3NTIwMw==","upper_bound":"MjA5NTkzMDY2MQ==","repeats":1},{"count":1984,"lower_bound":"MjEwODkyNzMyNw==","upper_bound":"MjEyNTUxNzM0Ng==","repeats":1},{"count":1992,"lower_bound":"MjEyNTgzODU0MQ==","upper_bound":"MjEzMTgxMDkyOQ==","repeats":1},{"count":2000,"lower_bound":"MjEzMzE5MTMzNw==","upper_bound":"MjE0NjI3NjA4NA==","repeats":1}]},"cm_sketch":{"rows":[{"counters":[0,2,0,0,1,1,4,1,1,0,3,0,0,0,2,2,1,0,1,1,0,1,0,4,3,0,0,0,0,0,0,0,0,2,0,0,1,1,3,1,0,0,0,1,1,2,0,0,0,2,1,2,1,1,0,2,2,1,2,0,0,1,0,0,1,1,3,3,2,0,2,0,2,2,2,3,1,0,1,1,0,1,2,1,0,1,1,0,1,1,0,0,0,0,2,3,1,0,0,0,0,1,3,2,0,1,1,1,2,0,1,0,2,0,1,1,1,2,1,2,1,0,1,1,0,0,1,2,2,2,0,0,0,0,1,2,1,0,2,4,0,2,3,1,1,0,0,0,1,0,1,1,1,1,1,0,2,2,1,1,0,1,0,0,3,3,1,1,0,0,1,1,2,0,3,1,1,0,0,1,4,0,2,1,2,0,1,1,1,2,0,1,1,0,0,2,0,0,0,0,0,2,1,1,4,1,0,1,3,1,0,1,0,0,2,1,2,1,1,1,0,1,0,0,0,1,0,1,1,1,1,0,2,0,3,0,0,0,1,0,0,2,0,1,0,1,0,2,1,1,1,0,0,0,1,1,2,1,0,0,1,3,0,1,2,1,3,1,1,1,2,2,1,1,1,0,0,1,0,3,5,1,1,2,0,2,0,0,1,0,1,1,1,0,1,2,2,0,3,3,1,1,1,1,1,2,0,1,0,0,0,2,3,3,1,0,2,1,1,0,1,1,3,2,0,0,0,1,0,5,3,0,1,1,1,1,1,0,0,0,0,2,3,0,0,0,2,3,1,1,3,2,0,1,2,0,2,2,0,3,0,1,0,0,2,0,0,0,1,1,0,1,0,1,1,0,1,1,1,1,0,1,0,0,2,0,2,1,2,1,1,0,0,0,0,2,0,0,2,0,0,1,0,0,1,1,2,0,0,2,2,0,1,2,2,3,0,2,1,0,4,1,5,0,1,1,2,2,0,0,5,1,2,0,1,1,3,3,0,1,2,3,0,1,0,0,2,1,2,0,1,0,1,0,0,2,2,0,1,3,2,1,1,0,1,2,1,0,1,1,0,3,1,1,2,1,2,0,1,0,0,0,2,2,1,3,1,2,1,0,0,0,1,1,0,0,1,0,0,0,1,1,0,0,2,0,1,1,1,0,1,3,1,0,0,3,0,0,3,0,2,0,1,0,1,1,0,3,2,3,1,1,1,0,1,2,0,5,1,1,0,2,0,0,0,0,1,0,1,2,1,2,1,0,1,1,2,1,0,1,4,2,2,3,1,0,0,0,1,1,1,0,2,0,2,2,0,3,0,1,1,0,1,1,1,0,0,2,1,0,1,2,2,2,0,0,1,2,3,0,1,2,2,0,1,3,0,2,0,1,2,1,2,2,0,0,0,2,2,1,0,1,1,0,0,2,1,0,0,1,0,2,3,0,0,3,0,0,1,0,1,1,0,0,5,0,0,0,2,0,3,1,0,1,1,0,2,0,1,0,1,0,1,1,0,0,1,1,1,2,1,0,1,2,0,1,1,0,2,0,1,0,2,3,2,1,3,2,1,0,1,3,3,1,0,1,0,0,1,2,0,0,0,0,1,0,0,1,2,1,2,3,0,1,2,1,0,1,1,0,2,0,0,4,1,1,0,2,1,2,0,1,1,1,4,1,1,0,2,1,1,0,0,0,0,3,2,0,0,1,1,1,0,0,0,1,0,1,1,0,3,1,0,1,2,0,1,2,1,0,0,1,1,0,1,0,4,0,2,2,1,1,1,1,0,1,2,1,1,2,2,1,2,2,1,4,2,1,0,1,3,1,1,1,1,2,1,2,0,0,0,0,0,0,0,0,1,1,1,1,0,0,1,0,0,1,0,0,0,0,1,0,1,1,1,0,3,0,0,0,0,0,1,1,2,0,1,0,0,2,1,0,0,1,1,1,0,3,2,0,0,4,1,1,1,1,2,2,0,0,3,3,0,1,1,0,0,1,2,0,1,2,4,0,0,1,1,1,1,1,3,0,0,1,0,0,1,1,2,3,1,1,3,2,1,2,1,2,0,2,3,1,0,0,0,0,2,1,1,0,5,2,2,0,1,0,1,1,1,1,0,2,0,0,1,0,0,1,0,1,4,0,1,3,1,0,1,0,2,0,1,1,1,0,0,2,2,3,2,0,2,0,1,0,3,2,1,1,0,2,0,1,0,2,1,0,2,3,2,3,1,1,1,0,1,2,2,0,0,3,1,3,0,0,2,0,0,1,0,0,1,1,1,3,2,1,0,0,1,1,0,2,3,1,2,1,2,3,3,2,0,1,1,1,2,2,0,0,0,0,1,0,0,0,2,0,0,1,1,0,0,1,1,0,0,1,0,0,2,1,1,1,1,1,0,6,1,1,0,1,2,0,3,1,1,0,2,1,3,1,2,1,1,0,1,2,0,0,1,1,1,5,2,1,2,1,1,2,1,2,2,0,1,1,0,1,1,0,0,1,4,0,0,0,0,1,1,0,0,2,1,2,0,1,1,0,2,2,0,0,1,0,2,2,1,0,0,0,0,1,2,2,0,1,0,0,1,1,3,0,0,1,1,0,0,2,0,1,0,2,1,2,2,3,0,2,2,0,4,2,2,2,2,1,0,2,0,0,1,0,3,0,0,0,1,0,0,0,0,1,1,1,0,2,1,0,0,2,0,0,0,3,3,0,3,1,1,1,1,1,1,1,3,0,2,0,1,0,1,0,2,1,1,2,1,0,1,4,1,0,0,0,1,0,0,1,1,1,0,0,1,0,1,2,0,1,1,0,2,1,0,0,1,1,1,1,0,0,2,0,0,0,0,1,2,1,2,4,2,1,0,0,3,1,1,1,2,0,1,0,0,2,0,1,1,1,1,0,2,4,0,2,1,3,1,0,1,1,2,2,1,0,1,0,0,0,0,2,1,1,0,0,3,0,2,0,1,1,0,0,1,0,0,0,0,1,0,0,2,0,2,0,1,2,2,2,2,1,2,0,0,0,2,1,0,0,4,0,1,0,0,0,0,1,0,2,1,2,1,0,0,1,2,0,0,0,0,3,0,1,1,0,0,1,2,0,2,2,1,0,1,1,0,3,4,2,0,1,0,0,0,2,0,2,1,0,3,0,0,1,1,1,1,0,1,1,0,1,1,1,1,0,1,0,1,0,2,2,0,0,3,0,1,0,0,1,2,0,0,1,2,0,0,2,1,1,0,0,3,3,1,1,1,2,0,1,2,0,4,1,0,0,2,1,1,1,1,1,0,1,3,1,2,2,1,0,0,1,0,1,1,0,0,2,0,0,1,2,2,2,0,0,0,0,0,0,3,0,0,1,0,1,0,0,2,2,0,2,0,2,1,1,1,0,1,1,1,0,1,3,2,2,2,3,2,0,2,1,2,1,2,1,0,4,1,1,1,1,2,1,2,0,2,1,0,0,0,0,0,2,1,1,3,1,1,2,1,0,0,2,1,1,1,1,0,1,4,2,0,0,2,2,0,2,1,1,0,3,1,0,1,1,0,0,0,3,0,2,1,1,0,0,1,1,2,0,4,2,3,2,1,1,3,1,0,1,2,0,3,1,0,0,0,0,2,0,1,0,1,1,1,0,0,0,2,1,1,1,1,0,1,1,1,0,2,0,0,1,0,1,0,0,2,2,1,0,8,2,0,1,0,2,0,2,1,2,2,0,0,1,2,1,1,1,1,2,1,2,0,1,0,4,2,0,0,0,3,1,1,2,1,2,1,1,0,1,1,0,1,0,1,0,0,0,1,0,1,0,0,4,0,1,0,1,1,1,2,3,0,1,1,0,0,0,1,0,0,0,0,1,1,1,0,3,1,2,2,1,1,1,0,1,1,1,1,1,0,2,0,0,0,2,1,0,0,1,0,1,1,0,2,1,1,0,1,2,0,0,1,0,2,2,4,1,1,1,0,2,5,1,0,1,1,1,1,1,0,0,1,1,2,0,1,0,1,0,0,0,3,3,2,3,1,1,0,2,0,1,1,0,1,1,0,1,1,1,2,1,4,2,1,1,0,1,0,0,2,0,0,0,3,0,1,0,0,3,0,1,3,2,4,0,0,1,0,2,1,1,0,0,1,0,1,2,0,1,2,3,2,4,1,0,3,2,1,0,0,1,0,0,1,0,0,0,1,1,1,3,1,2,0,0,1,1,2,0,0,0,0,1,1,0,1,0,0,2,0,2,0,2,2,0,2,1,1,1,2,1,1,1,0,1,0,0,1,0,2,0,0,1,0,1,0,0,4,0,3,1,2,1,0,1,1,1,1,0,1,1,1,1,0,0,3,0,1,0,1,1,1,0,0,1,1,3,0,0,1,0,0,0,1,1,0,0,1,0,2,1,2,1,2,0,0,0,1,1,1,2,1,0,1,2,2,0,0,1,0,1,0,3,1,1,1,0,0,1,1,0,2,0,0,1,1,1,0,3,1,1,2,1,0,0,0,1,0,0,0,3,0,0,1,0,3,2,0,1,1,2,1,1,0,1,1,1,1,0,0,0,2,1,2,2,0,0,2,1,0,2,1,0,0,2,0,0,0,0,0,0,1,1,2,1,0,1,0,1,0,0,1,0,3,4,0,1,1,0,1,0]},{"counters":[1,3,0,1,2,1,2,1,0,1,1,1,0,1,1,0,2,3,0,0,0,0,2,0,2,0,2,1,0,1,1,3,2,1,2,1,0,2,1,1,1,0,0,1,1,2,0,0,0,2,0,0,2,0,1,0,0,1,0,3,1,2,0,1,2,0,1,0,1,2,1,0,0,0,0,4,0,0,1,1,0,0,2,1,1,1,0,0,1,1,1,1,2,0,0,0,0,0,1,0,1,0,0,3,0,4,3,0,2,2,1,2,4,1,0,0,1,1,0,0,2,1,1,1,2,0,0,0,0,0,2,0,0,0,0,0,1,2,0,2,2,1,1,0,0,2,0,1,4,1,1,2,1,1,2,2,0,0,3,3,1,0,0,2,4,0,0,1,2,0,0,0,0,0,1,2,2,1,0,2,1,1,1,0,0,1,2,1,0,0,0,2,1,1,1,0,0,0,3,0,1,1,1,1,4,0,0,0,0,2,2,1,1,0,0,1,1,1,1,2,0,0,0,0,0,1,0,1,0,3,1,0,0,1,2,1,1,3,0,0,2,0,1,1,1,0,1,0,1,0,2,1,0,3,0,2,2,2,3,1,1,2,1,0,4,1,1,1,1,0,3,0,0,0,1,2,0,0,1,0,2,0,0,2,1,0,2,1,4,1,1,2,2,1,1,0,1,0,1,2,2,0,0,0,3,1,0,1,0,1,0,1,1,0,0,1,0,1,2,2,1,1,1,0,0,3,2,0,1,0,2,0,0,1,0,0,1,0,0,1,0,2,1,1,0,3,0,2,4,0,1,0,1,2,2,2,0,1,0,2,0,0,2,0,0,2,0,1,3,5,0,0,1,0,0,0,0,1,1,0,0,0,0,0,0,1,2,1,3,1,1,1,1,0,0,0,1,1,2,2,1,1,3,1,0,1,0,1,1,0,3,1,3,0,1,0,2,0,0,0,1,1,1,2,3,0,1,2,1,2,2,2,1,1,1,4,1,0,1,2,1,1,0,1,1,1,0,3,2,0,3,0,0,1,0,1,1,0,0,1,1,0,0,2,0,3,1,1,0,1,1,1,0,0,0,1,2,1,0,1,0,0,0,0,1,1,1,0,0,1,1,0,1,2,1,1,2,2,1,2,1,1,0,0,6,1,1,0,1,3,0,0,2,2,2,2,1,1,0,1,1,3,3,1,0,0,2,0,1,3,0,2,0,0,3,1,0,0,2,0,3,0,2,2,1,1,1,1,1,1,2,2,0,1,1,2,3,2,1,0,1,0,0,0,0,0,0,0,0,1,3,1,2,0,2,1,0,0,1,2,1,1,1,1,2,1,0,1,1,1,0,0,4,0,0,1,2,0,1,1,0,1,0,1,1,1,0,1,1,1,2,2,2,3,0,0,1,0,0,1,0,0,1,2,2,0,1,2,1,0,0,1,0,2,0,0,1,1,0,5,1,0,0,0,0,2,0,0,1,2,2,2,0,1,1,0,0,0,0,1,1,1,1,1,1,2,0,0,2,3,1,0,1,1,2,0,0,2,1,2,1,0,2,0,1,1,2,1,0,2,0,1,3,1,1,1,0,2,3,0,0,1,2,1,0,2,1,2,1,2,1,1,0,0,2,1,0,1,2,0,3,1,0,2,0,2,0,0,2,0,1,2,0,0,2,1,0,4,0,0,0,2,0,2,2,2,1,0,0,0,1,1,0,0,0,1,0,1,4,2,3,1,1,3,1,2,0,1,0,0,0,4,1,1,4,0,0,1,1,1,0,2,2,2,0,0,0,1,0,2,1,1,3,0,1,2,2,0,5,0,1,1,1,1,0,3,0,1,0,0,1,1,2,1,0,1,1,0,1,2,0,1,0,1,1,1,2,2,0,1,0,0,0,3,1,2,2,2,1,2,1,2,0,0,1,0,0,1,1,1,1,1,2,0,1,0,0,0,1,3,0,2,0,0,0,0,2,1,0,0,3,0,1,0,2,3,2,2,1,1,3,0,0,2,1,1,1,0,1,0,2,0,1,0,0,1,3,0,2,1,1,1,1,2,2,0,0,1,1,2,0,1,1,1,2,0,1,0,1,0,2,2,2,0,2,0,1,0,4,1,1,1,0,1,1,3,3,1,2,2,0,1,1,1,1,1,0,4,1,0,0,1,1,0,1,1,0,2,0,0,0,4,0,0,4,2,2,0,0,1,0,0,3,1,0,1,1,0,2,0,1,0,3,0,2,1,2,0,2,0,0,1,0,3,1,3,0,2,1,1,0,0,0,0,1,2,1,0,2,0,0,0,2,0,0,3,0,1,0,0,3,0,0,0,0,2,2,1,2,1,0,0,0,1,0,0,1,3,4,1,3,1,2,1,0,2,2,1,0,1,2,0,1,2,0,0,2,5,1,1,3,1,2,0,0,1,1,0,0,0,0,2,1,2,2,0,0,3,1,0,2,1,3,1,1,0,0,0,2,2,1,1,1,0,0,3,4,2,0,2,0,1,0,0,0,2,0,0,2,0,3,1,2,1,1,0,1,1,1,0,1,0,0,0,1,0,2,2,1,2,2,1,1,3,1,0,1,1,0,2,1,0,1,0,2,0,2,1,1,1,1,0,1,1,1,0,1,0,1,0,0,3,0,1,0,0,1,2,1,0,2,1,0,3,1,1,0,1,0,3,1,0,0,4,3,1,0,2,1,0,1,1,2,1,1,1,2,0,1,1,0,1,1,1,1,0,1,1,0,0,2,1,2,1,1,0,0,2,2,1,1,0,1,1,0,1,2,2,2,1,1,0,0,0,1,1,0,0,0,1,2,1,0,1,3,2,4,2,3,0,1,0,0,0,0,0,2,2,0,2,2,0,0,1,1,0,2,1,1,1,1,1,0,0,0,1,1,0,0,0,0,2,2,3,0,1,0,0,1,1,0,0,0,1,0,1,1,0,1,1,1,1,0,1,2,2,2,0,2,0,0,2,1,2,1,0,0,0,0,2,0,2,1,0,0,0,0,2,2,1,2,1,3,2,2,1,1,1,1,0,0,2,0,0,1,1,1,1,1,1,0,1,1,0,3,0,0,1,1,0,3,0,2,1,1,0,1,4,2,0,1,2,3,0,1,1,1,0,2,1,1,1,3,1,1,0,2,0,0,0,2,0,1,1,0,3,2,2,0,0,1,1,1,1,1,1,0,2,1,2,0,1,1,0,2,0,1,0,0,0,1,1,1,1,1,0,1,1,1,5,0,2,2,2,0,1,2,0,0,0,1,0,1,1,1,2,0,2,0,0,0,0,1,1,1,0,0,1,3,3,1,0,0,0,1,1,3,2,3,1,2,1,3,1,1,1,2,1,1,1,0,1,1,1,1,1,0,3,0,2,1,2,0,1,0,2,2,3,0,0,1,3,0,2,0,1,0,1,1,1,1,2,0,2,1,2,1,0,2,3,0,1,2,0,0,1,0,0,2,1,1,0,1,3,0,0,2,2,0,2,1,2,2,2,2,1,1,1,0,0,0,2,2,2,0,1,0,1,1,1,0,0,1,0,0,1,3,2,2,1,1,2,0,1,3,1,1,2,1,1,1,0,0,0,1,0,0,1,1,0,3,2,0,3,0,0,0,1,2,1,1,0,0,1,0,1,0,0,1,1,1,0,0,0,2,2,1,1,0,0,0,2,1,1,0,0,0,0,0,1,1,0,2,0,1,2,0,1,3,0,0,0,2,0,2,4,2,0,3,0,0,1,2,1,0,1,1,0,0,0,0,0,0,0,1,0,0,0,5,0,0,3,3,1,1,1,0,0,1,0,3,2,2,1,0,1,1,1,1,0,1,1,0,0,1,0,1,0,1,1,0,0,2,3,0,0,1,0,0,1,1,0,1,1,0,2,2,0,1,0,0,1,1,0,0,0,0,2,0,0,3,0,1,1,1,0,3,2,1,1,1,0,2,0,1,0,2,1,0,0,2,2,0,0,0,3,0,1,1,0,2,2,1,1,2,0,1,0,1,2,1,0,2,1,0,0,1,1,2,1,1,2,0,2,3,1,1,2,0,0,1,2,0,0,0,1,1,1,0,1,2,1,1,0,1,2,1,0,0,1,0,0,2,3,1,0,2,0,2,2,0,1,0,2,1,1,1,0,1,0,3,0,2,0,2,2,1,0,1,1,0,0,3,1,0,0,2,2,1,2,0,3,1,2,2,0,1,1,4,2,0,1,1,0,2,2,2,0,2,1,1,1,1,1,1,2,1,1,1,1,1,0,1,3,2,1,0,1,0,1,1,2,1,0,3,0,1,0,0,0,0,1,0,2,0,1,1,0,0,0,0,1,3,0,1,3,1,1,1,0,0,4,0,1,0,2,3,1,0,2,4,1,2,2,2,1,2,0,2,1,0,0,1,1,0,1,0,1,1,1,0,0,1,0,1,0,0,3,1,1,0,1,0,2,0,1,0,0,1,1,1,0,0,2,1,0,0,1,1,4,0,1,1,1,0,0,1,3,0,0,1,0,1,4,1,0,0,0,1,3,4,3,0,1,1,0,2,1,1,2,1,3,1,1,4,0,1,0,2,1,0,4,2,0,2,0,0,2,0,0,1,0,3,1,1,1,0,0,1,1,1,1,3,1,1,0,0,2]},{"counters":[1,2,3,1,0,0,0,1,1,1,2,1,1,0,0,1,0,1,0,0,3,2,0,1,0,1,0,0,2,0,0,0,1,1,4,0,1,0,2,1,0,0,0,1,1,1,1,0,0,1,2,2,1,2,0,1,1,0,1,0,0,0,1,2,2,0,0,1,3,0,1,5,1,0,1,1,1,1,1,1,0,1,1,1,3,2,0,2,0,2,1,1,3,0,2,1,1,0,1,2,4,0,0,1,0,3,1,1,0,0,0,1,0,1,3,0,1,0,0,1,1,1,2,1,1,2,1,1,1,1,2,1,1,4,1,1,2,1,1,1,4,3,0,0,2,1,2,0,0,0,1,1,0,0,1,0,2,1,2,0,0,2,0,0,1,1,2,0,1,0,3,1,1,3,0,1,1,0,0,0,1,0,1,0,3,1,0,1,0,1,3,1,2,1,3,1,0,0,2,0,0,2,0,0,0,0,0,3,0,0,0,1,1,0,1,0,1,2,2,0,1,1,1,1,1,1,2,1,1,1,1,0,0,5,2,1,0,1,4,1,1,3,2,2,2,0,0,2,0,1,0,0,0,1,0,0,1,3,0,1,1,1,1,0,0,0,1,1,1,0,1,0,2,0,1,0,0,1,0,0,2,1,1,3,1,1,1,0,1,1,1,0,1,0,0,0,2,1,1,2,3,0,2,0,3,0,0,2,2,2,0,0,0,2,1,1,2,1,2,0,0,1,2,2,3,0,1,0,2,1,2,2,0,1,1,0,3,1,1,1,0,3,0,1,2,0,1,1,0,2,2,2,0,1,1,2,0,1,1,0,0,2,2,3,1,2,3,0,2,0,0,0,0,1,3,0,3,2,1,0,1,1,1,0,0,1,2,0,0,3,1,1,1,0,3,2,3,2,0,0,1,1,0,0,0,1,1,1,0,2,1,1,1,1,2,2,1,1,0,0,1,0,4,2,0,1,0,1,0,1,0,0,0,0,1,1,2,1,0,0,1,0,2,1,1,0,1,3,1,1,1,0,0,0,0,4,0,0,0,2,0,2,3,1,2,2,1,0,1,0,0,0,1,2,2,1,0,2,1,1,0,0,0,1,1,2,1,1,0,0,2,0,1,1,0,1,0,1,0,1,1,1,1,0,0,0,1,0,2,0,1,2,1,1,0,2,1,0,2,0,4,2,1,1,0,1,0,2,5,1,0,0,0,1,1,1,0,2,2,1,1,2,0,0,0,2,1,0,3,1,1,2,1,2,2,0,0,1,1,0,1,1,0,2,1,1,1,0,1,2,1,1,1,0,0,3,2,2,0,1,0,2,1,0,0,0,0,0,1,0,1,1,2,3,0,1,0,5,2,2,0,0,2,1,0,2,2,1,1,0,0,0,0,1,0,3,1,0,2,2,0,1,0,1,1,1,2,1,0,0,0,1,0,0,1,3,0,0,4,0,4,0,0,0,1,0,1,1,0,1,1,1,0,0,1,1,1,1,1,1,0,0,2,0,2,2,3,1,2,0,2,4,1,1,1,1,1,1,3,0,0,0,1,1,0,3,4,0,1,0,0,1,1,0,2,0,2,0,0,0,1,1,0,0,2,0,1,0,1,1,2,1,1,1,2,3,0,0,0,0,0,0,1,0,0,0,1,0,1,0,2,0,0,1,4,1,2,1,2,1,0,0,0,1,0,0,0,2,0,2,0,0,1,0,2,4,2,1,0,0,1,0,2,0,2,0,1,1,0,2,4,1,1,2,0,0,1,2,3,0,2,3,3,0,0,1,2,1,3,3,1,1,0,0,2,0,1,1,0,1,3,0,0,0,0,0,1,1,0,0,1,1,2,0,1,0,0,5,2,1,0,1,0,0,2,1,1,1,1,0,1,1,1,0,2,2,0,0,0,0,0,0,0,1,1,2,1,0,1,1,1,0,0,0,1,2,1,5,0,4,0,1,1,1,1,1,0,0,3,1,0,1,1,3,5,0,0,1,0,0,1,1,0,1,0,0,1,1,1,0,0,1,0,1,1,0,2,0,1,0,0,1,3,2,1,1,2,1,0,1,0,0,1,1,1,0,0,1,2,0,1,0,0,1,0,1,0,0,0,1,0,0,1,1,4,1,2,0,2,3,1,0,1,3,1,1,0,1,2,1,1,0,2,0,0,1,0,1,4,2,1,1,1,2,1,1,1,0,1,2,0,0,2,1,1,1,0,0,0,0,0,1,3,2,2,1,2,0,1,1,1,0,0,1,0,0,2,0,0,1,2,2,1,2,1,0,0,0,2,0,1,0,1,1,0,5,1,0,0,2,1,1,1,1,0,0,2,3,2,1,0,1,1,0,0,3,0,1,4,2,0,0,0,1,1,2,0,0,1,1,2,2,2,1,1,1,2,1,4,1,0,3,1,1,1,3,2,1,1,0,1,0,1,1,0,0,0,0,2,2,1,2,1,1,1,2,1,0,1,2,0,0,0,1,0,1,1,1,0,1,2,2,3,0,0,3,1,2,2,1,2,0,1,1,0,4,1,0,1,0,0,2,1,0,1,2,1,1,2,0,0,1,2,1,1,1,2,1,2,0,1,1,0,0,0,1,0,2,1,1,1,3,3,2,3,1,1,0,1,1,1,0,3,2,0,2,0,0,1,0,0,1,0,0,3,0,2,1,0,0,0,1,1,0,0,4,0,0,2,1,2,2,0,0,1,1,0,0,1,1,1,0,0,1,0,0,0,0,1,0,0,0,2,1,0,1,1,0,0,1,1,1,0,3,1,1,1,0,1,3,0,1,1,1,1,1,0,1,1,1,0,0,1,0,0,0,0,1,2,0,1,1,1,0,1,2,1,1,0,1,0,2,2,1,1,0,0,0,1,0,0,1,3,1,0,2,1,0,1,0,0,0,0,0,2,1,0,1,0,1,0,1,1,1,1,2,3,2,0,1,0,0,0,0,3,1,1,0,0,1,1,2,3,1,1,2,1,1,0,2,1,1,1,3,1,1,2,0,0,0,2,1,0,1,1,1,0,1,0,1,1,0,1,1,0,2,0,1,1,0,0,1,0,2,1,1,1,0,0,1,2,0,1,2,0,1,1,0,0,0,1,1,1,1,2,5,1,0,0,1,0,0,1,0,0,0,2,5,3,0,0,1,0,2,1,0,2,0,0,0,0,3,2,1,0,2,1,1,1,4,1,1,0,0,1,1,2,0,1,0,2,0,1,0,1,1,0,0,2,4,0,1,0,1,1,1,2,0,3,1,1,1,2,0,1,0,0,1,2,1,2,1,1,0,2,0,2,1,2,3,0,1,1,2,0,1,0,1,0,2,0,1,1,0,2,1,1,3,0,1,2,0,1,0,2,2,5,0,2,0,4,0,1,2,1,2,2,0,0,2,2,1,1,4,0,0,1,0,1,0,0,0,0,1,2,2,3,0,1,0,0,3,1,1,0,0,3,1,0,0,0,1,2,2,1,1,2,2,2,1,3,0,2,1,0,1,0,0,1,0,1,2,1,1,1,1,1,0,2,0,0,1,2,2,1,0,2,2,2,1,3,0,1,0,2,3,1,1,1,0,0,0,1,0,5,0,1,1,3,0,0,1,3,0,1,3,1,1,0,1,1,0,1,0,0,2,2,0,3,0,2,0,1,1,1,3,3,2,0,0,1,1,0,0,1,0,1,1,0,0,2,1,1,1,1,3,2,0,2,2,3,0,1,0,2,2,2,1,2,0,1,2,2,0,0,0,3,1,0,1,0,0,0,1,2,0,1,1,1,0,0,1,0,2,2,0,3,2,1,1,1,0,1,0,3,1,0,1,0,2,0,3,2,0,2,0,1,2,2,0,0,1,2,1,0,1,0,0,1,1,1,1,2,1,2,0,0,1,0,2,0,1,1,0,0,3,3,3,3,0,0,0,0,2,1,2,0,0,0,0,1,2,0,1,1,1,0,0,0,0,0,0,1,2,1,1,1,0,3,0,1,0,1,1,0,1,1,1,1,1,1,1,0,2,2,3,1,1,0,1,1,2,1,0,4,2,0,0,1,2,2,2,1,2,0,0,1,0,0,1,0,3,0,2,2,3,2,1,1,0,2,1,1,0,1,1,0,4,1,0,1,0,1,0,1,1,2,1,0,0,1,2,2,0,1,0,0,2,4,0,4,5,1,2,1,0,1,2,2,1,1,3,1,0,0,0,0,1,1,1,0,0,0,0,1,3,1,0,1,2,2,1,1,0,2,2,4,2,1,2,0,2,1,0,1,0,0,1,1,1,0,1,1,1,4,0,2,0,2,3,1,1,0,1,1,1,1,0,2,0,1,1,0,0,1,0,1,2,1,3,0,1,1,3,0,0,2,1,0,0,1,2,2,1,2,0,2,1,1,2,1,1,1,1,1,3,3,1,1,1,2,1,2,0,2,1,0,2,1,1,0,1,1,1,1,1,0,0,0,0,0,2,2,1,1,2,0,1,1,0,0,2,2,1,2,1,0,2,1,0,2,1,0,0,4,1,0,0,0,0,2,1,0,3,1,0,1,2,1,4,0,1,0,0,0,0,1,0,1,1,1,0,2,0,1,2,0,1,1,0,2,0,0,3,0,2,0,0,1,0,0,0,2,0,0,1,0,1]},{"counters":[0,0,0,0,1,1,0,2,0,0,0,0,1,1,1,3,2,0,0,0,1,1,0,0,3,1,3,0,2,1,0,1,0,2,0,0,3,1,0,0,1,2,0,3,2,2,2,2,1,1,1,1,1,0,0,0,2,2,0,2,0,0,0,1,3,0,1,2,1,0,0,3,0,1,1,2,0,0,0,0,0,1,2,0,1,2,2,2,0,0,2,2,1,0,0,0,2,1,0,0,0,1,1,0,0,1,0,2,0,1,0,5,0,1,0,0,0,1,3,1,0,0,0,0,1,1,3,2,3,3,1,2,1,1,0,1,0,0,2,0,1,1,1,0,2,0,0,0,1,0,2,1,4,0,1,3,1,0,1,0,0,0,2,1,0,1,0,0,2,3,1,0,2,1,3,1,2,0,1,1,1,2,2,1,1,0,3,2,0,0,0,1,2,4,2,0,0,0,1,1,0,0,2,1,1,1,0,1,0,0,1,0,0,1,0,0,0,1,3,3,1,2,0,1,0,1,1,3,1,0,0,2,0,1,4,1,0,1,0,1,1,2,0,0,0,0,4,0,1,0,3,1,2,2,1,2,1,0,2,1,4,0,1,1,0,0,2,1,1,2,3,0,1,3,1,1,1,1,1,0,1,2,1,0,0,2,3,0,0,2,1,0,0,0,0,0,1,1,0,0,1,2,0,1,1,0,1,3,1,0,2,1,2,0,2,1,0,4,0,1,0,0,2,2,1,1,0,3,4,2,1,0,0,1,1,1,2,1,2,0,1,0,1,0,1,2,1,1,2,0,2,2,1,1,3,0,1,0,0,0,1,2,0,0,1,1,3,1,1,0,0,0,1,1,2,2,0,1,1,2,0,2,0,1,1,0,1,1,0,2,1,1,1,0,1,1,2,0,1,2,0,1,0,0,1,0,1,1,1,1,0,1,0,1,0,0,2,1,1,2,0,1,0,1,0,2,0,1,1,2,2,2,0,1,1,1,0,0,0,2,1,1,1,0,0,0,1,1,0,1,1,1,0,0,2,0,2,2,2,0,1,1,0,0,0,3,0,1,0,1,2,0,0,1,0,1,1,0,2,1,2,1,2,2,1,1,2,0,1,0,1,2,0,2,0,0,3,2,1,2,2,0,1,1,1,0,1,3,4,2,2,0,1,1,1,1,0,0,3,0,2,3,1,0,2,1,0,1,0,1,2,0,2,1,1,0,0,0,2,1,1,2,4,0,0,2,1,2,1,0,0,1,0,2,0,1,2,2,1,0,1,1,0,0,4,1,2,2,1,1,3,0,3,0,0,2,3,2,0,2,0,1,1,0,1,1,1,2,1,0,2,0,2,1,1,0,3,1,0,3,0,1,0,0,0,2,2,3,0,0,0,0,1,0,2,0,2,0,1,1,2,2,1,1,2,2,1,2,0,1,0,0,4,0,2,0,0,0,0,1,0,1,1,0,3,1,2,1,5,0,0,0,0,1,0,2,2,2,3,2,1,1,3,2,0,0,2,1,0,1,1,0,2,0,2,0,3,2,0,1,1,1,0,1,2,0,0,2,1,1,2,0,0,1,1,1,3,1,0,1,1,2,0,1,0,3,1,0,0,0,0,3,0,0,2,1,2,1,1,0,0,2,2,1,2,2,0,0,0,0,0,0,1,0,0,0,3,1,0,1,0,0,0,0,2,0,3,0,4,1,1,1,3,2,1,0,0,0,1,1,0,1,0,3,0,0,2,1,2,2,1,3,0,0,0,1,1,2,1,1,1,1,0,1,0,0,1,1,1,0,3,3,1,0,1,1,1,0,1,1,3,0,0,1,0,5,0,0,0,1,1,0,1,1,2,0,0,1,0,0,1,3,0,3,0,0,2,1,1,2,2,0,4,1,0,3,1,4,4,0,2,0,1,2,0,0,1,1,0,1,1,2,0,2,1,0,0,0,1,1,0,0,0,0,0,0,1,0,3,1,3,2,1,0,1,0,2,0,3,0,0,2,1,1,1,0,0,0,0,1,3,3,0,0,1,3,0,2,3,0,0,0,2,0,0,0,1,1,0,1,0,1,2,1,1,0,1,1,0,1,2,0,1,1,0,1,1,0,2,1,3,0,1,2,0,0,1,1,1,2,2,0,0,4,1,1,1,2,0,0,0,0,1,1,0,2,2,1,1,0,0,1,4,1,1,2,1,2,1,1,0,4,1,2,1,0,0,0,1,3,0,1,1,1,2,1,0,1,1,0,2,2,0,1,0,0,0,2,1,3,1,2,2,0,0,1,1,0,1,3,1,1,1,0,1,0,1,3,1,1,1,1,0,1,1,0,0,2,2,0,0,3,1,0,2,0,0,2,0,2,1,1,0,0,0,2,2,0,1,3,2,1,0,3,0,0,0,0,0,1,2,0,0,0,0,1,1,1,0,4,1,0,0,0,0,1,1,1,1,1,1,1,1,2,0,0,0,1,1,1,0,1,0,0,2,2,1,1,1,0,2,2,0,0,1,1,0,3,1,1,1,0,0,4,2,1,1,1,2,0,1,0,1,0,0,1,0,1,1,1,1,1,0,0,0,1,1,0,2,1,0,2,0,0,1,0,2,1,0,1,0,2,2,1,0,2,0,1,2,0,5,1,3,0,0,0,1,1,0,0,0,0,0,1,3,2,1,2,1,1,0,1,0,1,2,0,2,0,2,0,1,2,0,1,0,1,2,1,0,2,0,1,0,0,3,0,3,0,2,0,0,0,1,1,1,0,0,0,3,1,1,1,2,1,1,1,0,0,1,1,0,1,1,1,2,1,0,0,2,0,3,0,2,1,0,1,1,1,0,2,0,3,0,0,1,1,2,2,0,3,1,1,1,2,0,0,2,0,0,0,1,2,1,0,1,1,2,0,0,0,0,3,0,0,0,2,3,0,1,0,0,1,2,2,1,0,1,1,0,1,0,1,1,2,2,1,2,0,1,1,3,1,1,1,0,1,1,1,0,0,0,2,0,1,1,1,0,3,0,2,2,0,1,1,0,0,3,2,0,1,1,0,1,2,0,0,1,1,0,1,1,3,0,2,1,0,2,0,1,2,1,3,2,3,1,0,1,3,1,1,1,4,1,1,0,0,0,2,0,1,0,3,0,0,2,2,1,1,4,0,2,0,0,2,2,1,1,0,1,1,3,2,3,0,1,0,2,1,2,1,2,0,2,2,1,1,0,0,0,3,2,0,3,1,2,2,1,0,0,1,1,0,2,2,3,1,1,1,3,0,2,2,4,1,2,0,0,2,2,1,0,2,0,1,0,5,2,0,0,0,0,0,1,0,1,0,1,1,1,2,1,2,0,0,0,0,0,0,2,1,0,1,0,1,2,0,0,0,0,0,0,1,3,2,1,0,1,1,1,1,1,0,0,1,1,1,1,0,1,2,0,1,1,0,0,0,1,2,0,1,1,0,3,2,1,1,2,1,2,1,0,2,1,0,1,0,0,1,0,2,4,1,0,1,0,1,2,0,1,2,0,0,1,0,3,0,1,1,1,0,2,0,0,0,1,2,0,0,1,1,1,1,1,0,4,3,0,2,2,0,2,2,4,3,2,2,1,1,1,1,2,3,0,2,1,2,0,1,0,3,0,1,2,0,1,1,2,0,4,1,1,1,1,0,0,0,0,1,1,1,0,0,2,0,1,1,0,1,1,1,3,1,1,1,0,1,0,1,0,1,1,2,2,0,0,1,1,1,0,1,2,3,1,1,0,0,0,0,0,0,0,0,1,0,0,1,1,0,1,2,3,1,0,0,0,1,1,1,0,0,1,0,1,1,0,1,1,2,1,3,1,1,0,1,0,1,1,1,1,1,1,1,0,0,0,1,0,2,1,2,0,0,1,1,2,0,0,1,1,1,0,0,0,3,1,1,2,2,2,1,0,2,0,2,1,1,0,1,2,1,0,0,1,0,0,1,1,0,2,1,0,2,1,2,3,2,2,1,0,1,1,1,4,1,3,1,0,3,0,4,0,0,1,2,3,1,2,0,1,0,1,1,1,0,1,3,2,1,1,0,2,2,1,0,0,0,1,2,0,1,2,1,1,1,0,1,2,0,2,0,4,3,0,0,1,2,2,2,2,0,0,1,1,1,1,0,1,1,1,1,1,1,0,2,1,1,0,1,2,0,3,0,3,2,0,0,0,0,0,0,0,0,0,2,4,0,0,2,2,0,0,0,2,0,1,1,0,0,0,1,1,1,0,0,2,3,0,1,0,0,0,4,1,0,0,1,4,5,1,0,1,0,1,2,3,1,2,0,2,1,0,1,0,0,2,0,0,1,0,0,0,0,2,1,2,1,1,2,1,1,0,0,1,0,3,3,2,1,0,1,2,0,0,0,4,1,0,0,1,2,3,0,4,1,1,0,1,0,1,1,1,0,1,2,0,2,0,0,0,1,2,1,0,2,2,0,0,0,1,1,0,1,1,1,0,0,2,2,1,1,1,1,0,0,1,2,1,3,1,0,2,0,0,3,2,1,0,1,0,1,0,2,1,2,2,0,0,2,1,0,0,0,0,1,0,1,0,4,2,1,2,0,0,0,1,0,1,3,2,0,0,0,0,0,2,1,0,0,0,1,0,0,0,0,2,4,1,1]},{"counters":[3,0,2,0,0,0,1,2,2,1,0,0,0,1,0,1,1,1,0,1,1,0,2,0,1,0,2,0,3,0,0,3,0,0,1,1,0,0,2,0,0,0,0,1,1,2,0,0,0,0,3,1,1,1,2,0,1,1,1,2,2,0,2,1,1,0,1,1,2,1,1,0,0,2,0,0,0,2,1,1,1,0,1,2,3,0,1,1,0,2,0,2,1,1,0,1,0,1,2,1,1,1,1,1,2,0,1,3,0,2,0,1,1,2,2,1,0,0,1,0,1,0,0,4,2,3,1,0,1,3,2,0,1,1,1,1,2,1,2,2,1,0,1,0,2,3,0,0,0,0,1,1,0,0,0,0,1,0,1,1,1,0,0,1,1,0,1,0,0,0,1,1,1,2,1,0,1,1,1,0,2,1,2,0,1,3,0,0,1,0,1,0,0,1,0,1,0,0,1,2,0,1,1,1,0,0,0,1,1,0,1,1,2,1,2,0,1,2,2,0,0,1,0,0,2,2,4,2,1,1,4,1,0,0,1,1,2,2,0,1,2,0,1,0,1,0,1,1,0,0,1,2,0,2,0,0,0,0,1,2,3,1,0,2,2,0,1,1,0,1,2,2,0,0,0,2,1,0,1,0,0,0,1,1,1,1,1,4,0,0,0,1,1,0,2,1,1,0,1,1,0,2,0,1,1,1,2,1,1,0,0,1,3,1,1,1,3,1,0,0,0,1,3,3,0,1,0,1,1,0,0,1,0,3,1,1,0,0,0,1,6,1,0,1,1,0,1,0,0,0,1,1,0,1,0,1,4,1,1,2,0,1,0,2,3,0,2,0,1,0,0,1,1,3,3,2,1,2,4,1,0,1,0,3,0,1,3,1,1,2,3,2,0,0,1,1,1,1,4,1,0,3,1,1,1,1,0,1,0,2,0,0,1,2,1,0,3,1,0,2,1,2,1,0,2,1,0,0,2,2,0,2,0,0,1,4,0,1,0,1,2,1,1,0,1,2,0,1,1,0,1,4,3,2,2,2,0,1,0,1,0,2,2,0,3,1,1,1,1,0,0,1,1,0,0,1,0,0,0,0,2,0,1,3,0,1,4,3,2,1,1,1,1,0,0,0,1,2,2,1,0,0,0,3,2,2,0,3,2,0,2,1,0,1,0,0,1,1,1,1,0,1,1,1,1,0,0,1,0,0,1,0,0,2,1,1,0,1,2,1,4,1,1,0,1,1,2,0,3,3,3,1,0,0,0,0,1,1,1,1,0,5,2,0,1,1,1,0,2,1,1,0,0,1,3,2,0,0,1,0,0,1,2,0,0,1,1,0,1,0,2,1,0,3,2,0,0,2,0,1,1,0,1,0,1,0,1,2,1,1,1,0,2,1,1,2,2,1,0,3,1,1,2,0,2,1,2,0,0,0,2,1,1,1,2,0,2,1,0,0,0,2,0,1,3,3,1,1,1,0,2,1,0,1,1,0,3,0,1,3,1,1,0,2,2,0,1,1,1,2,0,2,1,2,0,1,2,1,1,1,0,1,0,0,0,0,0,0,2,0,2,0,1,1,1,1,0,1,1,1,1,1,2,2,1,0,0,0,2,1,1,2,0,3,1,0,1,0,0,1,1,1,1,0,1,1,0,0,0,2,1,3,1,0,0,0,1,0,3,1,0,1,1,0,0,2,0,0,0,0,2,1,5,2,1,0,0,0,3,1,1,1,1,0,1,0,0,0,0,1,1,1,0,1,2,3,1,2,0,0,1,0,1,1,0,0,1,2,2,0,1,2,0,2,0,0,1,0,1,1,3,2,0,1,0,1,0,1,3,0,1,0,0,3,2,0,1,1,2,3,2,1,2,1,0,1,1,2,2,0,1,0,1,0,1,0,2,1,1,0,0,1,3,0,0,0,2,0,1,1,1,3,1,2,0,2,0,0,1,0,0,0,1,0,1,0,0,0,0,1,0,1,2,0,1,0,0,0,0,3,2,2,2,0,1,2,0,2,0,1,2,1,2,2,0,2,2,1,0,1,0,0,0,0,2,0,1,4,1,2,1,3,3,0,3,0,0,0,0,0,2,2,0,0,1,0,0,3,1,0,1,1,3,1,0,0,1,1,0,1,1,1,1,0,1,0,2,1,1,0,2,0,3,2,1,1,1,0,0,0,0,0,2,0,1,2,1,1,3,1,2,0,2,2,0,1,4,2,2,2,1,2,3,0,1,0,0,1,1,0,1,1,3,0,0,1,1,1,0,3,1,2,1,0,2,0,0,1,0,0,1,1,1,2,1,1,0,0,3,0,0,1,0,4,0,1,3,1,0,1,2,0,2,1,2,1,1,1,0,1,0,1,3,0,3,1,0,2,1,0,0,3,1,0,3,0,0,1,2,3,2,1,0,1,1,1,1,1,1,2,0,2,1,1,1,2,2,0,2,2,0,0,0,0,1,2,5,1,0,4,0,2,0,2,3,1,0,0,1,0,0,0,1,0,0,3,0,0,1,2,1,1,0,0,2,0,3,1,1,0,0,1,2,0,1,0,0,1,1,2,2,0,0,1,0,0,2,1,0,2,0,1,1,1,0,1,2,1,3,0,0,0,1,3,1,2,2,1,0,0,1,0,2,2,0,3,1,0,0,1,0,6,0,0,1,0,1,0,0,1,1,1,2,2,0,0,0,1,1,0,0,2,0,1,0,1,1,0,1,1,3,1,0,1,0,1,3,2,1,2,2,1,2,1,2,1,0,1,1,1,1,1,0,0,1,3,0,2,3,1,2,0,3,0,2,1,0,0,3,0,1,0,0,0,1,0,0,0,1,0,1,2,0,2,3,4,1,1,1,0,1,0,0,2,1,0,1,0,1,1,1,1,0,3,2,1,0,1,1,1,0,1,0,3,1,2,1,1,1,1,1,0,1,0,1,0,1,1,0,1,0,0,2,1,0,1,0,1,1,2,0,1,0,4,2,2,0,1,0,1,2,0,1,1,1,1,2,1,1,0,0,2,1,2,0,2,1,1,1,0,1,2,0,0,0,1,1,0,0,0,1,0,1,0,2,1,0,0,2,1,2,1,1,2,3,2,1,1,4,1,0,3,0,0,1,1,1,2,2,3,0,1,2,1,1,2,0,1,0,1,1,0,2,0,0,0,6,1,2,3,2,0,5,0,1,1,0,1,1,0,0,0,0,1,0,1,1,0,0,3,0,1,1,0,2,1,0,2,1,3,1,0,0,1,2,0,0,2,0,0,1,1,5,2,1,1,2,1,1,1,0,0,2,1,1,3,1,1,3,0,2,1,1,1,1,2,1,1,2,0,2,0,0,1,2,0,2,1,2,0,0,0,2,0,0,0,2,1,0,1,1,0,2,0,1,0,0,0,4,0,2,0,1,1,1,0,1,2,1,0,3,0,0,0,0,1,1,1,1,0,1,0,1,0,1,2,1,1,1,0,3,0,4,1,0,1,2,0,0,0,0,3,0,2,2,0,0,2,1,3,0,0,2,0,1,0,1,0,1,4,1,0,0,0,2,1,2,1,2,2,1,4,1,1,1,1,0,1,1,0,0,0,0,1,2,1,1,0,0,2,2,1,0,4,0,3,0,2,0,1,1,0,0,1,3,1,2,0,0,0,1,0,2,2,1,2,0,0,0,0,0,0,1,1,1,2,1,1,0,1,1,0,0,1,1,0,4,2,0,1,1,0,1,3,0,0,0,0,2,1,2,0,1,0,2,1,0,1,2,1,1,0,1,2,0,0,0,0,0,3,1,0,0,0,0,0,2,0,0,3,1,0,1,1,0,0,0,1,2,1,1,2,1,0,2,2,0,0,1,1,0,1,1,2,2,0,0,0,2,0,0,0,0,0,0,1,0,1,0,2,1,0,4,0,2,2,0,0,1,0,1,2,1,0,3,1,3,2,2,3,2,0,0,1,0,4,1,2,1,1,0,0,0,2,1,2,0,1,3,0,3,1,2,0,0,3,0,2,0,1,1,0,0,0,0,3,1,0,2,3,1,3,1,0,2,0,1,1,1,1,0,2,0,3,1,0,0,0,1,1,1,0,3,2,2,2,1,2,2,2,1,2,1,0,1,1,1,0,2,0,2,1,1,1,0,1,2,1,0,1,1,3,3,1,0,1,3,0,0,2,0,2,0,0,1,1,1,2,2,0,1,0,0,0,1,1,2,2,0,0,2,2,1,0,1,1,0,1,0,2,0,2,1,2,1,1,0,1,3,0,3,1,0,0,1,0,0,0,0,0,0,1,1,0,4,0,2,2,0,0,1,0,0,1,1,1,2,0,2,2,4,0,0,0,0,0,1,3,1,0,1,0,1,4,0,3,0,3,0,2,2,0,0,0,0,2,1,2,1,0,0,1,3,1,0,0,1,1,2,0,1,1,2,1,1,1,0,3,2,0,1,0,1,1,1,1,1,0,0,0,2,1,0,1,2,4,0,0,1,2,1,0,1,1,2,0,1,1,2,1,1,0,0,0,1,0,0,1,3,0,0,2,4,0,0,0,0,0,0,2,2,1,3,2,2,0,1,0,1,2,0,0,1,1,1,1,1,0,2,1,1,0,3,3,1,0,2,0,1,0,1,1,4,0,1,1,0,1]}]},"null_count":0,"last_update_version":397952045062553600}},"indices":{},"count":2000,"modify_count":0,"version":0}